url,timestamp,status,cmp_vendor,initial_banner_found,accept_all_present,reject_all_present,settings_button_present,settings_button_text,preference_center_accessed,total_purposes_count,pre_ticked_non_essential_count,strictly_necessary_count,purposes_json,compliance_score,error_log,legal_text_summary,vendor_count,data_retention_mentioned,user_rights_mentioned,legitimate_interest_present,purpose_categories,dark_pattern_score,legal_readability_score,has_granular_control,gdpr_article_13_compliance
https://eu.puma.com/ie/en/home,2025-06-22T15:31:17.089402,Success,Onetrust,TRUE,TRUE,FALSE,TRUE,cookies settings,TRUE,17,0,1,"[{""title"": ""checkbox label"", ""is_strictly_necessary"": false, ""is_ticked_by_default"": null}, {""title"": ""Performance Cookies"", ""is_strictly_necessary"": false, ""is_ticked_by_default"": false}, {""title"": ""Performance Cookies"", ""is_strictly_necessary"": false, ""is_ticked_by_default"": null}, {""title"": ""Support"", ""is_strictly_necessary"": false, ""is_ticked_by_default"": null}, {""title"": ""Targeting Cookies"", ""is_strictly_necessary"": false, ""is_ticked_by_default"": null}, {""title"": ""checkbox label"", ""is_strictly_necessary"": false, ""is_ticked_by_default"": null}, {""title"": ""Strictly Necessary Cookies"", ""is_strictly_necessary"": true, ""is_ticked_by_default"": null}, {""title"": ""Targeting Cookies"", ""is_strictly_necessary"": false, ""is_ticked_by_default"": false}, {""title"": ""Other analysis methods for marketing purposes (website tags)"", ""is_strictly_necessary"": false, ""is_ticked_by_default"": null}, {""title"": ""checkbox label"", ""is_strictly_necessary"": false, ""is_ticked_by_default"": null}, {""title"": ""Social Media Cookies"", ""is_strictly_necessary"": false, ""is_ticked_by_default"": false}, {""title"": ""Other analysis methods for marketing purposes (website tags)"", ""is_strictly_necessary"": false, ""is_ticked_by_default"": false}, {""title"": ""checkbox label"", ""is_strictly_necessary"": false, ""is_ticked_by_default"": null}, {""title"": ""Social Media Cookies"", ""is_strictly_necessary"": false, ""is_ticked_by_default"": null}, {""title"": ""Functional Cookies"", ""is_strictly_necessary"": false, ""is_ticked_by_default"": false}, {""title"": ""About PUMA"", ""is_strictly_necessary"": false, ""is_ticked_by_default"": null}, {""title"": ""Functional Cookies"", ""is_strictly_necessary"": false, ""is_ticked_by_default"": null}]",0.45999999999999996,[],"Your Privacy is important to us
Our website by default only uses cookies and similar technology (hereinafter ""Cookies"") for basic website functions/settings. If you want to stay with this default setting, please click “NECESSARY COOKIES ONLY”. You can also change the default setting and allow cookies for comfort and personalization features and/or targeted advertising. To do this, click on “COOKIE SETTINGS” and select the Cookies you want to activate. Subsequently click “CONFIRM MY CHOICES”. By clicking on “ACCEPT ALL COOKIES” you allow cookies for ALL the purposes described in the ""COOKIE SETTINGS"".For more information, see our Privacy Policy. Our website by default only uses cookies and similar technology (hereinafter ""Cookies"") for basic website functions/settings. If you want to stay with this default setting, please click “NECESSARY COOKIES ONLY”. You can also change the default setting and allow cookies for comfort and personalization features and/or targeted advertising. To do this, click on “COOKIE SETTINGS” and select the Cookies you want to activate. Subsequently click “CONFIRM MY CHOICES”. By clicking on “ACCEPT ALL COOKIES” you allow cookies for ALL the purposes described in the ""COOKIE SETTINGS"".For more information, see our Privacy Policy.",0,FALSE,FALSE,FALSE,[],2,0.4303285714285713,TRUE,FALSE
https://www.adobe.com/ie/,2025-06-22T15:31:32.712768,Success,Onetrust,TRUE,TRUE,FALSE,TRUE,"cookie settings
don't enable enable all",TRUE,17,1,0,"[{""title"": ""Personalize advertising"", ""is_strictly_necessary"": false, ""is_ticked_by_default"": false}, {""title"": ""Cookie details\u200e"", ""is_strictly_necessary"": false, ""is_ticked_by_default"": null}, {""title"": ""Personalize advertising"", ""is_strictly_necessary"": false, ""is_ticked_by_default"": null}, {""title"": ""Extend functionality"", ""is_strictly_necessary"": false, ""is_ticked_by_default"": null}, {""title"": ""Operate the site and core services"", ""is_strictly_necessary"": false, ""is_ticked_by_default"": true}, {""title"": ""Select All Vendors"", ""is_strictly_necessary"": false, ""is_ticked_by_default"": null}, {""title"": ""Information storage and access"", ""is_strictly_necessary"": false, ""is_ticked_by_default"": null}, {""title"": ""Select All Vendors"", ""is_strictly_necessary"": false, ""is_ticked_by_default"": null}, {""title"": ""All Consent Allowed"", ""is_strictly_necessary"": false, ""is_ticked_by_default"": null}, {""title"": ""Cookie details\u200e"", ""is_strictly_necessary"": false, ""is_ticked_by_default"": null}, {""title"": ""Extend functionality"", ""is_strictly_necessary"": false, ""is_ticked_by_default"": false}, {""title"": ""Vendor Search"", ""is_strictly_necessary"": false, ""is_ticked_by_default"": null}, {""title"": ""Measure performance"", ""is_strictly_necessary"": false, ""is_ticked_by_default"": null}, {""title"": ""Measure performance"", ""is_strictly_necessary"": false, ""is_ticked_by_default"": false}, {""title"": ""Operate the site and core services"", ""is_strictly_necessary"": false, ""is_ticked_by_default"": null}, {""title"": ""Cookie details\u200e"", ""is_strictly_necessary"": false, ""is_ticked_by_default"": null}, {""title"": ""Cookie details\u200e"", ""is_strictly_necessary"": false, ""is_ticked_by_default"": null}]",0.5,[],"Make It Your Own
Adobe and its vendors use cookies and similar technologies to improve your experience and measure your interactions with our websites, products and services. We also use them to provide you more relevant information in searches and in ads on this and other sites. If that’s okay, click “Enable all"". Clicking “Don’t enable” will set only cookies that are strictly necessary. You can also view our vendors and customize your choices by clicking ""Cookie Settings"". Adobe and its vendors use cookies and similar technologies to improve your experience and measure your interactions with our websites, products and services. We also use them to provide you more relevant information in searches and in ads on this and other sites. If that’s okay, click “Enable all"". Clicking “Don’t enable” will set only cookies that are strictly necessary. You can also view our vendors and customize your choices by clicking ""Cookie Settings"".",0,FALSE,FALSE,FALSE,[],0,0.4893218421052633,TRUE,FALSE
https://www2.hm.com/en_ie/index.html,2025-06-22T15:31:47.964190,Partial,Onetrust,TRUE,TRUE,FALSE,TRUE,only required cookies,TRUE,0,0,0,[],0.26,[],"We use first- and third-party cookies including other tracking technologies from third party publishers to give you the full functionality of our website, customize your user experience, perform analytics and deliver personalized advertising on our websites, apps and newsletters across internet and via social media platforms. For that purpose, we collect information about user, browsing patterns and device.

By clicking “Accept all cookies”, you accept and agree that we share this information with third parties, such as our advertising partners. By choosing ""Only required cookies"", optional cookies are blocked, limiting our delivery of tailored content and features. Click on “Cookie Settings” to customize your options. Visit our Cookie policy to learn more.

Cookie policy",0,FALSE,FALSE,FALSE,[],2,0.2755307017543861,FALSE,FALSE
https://www.rte.ie/,2025-06-22T15:32:34.466101,Failed,None,FALSE,FALSE,FALSE,FALSE,,FALSE,0,0,0,[],0,['Critical error: ReadTimeoutError'],,0,FALSE,FALSE,FALSE,[],0,0,FALSE,FALSE
https://www.did.ie/,2025-06-22T15:34:35.528734,Failed,None,FALSE,FALSE,FALSE,FALSE,,FALSE,0,0,0,[],0,['Critical error: ReadTimeoutError'],,0,FALSE,FALSE,FALSE,[],0,0,FALSE,FALSE
https://www.amazon.ie/,2025-06-22T15:36:36.654841,Partial (Interaction Failed),Cookiebot,TRUE,FALSE,FALSE,FALSE,,FALSE,0,0,0,[],0,['No visible buttons found in banner.'],,0,FALSE,FALSE,FALSE,[],0,0,FALSE,FALSE
https://www.zalando.ie/,2025-06-22T15:37:36.050383,Partial (Interaction Failed),Didomi,TRUE,FALSE,FALSE,FALSE,,FALSE,0,0,0,[],0,['No visible buttons found in banner.'],,0,FALSE,FALSE,FALSE,[],0,0,FALSE,FALSE
https://deliveroo.ie/,2025-06-22T15:38:14.830207,Success,Onetrust,TRUE,TRUE,FALSE,TRUE,customise,TRUE,12,0,1,"[{""title"": ""Analytics Cookies"", ""is_strictly_necessary"": false, ""is_ticked_by_default"": null}, {""title"": ""checkbox label"", ""is_strictly_necessary"": false, ""is_ticked_by_default"": null}, {""title"": ""checkbox label"", ""is_strictly_necessary"": false, ""is_ticked_by_default"": null}, {""title"": ""Analytics Cookies"", ""is_strictly_necessary"": false, ""is_ticked_by_default"": false}, {""title"": ""checkbox label"", ""is_strictly_necessary"": false, ""is_ticked_by_default"": null}, {""title"": ""Functional Cookies"", ""is_strictly_necessary"": false, ""is_ticked_by_default"": false}, {""title"": ""checkbox label"", ""is_strictly_necessary"": false, ""is_ticked_by_default"": null}, {""title"": ""Strictly Necessary Cookies"", ""is_strictly_necessary"": true, ""is_ticked_by_default"": null}, {""title"": ""Advertising Cookies"", ""is_strictly_necessary"": false, ""is_ticked_by_default"": false}, {""title"": ""Functional Cookies"", ""is_strictly_necessary"": false, ""is_ticked_by_default"": null}, {""title"": ""Advertising Cookies"", ""is_strictly_necessary"": false, ""is_ticked_by_default"": null}, {""title"": ""Enter your address to find local restaurants"", ""is_strictly_necessary"": false, ""is_ticked_by_default"": null}]",0.45999999999999996,[],"Cookies
We and our partners use cookies and similar technologies to analyse traffic, tailor and improve our content and services (like showing you great restaurants and shops we’d think you’d like), serve relevant ads and measure their effectiveness on other apps and websites. To help make ads relevant we may also share your data with advertising partners. You can accept, reject or customise our use of such cookies for these purposes, or select ‘Cookies’ in our Sites footer at any time, to choose which cookies we can use. To learn more see our Cookie Policy. We and our partners use cookies and similar technologies to analyse traffic, tailor and improve our content and services (like showing you great restaurants and shops we’d think you’d like), serve relevant ads and measure their effectiveness on other apps and websites. To help make ads relevant we may also share your data with advertising partners. You can accept, reject or customise our use of such cookies for these purposes, or select ‘Cookies’ in our Sites footer at any time, to choose which cookies we can use. To learn more see our Cookie Policy.",0,FALSE,FALSE,FALSE,[],2,0.44919760251322755,TRUE,FALSE
https://www.irishtimes.com/,2025-06-22T15:38:27.582643,Success,Onetrust,TRUE,TRUE,FALSE,TRUE,manage settings,TRUE,39,0,1,"[{""title"": ""checkbox label"", ""is_strictly_necessary"": false, ""is_ticked_by_default"": null}, {""title"": ""Switch Label"", ""is_strictly_necessary"": false, ""is_ticked_by_default"": null}, {""title"": ""Targeting Cookies"", ""is_strictly_necessary"": false, ""is_ticked_by_default"": null}, {""title"": ""IAB Features"", ""is_strictly_necessary"": false, ""is_ticked_by_default"": false}, {""title"": ""Switch Label"", ""is_strictly_necessary"": false, ""is_ticked_by_default"": null}, {""title"": ""Store and/or access information on a device"", ""is_strictly_necessary"": false, ""is_ticked_by_default"": null}, {""title"": ""Switch Label"", ""is_strictly_necessary"": false, ""is_ticked_by_default"": null}, {""title"": ""Switch Label"", ""is_strictly_necessary"": false, ""is_ticked_by_default"": null}, {""title"": ""Actively scan device characteristics for identification11 partners can use this purpose"", ""is_strictly_necessary"": false, ""is_ticked_by_default"": false}, {""title"": ""Switch Label"", ""is_strictly_necessary"": false, ""is_ticked_by_default"": null}, {""title"": ""checkbox label"", ""is_strictly_necessary"": false, ""is_ticked_by_default"": null}, {""title"": ""Performance Cookies"", ""is_strictly_necessary"": false, ""is_ticked_by_default"": false}, {""title"": ""Switch Label"", ""is_strictly_necessary"": false, ""is_ticked_by_default"": null}, {""title"": ""checkbox label"", ""is_strictly_necessary"": false, ""is_ticked_by_default"": null}, {""title"": ""Use precise geolocation data29 partners can use this purpose"", ""is_strictly_necessary"": false, ""is_ticked_by_default"": false}, {""title"": ""Social Media Cookies"", ""is_strictly_necessary"": false, ""is_ticked_by_default"": null}, {""title"": ""Switch Label"", ""is_strictly_necessary"": false, ""is_ticked_by_default"": null}, {""title"": ""Functional Cookies"", ""is_strictly_necessary"": false, ""is_ticked_by_default"": null}, {""title"": ""IAB Special Purposes"", ""is_strictly_necessary"": false, ""is_ticked_by_default"": false}, {""title"": ""Social Media Cookies"", ""is_strictly_necessary"": false, ""is_ticked_by_default"": false}, {""title"": ""Personalised advertising and content, advertising and content measurement, audience research and services development77 partners can use this purpose"", ""is_strictly_necessary"": false, ""is_ticked_by_default"": false}, {""title"": ""Performance Cookies"", ""is_strictly_necessary"": false, ""is_ticked_by_default"": null}, {""title"": ""Switch Label"", ""is_strictly_necessary"": false, ""is_ticked_by_default"": null}, {""title"": ""Switch Label"", ""is_strictly_necessary"": false, ""is_ticked_by_default"": null}, {""title"": ""checkbox label"", ""is_strictly_necessary"": false, ""is_ticked_by_default"": null}, {""title"": ""Switch Label"", ""is_strictly_necessary"": false, ""is_ticked_by_default"": null}, {""title"": ""Switch Label"", ""is_strictly_necessary"": false, ""is_ticked_by_default"": null}, {""title"": ""Targeting Cookies"", ""is_strictly_necessary"": false, ""is_ticked_by_default"": false}, {""title"": ""Store and/or access information on a device68 partners can use this purpose"", ""is_strictly_necessary"": false, ""is_ticked_by_default"": false}, {""title"": ""Switch Label"", ""is_strictly_necessary"": false, ""is_ticked_by_default"": null}, {""title"": ""Strictly Necessary Cookies"", ""is_strictly_necessary"": true, ""is_ticked_by_default"": null}, {""title"": ""Use precise geolocation data"", ""is_strictly_necessary"": false, ""is_ticked_by_default"": null}, {""title"": ""Switch Label"", ""is_strictly_necessary"": false, ""is_ticked_by_default"": null}, {""title"": ""Actively scan device characteristics for identification"", ""is_strictly_necessary"": false, ""is_ticked_by_default"": null}, {""title"": ""Switch Label"", ""is_strictly_necessary"": false, ""is_ticked_by_default"": null}, {""title"": ""Switch Label"", ""is_strictly_necessary"": false, ""is_ticked_by_default"": null}, {""title"": ""Personalised advertising and content, advertising and content measurement, audience research and services development"", ""is_strictly_necessary"": false, ""is_ticked_by_default"": null}, {""title"": ""Switch Label"", ""is_strictly_necessary"": false, ""is_ticked_by_default"": null}, {""title"": ""Functional Cookies"", ""is_strictly_necessary"": false, ""is_ticked_by_default"": false}]",0.6,[],"We value your privacy
We and our 78 partners store and access personal data, like browsing data or unique identifiers, on your device. Selecting I ACCEPT enables tracking technologies to support the purposes shown under we and our partners process data to provide. If trackers are disabled, some content and ads you see may not be as relevant to you. You can resurface this menu to change your choices or withdraw consent at any time by clicking the Cookie Settings link on the bottom of the webpage . Your choices will have effect within our Website. For more details, refer to our Privacy Policy.Cookie Policy
Certain vendors, once consent is provided by you to the storage of information on your device and/or to the access of information already stored on your device, use legitimate interest to further process your personal data.
We and our partners collect and use data
Use precise geolocation data. Actively scan device characteristics for identification. Store and/or access information on a device. Personalised advertising and content, advertising and content measurement, audience research and services development.
List of Partners (vendors) We and our 78 partners store and access personal data, like browsing data or unique identifiers, on your device. Selecting I ACCEPT enables tracking technologies to support the purposes shown under we and our partners process data to provide. If trackers are disabled, some content and ads you see may not be as relevant to you. You can resurface this menu to change your choices or withdraw consent at any time by clicking the Cookie Settings link on the bottom of the webpage . Your choices will have effect within our Website. For more details, refer to our Privacy Policy.Cookie Policy Use precise geolocation data. Actively scan device characteristics for identification. Store and/or access information on a device. Personalised advertising and content, advertising and content measurement, audience research and services development.
List of Partners (vendors)",16,FALSE,TRUE,TRUE,[],0,0.4113132048331415,TRUE,TRUE
https://www.independent.ie/,2025-06-22T15:38:44.918793,Partial (Interaction Failed),Cookiebot,TRUE,FALSE,FALSE,FALSE,,FALSE,0,0,0,[],0,['No visible buttons found in banner.'],,0,FALSE,FALSE,FALSE,[],0,0,FALSE,FALSE
https://www.breakingnews.ie/,2025-06-22T15:39:02.267750,Success,Onetrust,TRUE,TRUE,FALSE,TRUE,manage my settings,TRUE,38,0,1,"[{""title"": ""checkbox label"", ""is_strictly_necessary"": false, ""is_ticked_by_default"": null}, {""title"": ""Strictly Necessary Cookies"", ""is_strictly_necessary"": true, ""is_ticked_by_default"": null}, {""title"": ""Switch Label"", ""is_strictly_necessary"": false, ""is_ticked_by_default"": null}, {""title"": ""Targeting Cookies"", ""is_strictly_necessary"": false, ""is_ticked_by_default"": null}, {""title"": ""Switch Label"", ""is_strictly_necessary"": false, ""is_ticked_by_default"": null}, {""title"": ""Use precise geolocation data27 partners can use this purpose"", ""is_strictly_necessary"": false, ""is_ticked_by_default"": false}, {""title"": ""Store and/or access information on a device"", ""is_strictly_necessary"": false, ""is_ticked_by_default"": null}, {""title"": ""Switch Label"", ""is_strictly_necessary"": false, ""is_ticked_by_default"": null}, {""title"": ""Actively scan device characteristics for identification10 partners can use this purpose"", ""is_strictly_necessary"": false, ""is_ticked_by_default"": false}, {""title"": ""Personalised advertising and content, advertising and content measurement, audience research and services development75 partners can use this purpose"", ""is_strictly_necessary"": false, ""is_ticked_by_default"": false}, {""title"": ""Social Media Cookies"", ""is_strictly_necessary"": false, ""is_ticked_by_default"": false}, {""title"": ""Switch Label"", ""is_strictly_necessary"": false, ""is_ticked_by_default"": null}, {""title"": ""checkbox label"", ""is_strictly_necessary"": false, ""is_ticked_by_default"": null}, {""title"": ""Switch Label"", ""is_strictly_necessary"": false, ""is_ticked_by_default"": null}, {""title"": ""checkbox label"", ""is_strictly_necessary"": false, ""is_ticked_by_default"": null}, {""title"": ""Performance Cookies"", ""is_strictly_necessary"": false, ""is_ticked_by_default"": false}, {""title"": ""Save and communicate privacy choices45 partners can use this purpose"", ""is_strictly_necessary"": false, ""is_ticked_by_default"": null}, {""title"": ""Social Media Cookies"", ""is_strictly_necessary"": false, ""is_ticked_by_default"": null}, {""title"": ""Switch Label"", ""is_strictly_necessary"": false, ""is_ticked_by_default"": null}, {""title"": ""Functional Cookies"", ""is_strictly_necessary"": false, ""is_ticked_by_default"": null}, {""title"": ""Sign up for our newsletter"", ""is_strictly_necessary"": false, ""is_ticked_by_default"": null}, {""title"": ""Performance Cookies"", ""is_strictly_necessary"": false, ""is_ticked_by_default"": null}, {""title"": ""Switch Label"", ""is_strictly_necessary"": false, ""is_ticked_by_default"": null}, {""title"": ""Switch Label"", ""is_strictly_necessary"": false, ""is_ticked_by_default"": null}, {""title"": ""checkbox label"", ""is_strictly_necessary"": false, ""is_ticked_by_default"": null}, {""title"": ""Targeting Cookies"", ""is_strictly_necessary"": false, ""is_ticked_by_default"": false}, {""title"": ""Switch Label"", ""is_strictly_necessary"": false, ""is_ticked_by_default"": null}, {""title"": ""Store and/or access information on a device66 partners can use this purpose"", ""is_strictly_necessary"": false, ""is_ticked_by_default"": false}, {""title"": ""Switch Label"", ""is_strictly_necessary"": false, ""is_ticked_by_default"": null}, {""title"": ""Switch Label"", ""is_strictly_necessary"": false, ""is_ticked_by_default"": null}, {""title"": ""Use precise geolocation data"", ""is_strictly_necessary"": false, ""is_ticked_by_default"": null}, {""title"": ""Functional Cookies"", ""is_strictly_necessary"": false, ""is_ticked_by_default"": false}, {""title"": ""Switch Label"", ""is_strictly_necessary"": false, ""is_ticked_by_default"": null}, {""title"": ""Actively scan device characteristics for identification"", ""is_strictly_necessary"": false, ""is_ticked_by_default"": null}, {""title"": ""Switch Label"", ""is_strictly_necessary"": false, ""is_ticked_by_default"": null}, {""title"": ""Personalised advertising and content, advertising and content measurement, audience research and services development"", ""is_strictly_necessary"": false, ""is_ticked_by_default"": null}, {""title"": ""Switch Label"", ""is_strictly_necessary"": false, ""is_ticked_by_default"": null}, {""title"": ""Switch Label"", ""is_strictly_necessary"": false, ""is_ticked_by_default"": null}]",0.5599999999999999,[],"We value your privacy
We and our 76 partners store and access personal data, like browsing data or unique identifiers, on your device. Selecting ""I Accept"" enables tracking technologies to support the purposes shown under ""we and our partners process data to provide,"" whereas selecting ""Reject All"" or withdrawing your consent will disable them. If trackers are disabled, some content and ads you see may not be as relevant to you. You can resurface this menu to change your choices or withdraw consent at any time by clicking the Cookie Settings link on the bottom of the webpage [or the floating icon on the bottom-left of the webpage, if applicable]. Your choices will have effect within our Website. For more details, refer to our Privacy Policy.Cookie Policy
Certain vendors, once consent is provided by you to the storage of information on your device and/or to the access of information already stored on your deceive, use legitimate interest to further process your personal data.
We and our partners collect and use data
Use precise geolocation data. Actively scan device characteristics for identification. Store and/or access information on a device. Personalised advertising and content, advertising and content measurement, audience research and services development.
List of Partners (vendors) We and our 76 partners store and access personal data, like browsing data or unique identifiers, on your device. Selecting ""I Accept"" enables tracking technologies to support the purposes shown under ""we and our partners process data to provide,"" whereas selecting ""Reject All"" or withdrawing your consent will disable them. If trackers are disabled, some content and ads you see may not be as relevant to you. You can resurface this menu to change your choices or withdraw consent at any time by clicking the Cookie Settings link on the bottom of the webpage [or the floating icon on the bottom-left of the webpage, if applicable]. Your choices will have effect within our Website. For more details, refer to our Privacy Policy.Cookie Policy Use precise geolocation data. Actively scan device characteristics for identification. Store and/or access information on a device. Personalised advertising and content, advertising and content measurement, audience research and services development.
List of Partners (vendors)",15,FALSE,TRUE,TRUE,[],2,0.38679299347061785,TRUE,TRUE
https://www.joe.ie/,2025-06-22T15:39:13.105863,Partial,Quantcast,TRUE,FALSE,FALSE,TRUE,partners,TRUE,0,0,0,[],0.16,[],,0,FALSE,FALSE,FALSE,[],2,0,FALSE,FALSE
https://www.her.ie/,2025-06-22T15:39:52.901593,Partial,Quantcast,TRUE,FALSE,FALSE,TRUE,partners,TRUE,0,0,0,[],0.2,[],,0,FALSE,FALSE,FALSE,[],0,0,FALSE,FALSE
https://www.thejournal.ie/,2025-06-22T15:40:35.286825,Success,Onetrust,TRUE,TRUE,FALSE,TRUE,list of vendors,TRUE,299,0,0,"[{""title"": ""Converge-Digital"", ""is_strictly_necessary"": false, ""is_ticked_by_default"": null}, {""title"": ""Adventive, Inc."", ""is_strictly_necessary"": false, ""is_ticked_by_default"": null}, {""title"": ""Videostori"", ""is_strictly_necessary"": false, ""is_ticked_by_default"": null}, {""title"": ""Clipcentric GmbH"", ""is_strictly_necessary"": false, ""is_ticked_by_default"": null}, {""title"": ""Lacuna"", ""is_strictly_necessary"": false, ""is_ticked_by_default"": null}, {""title"": ""RAAS LAB Ltd"", ""is_strictly_necessary"": false, ""is_ticked_by_default"": null}, {""title"": ""Mobian LLC"", ""is_strictly_necessary"": false, ""is_ticked_by_default"": null}, {""title"": ""Amagi Corporation"", ""is_strictly_necessary"": false, ""is_ticked_by_default"": null}, {""title"": ""Mobian"", ""is_strictly_necessary"": false, ""is_ticked_by_default"": null}, {""title"": ""ViSTARS Inc."", ""is_strictly_necessary"": false, ""is_ticked_by_default"": null}, {""title"": ""Adwise Agency"", ""is_strictly_necessary"": false, ""is_ticked_by_default"": null}, {""title"": ""Yes, I'm going to a concert/match/protest/all-of-the-above"", ""is_strictly_necessary"": false, ""is_ticked_by_default"": null}, {""title"": ""Match and combine data from other data sources85 partners can use this feature"", ""is_strictly_necessary"": false, ""is_ticked_by_default"": null}, {""title"": ""MARKAPP MEDIA LTD"", ""is_strictly_necessary"": false, ""is_ticked_by_default"": null}, {""title"": ""Accurat"", ""is_strictly_necessary"": false, ""is_ticked_by_default"": null}, {""title"": ""Unbounded AB"", ""is_strictly_necessary"": false, ""is_ticked_by_default"": null}, {""title"": ""Bannerse O\u00dc"", ""is_strictly_necessary"": false, ""is_ticked_by_default"": null}, {""title"": ""Sunday Market Media Inc"", ""is_strictly_necessary"": false, ""is_ticked_by_default"": null}, {""title"": ""Nodals AI Ltd"", ""is_strictly_necessary"": false, ""is_ticked_by_default"": null}, {""title"": ""Nitrouppi LTD"", ""is_strictly_necessary"": false, ""is_ticked_by_default"": null}, {""title"": ""The UK Trade Desk Ltd"", ""is_strictly_necessary"": false, ""is_ticked_by_default"": null}, {""title"": ""Sevio Digital Limited"", ""is_strictly_necessary"": false, ""is_ticked_by_default"": null}, {""title"": ""Motorik spolka z ograniczona odpowiedzialnoscia"", ""is_strictly_necessary"": false, ""is_ticked_by_default"": null}, {""title"": ""Index Exchange Inc."", ""is_strictly_necessary"": false, ""is_ticked_by_default"": null}, {""title"": ""Codevelop Technologies GmbH"", ""is_strictly_necessary"": false, ""is_ticked_by_default"": null}, {""title"": ""GeistM Technologies LTD"", ""is_strictly_necessary"": false, ""is_ticked_by_default"": null}, {""title"": ""Content Performance Group GmbH"", ""is_strictly_necessary"": false, ""is_ticked_by_default"": null}, {""title"": ""Bidease Inc"", ""is_strictly_necessary"": false, ""is_ticked_by_default"": null}, {""title"": ""Zillian S.A."", ""is_strictly_necessary"": false, ""is_ticked_by_default"": null}, {""title"": ""Roam B.V - Echo Analytics"", ""is_strictly_necessary"": false, ""is_ticked_by_default"": null}, {""title"": ""AccuWeather"", ""is_strictly_necessary"": false, ""is_ticked_by_default"": null}, {""title"": ""ADMASTERS SOLU\u00c7\u00d5ES DE MARKETING DIGITAL LTDA"", ""is_strictly_necessary"": false, ""is_ticked_by_default"": null}, {""title"": ""NinaData Oy"", ""is_strictly_necessary"": false, ""is_ticked_by_default"": null}, {""title"": ""OpenX"", ""is_strictly_necessary"": false, ""is_ticked_by_default"": null}, {""title"": ""PGAM Media LLC"", ""is_strictly_necessary"": false, ""is_ticked_by_default"": null}, {""title"": ""M6 PUBLICITE"", ""is_strictly_necessary"": false, ""is_ticked_by_default"": null}, {""title"": ""LinkedIn"", ""is_strictly_necessary"": false, ""is_ticked_by_default"": null}, {""title"": ""illuma technology limited"", ""is_strictly_necessary"": false, ""is_ticked_by_default"": null}, {""title"": ""Inspigroup s.r.o."", ""is_strictly_necessary"": false, ""is_ticked_by_default"": null}, {""title"": ""Yes, I live in Dublin"", ""is_strictly_necessary"": false, ""is_ticked_by_default"": null}, {""title"": ""Develop and improve services"", ""is_strictly_necessary"": false, ""is_ticked_by_default"": null}, {""title"": ""Custom Vendors"", ""is_strictly_necessary"": false, ""is_ticked_by_default"": false}, {""title"": ""Bigabid"", ""is_strictly_necessary"": false, ""is_ticked_by_default"": null}, {""title"": ""Store and/or access information on a device"", ""is_strictly_necessary"": false, ""is_ticked_by_default"": null}, {""title"": ""MEDIAVERSE.AI LTD"", ""is_strictly_necessary"": false, ""is_ticked_by_default"": null}, {""title"": ""CRACKLE TECHNOLOGIES PTE. LTD."", ""is_strictly_necessary"": false, ""is_ticked_by_default"": null}, {""title"": ""VICOM SOLUTION LTD"", ""is_strictly_necessary"": false, ""is_ticked_by_default"": null}, {""title"": ""Swipefinder AB"", ""is_strictly_necessary"": false, ""is_ticked_by_default"": null}, {""title"": ""Anonymised"", ""is_strictly_necessary"": false, ""is_ticked_by_default"": null}, {""title"": ""Nowtilus GmbH"", ""is_strictly_necessary"": false, ""is_ticked_by_default"": null}, {""title"": ""Hotjar"", ""is_strictly_necessary"": false, ""is_ticked_by_default"": null}, {""title"": ""Identify devices based on information transmitted automatically"", ""is_strictly_necessary"": false, ""is_ticked_by_default"": null}, {""title"": ""TStack Inc"", ""is_strictly_necessary"": false, ""is_ticked_by_default"": null}, {""title"": ""Opensignal Limited"", ""is_strictly_necessary"": false, ""is_ticked_by_default"": null}, {""title"": ""Aditude, Inc."", ""is_strictly_necessary"": false, ""is_ticked_by_default"": null}, {""title"": ""Your Email (optional)"", ""is_strictly_necessary"": false, ""is_ticked_by_default"": null}, {""title"": ""EliteAppgrade"", ""is_strictly_necessary"": false, ""is_ticked_by_default"": null}, {""title"": ""Low Lag Labs"", ""is_strictly_necessary"": false, ""is_ticked_by_default"": null}, {""title"": ""Understand audiences through statistics or combinations of data from different sources"", ""is_strictly_necessary"": false, ""is_ticked_by_default"": null}, {""title"": ""Optima Network SL"", ""is_strictly_necessary"": false, ""is_ticked_by_default"": null}, {""title"": ""HighVibes Media GmbH"", ""is_strictly_necessary"": false, ""is_ticked_by_default"": null}, {""title"": ""Liftoff"", ""is_strictly_necessary"": false, ""is_ticked_by_default"": null}, {""title"": ""Amplified IntelligenceTechnologies"", ""is_strictly_necessary"": false, ""is_ticked_by_default"": null}, {""title"": ""Teal Digital Group Ltd"", ""is_strictly_necessary"": false, ""is_ticked_by_default"": null}, {""title"": ""Flashtalking"", ""is_strictly_necessary"": false, ""is_ticked_by_default"": null}, {""title"": ""Flexitive"", ""is_strictly_necessary"": false, ""is_ticked_by_default"": null}, {""title"": ""Front Porch, Inc."", ""is_strictly_necessary"": false, ""is_ticked_by_default"": null}, {""title"": ""Legitimate Interest"", ""is_strictly_necessary"": false, ""is_ticked_by_default"": null}, {""title"": ""Bannerse O\u00dc"", ""is_strictly_necessary"": false, ""is_ticked_by_default"": null}, {""title"": ""Mobitech LTD"", ""is_strictly_necessary"": false, ""is_ticked_by_default"": null}, {""title"": ""UAB Xeworks"", ""is_strictly_necessary"": false, ""is_ticked_by_default"": null}, {""title"": ""Cloudflare"", ""is_strictly_necessary"": false, ""is_ticked_by_default"": null}, {""title"": ""MYGARU UKR"", ""is_strictly_necessary"": false, ""is_ticked_by_default"": null}, {""title"": ""Titan Ads"", ""is_strictly_necessary"": false, ""is_ticked_by_default"": null}, {""title"": ""ADFIXUS PTY LTD"", ""is_strictly_necessary"": false, ""is_ticked_by_default"": null}, {""title"": ""Sunteng Hong Kong Holdings Limited"", ""is_strictly_necessary"": false, ""is_ticked_by_default"": null}, {""title"": ""Digital Matter, UAB"", ""is_strictly_necessary"": false, ""is_ticked_by_default"": null}, {""title"": ""NEXT MEDIA SOLUTIONS"", ""is_strictly_necessary"": false, ""is_ticked_by_default"": null}, {""title"": ""Switch Label"", ""is_strictly_necessary"": false, ""is_ticked_by_default"": null}, {""title"": ""Metrike"", ""is_strictly_necessary"": false, ""is_ticked_by_default"": null}, {""title"": ""Gravito Ltd."", ""is_strictly_necessary"": false, ""is_ticked_by_default"": null}, {""title"": ""Meta"", ""is_strictly_necessary"": false, ""is_ticked_by_default"": null}, {""title"": ""Create profiles to personalise content"", ""is_strictly_necessary"": false, ""is_ticked_by_default"": null}, {""title"": ""Switch Label"", ""is_strictly_necessary"": false, ""is_ticked_by_default"": null}, {""title"": ""Beacon Holdings LTD"", ""is_strictly_necessary"": false, ""is_ticked_by_default"": null}, {""title"": ""Drako Media Group Inc."", ""is_strictly_necessary"": false, ""is_ticked_by_default"": null}, {""title"": ""Ideal Media US Inc."", ""is_strictly_necessary"": false, ""is_ticked_by_default"": null}, {""title"": ""OneTag Limited"", ""is_strictly_necessary"": false, ""is_ticked_by_default"": null}, {""title"": ""NexInsight LLC"", ""is_strictly_necessary"": false, ""is_ticked_by_default"": null}, {""title"": ""Triple Lift, Inc."", ""is_strictly_necessary"": false, ""is_ticked_by_default"": null}, {""title"": ""Affle Inc"", ""is_strictly_necessary"": false, ""is_ticked_by_default"": null}, {""title"": ""DISQO"", ""is_strictly_necessary"": false, ""is_ticked_by_default"": null}, {""title"": ""Mercado Livre"", ""is_strictly_necessary"": false, ""is_ticked_by_default"": null}, {""title"": ""Octillion"", ""is_strictly_necessary"": false, ""is_ticked_by_default"": null}, {""title"": ""Switch Label"", ""is_strictly_necessary"": false, ""is_ticked_by_default"": null}, {""title"": ""Ensure security, prevent and detect fraud, and fix errors"", ""is_strictly_necessary"": false, ""is_ticked_by_default"": null}, {""title"": ""GEEMEE INC."", ""is_strictly_necessary"": false, ""is_ticked_by_default"": null}, {""title"": ""ORAKI DIGITAL IRELAND LIMITED"", ""is_strictly_necessary"": false, ""is_ticked_by_default"": null}, {""title"": ""Switch Label"", ""is_strictly_necessary"": false, ""is_ticked_by_default"": null}, {""title"": ""Moving Up S.r.l."", ""is_strictly_necessary"": false, ""is_ticked_by_default"": null}, {""title"": ""EASY TECH GROUP CO., LIMITED"", ""is_strictly_necessary"": false, ""is_ticked_by_default"": null}, {""title"": ""Pixels AI Ltd"", ""is_strictly_necessary"": false, ""is_ticked_by_default"": null}, {""title"": ""iion Digital Pty Ltd"", ""is_strictly_necessary"": false, ""is_ticked_by_default"": null}, {""title"": ""Google Advertising Products"", ""is_strictly_necessary"": false, ""is_ticked_by_default"": null}, {""title"": ""Social Media Cookies"", ""is_strictly_necessary"": false, ""is_ticked_by_default"": false}, {""title"": ""Legitimate Interest"", ""is_strictly_necessary"": false, ""is_ticked_by_default"": null}, {""title"": ""Tenjin"", ""is_strictly_necessary"": false, ""is_ticked_by_default"": null}, {""title"": ""TikTok"", ""is_strictly_necessary"": false, ""is_ticked_by_default"": null}, {""title"": ""Archon Programmatic House FZC"", ""is_strictly_necessary"": false, ""is_ticked_by_default"": null}, {""title"": ""Go See TV Limited"", ""is_strictly_necessary"": false, ""is_ticked_by_default"": null}, {""title"": ""Shanon, Inc."", ""is_strictly_necessary"": false, ""is_ticked_by_default"": null}, {""title"": ""TouchTown Media"", ""is_strictly_necessary"": false, ""is_ticked_by_default"": null}, {""title"": ""IDG Communications, Inc. dba Foundry"", ""is_strictly_necessary"": false, ""is_ticked_by_default"": null}, {""title"": ""VOXELSCOPE LDA"", ""is_strictly_necessary"": false, ""is_ticked_by_default"": null}, {""title"": ""mFilterIt"", ""is_strictly_necessary"": false, ""is_ticked_by_default"": null}, {""title"": ""Social Media Cookies"", ""is_strictly_necessary"": false, ""is_ticked_by_default"": null}, {""title"": ""One email every morning"", ""is_strictly_necessary"": false, ""is_ticked_by_default"": null}, {""title"": ""Refinery89 B.V"", ""is_strictly_necessary"": false, ""is_ticked_by_default"": null}, {""title"": ""Blasto sp.z.o.o."", ""is_strictly_necessary"": false, ""is_ticked_by_default"": null}, {""title"": ""D-EDGE"", ""is_strictly_necessary"": false, ""is_ticked_by_default"": null}, {""title"": ""Publicis One Spain S.L."", ""is_strictly_necessary"": false, ""is_ticked_by_default"": null}, {""title"": ""AnyClip Inc."", ""is_strictly_necessary"": false, ""is_ticked_by_default"": null}, {""title"": ""Ampliffy"", ""is_strictly_necessary"": false, ""is_ticked_by_default"": null}, {""title"": ""INTEGRALSTREAM LTD"", ""is_strictly_necessary"": false, ""is_ticked_by_default"": null}, {""title"": ""Email Address"", ""is_strictly_necessary"": false, ""is_ticked_by_default"": null}, {""title"": ""Use limited data to select advertising"", ""is_strictly_necessary"": false, ""is_ticked_by_default"": null}, {""title"": ""adjoe GmbH"", ""is_strictly_necessary"": false, ""is_ticked_by_default"": null}, {""title"": ""OLYZON"", ""is_strictly_necessary"": false, ""is_ticked_by_default"": null}, {""title"": ""Match and combine data from other data sources"", ""is_strictly_necessary"": false, ""is_ticked_by_default"": null}, {""title"": ""Integral Ad Science (incorporating ADmantX)"", ""is_strictly_necessary"": false, ""is_ticked_by_default"": null}, {""title"": ""AceeX Sp.z.o.o."", ""is_strictly_necessary"": false, ""is_ticked_by_default"": null}, {""title"": ""AdRetriever"", ""is_strictly_necessary"": false, ""is_ticked_by_default"": null}, {""title"": ""Actively scan device characteristics for identification"", ""is_strictly_necessary"": false, ""is_ticked_by_default"": null}, {""title"": ""Brancher.X"", ""is_strictly_necessary"": false, ""is_ticked_by_default"": null}, {""title"": ""Twitter"", ""is_strictly_necessary"": false, ""is_ticked_by_default"": null}, {""title"": ""checkbox label"", ""is_strictly_necessary"": false, ""is_ticked_by_default"": null}, {""title"": ""Deliver and present advertising and content116 partners can use this special purpose"", ""is_strictly_necessary"": false, ""is_ticked_by_default"": null}, {""title"": ""Legitimate Interest"", ""is_strictly_necessary"": false, ""is_ticked_by_default"": null}, {""title"": ""Switch Label"", ""is_strictly_necessary"": false, ""is_ticked_by_default"": null}, {""title"": ""Save and communicate privacy choices"", ""is_strictly_necessary"": false, ""is_ticked_by_default"": null}, {""title"": ""ADBRO (GISTER PRIVATE LIMITED)"", ""is_strictly_necessary"": false, ""is_ticked_by_default"": null}, {""title"": ""Link different devices"", ""is_strictly_necessary"": false, ""is_ticked_by_default"": null}, {""title"": ""Encore Digital Media"", ""is_strictly_necessary"": false, ""is_ticked_by_default"": null}, {""title"": ""TRFFK powered by autoTRADER.ca"", ""is_strictly_necessary"": false, ""is_ticked_by_default"": null}, {""title"": ""Meta"", ""is_strictly_necessary"": false, ""is_ticked_by_default"": null}, {""title"": ""Jobster AdTech B.V."", ""is_strictly_necessary"": false, ""is_ticked_by_default"": null}, {""title"": ""Tapjoy"", ""is_strictly_necessary"": false, ""is_ticked_by_default"": null}, {""title"": ""Octopads"", ""is_strictly_necessary"": false, ""is_ticked_by_default"": null}, {""title"": ""John Lewis & Partners"", ""is_strictly_necessary"": false, ""is_ticked_by_default"": null}, {""title"": ""AdXcel, Inc. dba ArtsAI"", ""is_strictly_necessary"": false, ""is_ticked_by_default"": null}, {""title"": ""Switch Label"", ""is_strictly_necessary"": false, ""is_ticked_by_default"": null}, {""title"": ""Bidmachine"", ""is_strictly_necessary"": false, ""is_ticked_by_default"": null}, {""title"": ""Telekom Deutschland GmbH"", ""is_strictly_necessary"": false, ""is_ticked_by_default"": null}, {""title"": ""TAURUSX INTERNATIONAL PTE. LTD."", ""is_strictly_necessary"": false, ""is_ticked_by_default"": null}, {""title"": ""BIDSCUBE SP. Z O.O"", ""is_strictly_necessary"": false, ""is_ticked_by_default"": null}, {""title"": ""BEAPUP SOLUTIONS LTD"", ""is_strictly_necessary"": false, ""is_ticked_by_default"": null}, {""title"": ""Use precise geolocation data"", ""is_strictly_necessary"": false, ""is_ticked_by_default"": null}, {""title"": ""Performance Cookies"", ""is_strictly_necessary"": false, ""is_ticked_by_default"": false}, {""title"": ""Airtory Inc"", ""is_strictly_necessary"": false, ""is_ticked_by_default"": null}, {""title"": ""Contimo APS"", ""is_strictly_necessary"": false, ""is_ticked_by_default"": null}, {""title"": ""NHNACE"", ""is_strictly_necessary"": false, ""is_ticked_by_default"": null}, {""title"": ""The Neuron Holdings INC"", ""is_strictly_necessary"": false, ""is_ticked_by_default"": null}, {""title"": ""Bluesea Holdings Hong Kong Limited"", ""is_strictly_necessary"": false, ""is_ticked_by_default"": null}, {""title"": ""Pubstack"", ""is_strictly_necessary"": false, ""is_ticked_by_default"": null}, {""title"": ""Domob"", ""is_strictly_necessary"": false, ""is_ticked_by_default"": null}, {""title"": ""SuperAwesome"", ""is_strictly_necessary"": false, ""is_ticked_by_default"": null}, {""title"": ""ADSGO SL d/b/a ESCALAX"", ""is_strictly_necessary"": false, ""is_ticked_by_default"": null}, {""title"": ""Use precise geolocation data60 partners can use this special feature"", ""is_strictly_necessary"": false, ""is_ticked_by_default"": false}, {""title"": ""Switch Label"", ""is_strictly_necessary"": false, ""is_ticked_by_default"": null}, {""title"": ""Publicis Media GmbH"", ""is_strictly_necessary"": false, ""is_ticked_by_default"": null}, {""title"": ""366 SAS"", ""is_strictly_necessary"": false, ""is_ticked_by_default"": null}, {""title"": ""Target Better Inc"", ""is_strictly_necessary"": false, ""is_ticked_by_default"": null}, {""title"": ""Danoler Group SP. Z O.O."", ""is_strictly_necessary"": false, ""is_ticked_by_default"": null}, {""title"": ""DoubleVerify Inc.\u200b"", ""is_strictly_necessary"": false, ""is_ticked_by_default"": null}, {""title"": ""A.Vogel AG"", ""is_strictly_necessary"": false, ""is_ticked_by_default"": null}, {""title"": ""Sabio London Limited"", ""is_strictly_necessary"": false, ""is_ticked_by_default"": null}, {""title"": ""TOPON PTE. LTD."", ""is_strictly_necessary"": false, ""is_ticked_by_default"": null}, {""title"": ""Switch Label"", ""is_strictly_necessary"": false, ""is_ticked_by_default"": null}, {""title"": ""Deliver and present advertising and content"", ""is_strictly_necessary"": false, ""is_ticked_by_default"": null}, {""title"": ""PubMatic, Inc"", ""is_strictly_necessary"": false, ""is_ticked_by_default"": null}, {""title"": ""Adwise - Your Digital Brain"", ""is_strictly_necessary"": false, ""is_ticked_by_default"": null}, {""title"": ""No, I'm staying at home this weekend"", ""is_strictly_necessary"": false, ""is_ticked_by_default"": null}, {""title"": ""Switch Label"", ""is_strictly_necessary"": false, ""is_ticked_by_default"": null}, {""title"": ""Actively scan device characteristics for identification30 partners can use this special feature"", ""is_strictly_necessary"": false, ""is_ticked_by_default"": false}, {""title"": ""Stamp"", ""is_strictly_necessary"": false, ""is_ticked_by_default"": null}, {""title"": ""Switch Label"", ""is_strictly_necessary"": false, ""is_ticked_by_default"": null}, {""title"": ""Soluciones Netquest de Investigaci\u00f3n SLU"", ""is_strictly_necessary"": false, ""is_ticked_by_default"": null}, {""title"": ""gskinner"", ""is_strictly_necessary"": false, ""is_ticked_by_default"": null}, {""title"": ""Personalised advertising and content, advertising and content measurement, audience research and services development178 partners can use this purpose"", ""is_strictly_necessary"": false, ""is_ticked_by_default"": false}, {""title"": ""Necessary Cookies"", ""is_strictly_necessary"": false, ""is_ticked_by_default"": null}, {""title"": ""Ensure security, prevent and detect fraud, and fix errors114 partners can use this special purpose"", ""is_strictly_necessary"": false, ""is_ticked_by_default"": null}, {""title"": ""WURL, LLC"", ""is_strictly_necessary"": false, ""is_ticked_by_default"": null}, {""title"": ""ABCS INSIGHTS"", ""is_strictly_necessary"": false, ""is_ticked_by_default"": null}, {""title"": ""Aflorithmic Labs, LTD"", ""is_strictly_necessary"": false, ""is_ticked_by_default"": null}, {""title"": ""Interactive Performance Deutschland GmbH"", ""is_strictly_necessary"": false, ""is_ticked_by_default"": null}, {""title"": ""Piano"", ""is_strictly_necessary"": false, ""is_ticked_by_default"": null}, {""title"": ""BS Group"", ""is_strictly_necessary"": false, ""is_ticked_by_default"": null}, {""title"": ""targeting360 GmbH"", ""is_strictly_necessary"": false, ""is_ticked_by_default"": null}, {""title"": ""METAX SOFTWARE PTE.LTD."", ""is_strictly_necessary"": false, ""is_ticked_by_default"": null}, {""title"": ""Bedrock Platform Ltd"", ""is_strictly_necessary"": false, ""is_ticked_by_default"": null}, {""title"": ""The Cools Group Inc."", ""is_strictly_necessary"": false, ""is_ticked_by_default"": null}, {""title"": ""Amplified Intelligence"", ""is_strictly_necessary"": false, ""is_ticked_by_default"": null}, {""title"": ""Maxetise AB"", ""is_strictly_necessary"": false, ""is_ticked_by_default"": null}, {""title"": ""Prado Media Ltd."", ""is_strictly_necessary"": false, ""is_ticked_by_default"": null}, {""title"": ""Sahar Media FZE"", ""is_strictly_necessary"": false, ""is_ticked_by_default"": null}, {""title"": ""Transfon Ltd"", ""is_strictly_necessary"": false, ""is_ticked_by_default"": null}, {""title"": ""BIDGENCY GROUP LP"", ""is_strictly_necessary"": false, ""is_ticked_by_default"": null}, {""title"": ""TH Proximity"", ""is_strictly_necessary"": false, ""is_ticked_by_default"": null}, {""title"": ""EDO"", ""is_strictly_necessary"": false, ""is_ticked_by_default"": null}, {""title"": ""Appmonsta Ltd"", ""is_strictly_necessary"": false, ""is_ticked_by_default"": null}, {""title"": ""Legitimate Interest"", ""is_strictly_necessary"": false, ""is_ticked_by_default"": null}, {""title"": ""Pangle DSP"", ""is_strictly_necessary"": false, ""is_ticked_by_default"": null}, {""title"": ""publuence GmbH"", ""is_strictly_necessary"": false, ""is_ticked_by_default"": null}, {""title"": ""GROUPE M6"", ""is_strictly_necessary"": false, ""is_ticked_by_default"": null}, {""title"": ""As soon as new articles come online"", ""is_strictly_necessary"": false, ""is_ticked_by_default"": null}, {""title"": ""Create profiles for personalised advertising"", ""is_strictly_necessary"": false, ""is_ticked_by_default"": null}, {""title"": ""Genius Sports Media Inc."", ""is_strictly_necessary"": false, ""is_ticked_by_default"": null}, {""title"": ""Hurst Group Limited"", ""is_strictly_necessary"": false, ""is_ticked_by_default"": null}, {""title"": ""014 ON"", ""is_strictly_necessary"": false, ""is_ticked_by_default"": null}, {""title"": ""Personalised advertising and content, advertising and content measurement, audience research and services development"", ""is_strictly_necessary"": false, ""is_ticked_by_default"": null}, {""title"": ""VALIUZ"", ""is_strictly_necessary"": false, ""is_ticked_by_default"": null}, {""title"": ""OneLog AG"", ""is_strictly_necessary"": false, ""is_ticked_by_default"": null}, {""title"": ""GameAnalytics ApS"", ""is_strictly_necessary"": false, ""is_ticked_by_default"": null}, {""title"": ""Lemma Media Inc"", ""is_strictly_necessary"": false, ""is_ticked_by_default"": null}, {""title"": ""Measure advertising performance"", ""is_strictly_necessary"": false, ""is_ticked_by_default"": null}, {""title"": ""Adswag B.V."", ""is_strictly_necessary"": false, ""is_ticked_by_default"": null}, {""title"": ""Measure content performance"", ""is_strictly_necessary"": false, ""is_ticked_by_default"": null}, {""title"": ""HONG KONG ZHIONE TECHNOLOGY CO., LIMITED"", ""is_strictly_necessary"": false, ""is_ticked_by_default"": null}, {""title"": ""Functional Cookies"", ""is_strictly_necessary"": false, ""is_ticked_by_default"": false}, {""title"": ""Whistle Feed"", ""is_strictly_necessary"": false, ""is_ticked_by_default"": null}, {""title"": ""Botman Inc"", ""is_strictly_necessary"": false, ""is_ticked_by_default"": null}, {""title"": ""Actively scan device characteristics for identification"", ""is_strictly_necessary"": false, ""is_ticked_by_default"": null}, {""title"": ""Store and/or access information on a device"", ""is_strictly_necessary"": false, ""is_ticked_by_default"": null}, {""title"": ""BrightLine Partners LLC"", ""is_strictly_necessary"": false, ""is_ticked_by_default"": null}, {""title"": ""Serafino Pte. Ltd."", ""is_strictly_necessary"": false, ""is_ticked_by_default"": null}, {""title"": ""AZURE TECH PTY LTD"", ""is_strictly_necessary"": false, ""is_ticked_by_default"": null}, {""title"": ""Adform A/S"", ""is_strictly_necessary"": false, ""is_ticked_by_default"": null}, {""title"": ""LinkedIn Ireland Unlimited Company"", ""is_strictly_necessary"": false, ""is_ticked_by_default"": null}, {""title"": ""GEMINI DIRECT marketing solutions GmbH"", ""is_strictly_necessary"": false, ""is_ticked_by_default"": null}, {""title"": ""Smart Media4U Technology Pte Ltd"", ""is_strictly_necessary"": false, ""is_ticked_by_default"": null}, {""title"": ""Balloon Labs LLC"", ""is_strictly_necessary"": false, ""is_ticked_by_default"": null}, {""title"": ""Krush Media LLC"", ""is_strictly_necessary"": false, ""is_ticked_by_default"": null}, {""title"": ""Message:"", ""is_strictly_necessary"": false, ""is_ticked_by_default"": null}, {""title"": ""MI LI TECHNOLOGY CO., LIMITED"", ""is_strictly_necessary"": false, ""is_ticked_by_default"": null}, {""title"": ""Kuantyx Media Limited"", ""is_strictly_necessary"": false, ""is_ticked_by_default"": null}, {""title"": ""Clipflip Interactive Video Technology GmbH"", ""is_strictly_necessary"": false, ""is_ticked_by_default"": null}, {""title"": ""Intent IQ LLC"", ""is_strictly_necessary"": false, ""is_ticked_by_default"": null}, {""title"": ""ConceptX ApS"", ""is_strictly_necessary"": false, ""is_ticked_by_default"": null}, {""title"": ""DENTSU"", ""is_strictly_necessary"": false, ""is_ticked_by_default"": null}, {""title"": ""Creatives"", ""is_strictly_necessary"": false, ""is_ticked_by_default"": null}, {""title"": ""Blockboard"", ""is_strictly_necessary"": false, ""is_ticked_by_default"": null}, {""title"": ""Ad-Shield, Inc"", ""is_strictly_necessary"": false, ""is_ticked_by_default"": null}, {""title"": ""ProgrammaticX LTD"", ""is_strictly_necessary"": false, ""is_ticked_by_default"": null}, {""title"": ""Ringier AG"", ""is_strictly_necessary"": false, ""is_ticked_by_default"": null}, {""title"": ""KC Connekt Media LTD"", ""is_strictly_necessary"": false, ""is_ticked_by_default"": null}, {""title"": ""Voise Tech Limited"", ""is_strictly_necessary"": false, ""is_ticked_by_default"": null}, {""title"": ""Data Circle"", ""is_strictly_necessary"": false, ""is_ticked_by_default"": null}, {""title"": ""Click Performance GmbH"", ""is_strictly_necessary"": false, ""is_ticked_by_default"": null}, {""title"": ""Link different devices62 partners can use this feature"", ""is_strictly_necessary"": false, ""is_ticked_by_default"": null}, {""title"": ""Twist Digital LTD."", ""is_strictly_necessary"": false, ""is_ticked_by_default"": null}, {""title"": ""JMMOBI INC."", ""is_strictly_necessary"": false, ""is_ticked_by_default"": null}, {""title"": ""Store and/or access information on a device137 partners can use this purpose"", ""is_strictly_necessary"": false, ""is_ticked_by_default"": false}, {""title"": ""OursBlanc"", ""is_strictly_necessary"": false, ""is_ticked_by_default"": null}, {""title"": ""Use precise geolocation data"", ""is_strictly_necessary"": false, ""is_ticked_by_default"": null}, {""title"": ""Use limited data to select content"", ""is_strictly_necessary"": false, ""is_ticked_by_default"": null}, {""title"": ""MULTIMARKET SERVICES PORTUGAL, LDA"", ""is_strictly_necessary"": false, ""is_ticked_by_default"": null}, {""title"": ""HBAgency"", ""is_strictly_necessary"": false, ""is_ticked_by_default"": null}, {""title"": ""Performance Cookies"", ""is_strictly_necessary"": false, ""is_ticked_by_default"": null}, {""title"": ""Save and communicate privacy choices92 partners can use this special purpose"", ""is_strictly_necessary"": false, ""is_ticked_by_default"": null}, {""title"": ""Custom Vendors"", ""is_strictly_necessary"": false, ""is_ticked_by_default"": null}, {""title"": ""Advertising.Tech FZ-LLC"", ""is_strictly_necessary"": false, ""is_ticked_by_default"": null}, {""title"": ""Blue Dawn Marketing Consulting Group S.L."", ""is_strictly_necessary"": false, ""is_ticked_by_default"": null}, {""title"": ""Adforce Digital Intelligence LTDA"", ""is_strictly_necessary"": false, ""is_ticked_by_default"": null}, {""title"": ""Admatic GMBH"", ""is_strictly_necessary"": false, ""is_ticked_by_default"": null}, {""title"": ""Madopi Media"", ""is_strictly_necessary"": false, ""is_ticked_by_default"": null}, {""title"": ""Targeting Cookies"", ""is_strictly_necessary"": false, ""is_ticked_by_default"": null}, {""title"": ""Use profiles to select personalised advertising"", ""is_strictly_necessary"": false, ""is_ticked_by_default"": null}, {""title"": ""THEADX  YAZILIM H\u0130ZMETLER\u0130 SAN.VE T\u0130C.A.\u015e"", ""is_strictly_necessary"": false, ""is_ticked_by_default"": null}, {""title"": ""Admaster Private Limited"", ""is_strictly_necessary"": false, ""is_ticked_by_default"": null}, {""title"": ""Targeting Cookies"", ""is_strictly_necessary"": false, ""is_ticked_by_default"": false}, {""title"": ""Lutkan Bv"", ""is_strictly_necessary"": false, ""is_ticked_by_default"": null}, {""title"": ""Bridgeupp LTD"", ""is_strictly_necessary"": false, ""is_ticked_by_default"": null}, {""title"": ""Nowbetnow"", ""is_strictly_necessary"": false, ""is_ticked_by_default"": null}, {""title"": ""Synamedia"", ""is_strictly_necessary"": false, ""is_ticked_by_default"": null}, {""title"": ""MULTIBRAIN INC."", ""is_strictly_necessary"": false, ""is_ticked_by_default"": null}, {""title"": ""App Samurai Inc"", ""is_strictly_necessary"": false, ""is_ticked_by_default"": null}, {""title"": ""DM3 Concepts B.V."", ""is_strictly_necessary"": false, ""is_ticked_by_default"": null}, {""title"": ""Velonium LTD"", ""is_strictly_necessary"": false, ""is_ticked_by_default"": null}, {""title"": ""Use profiles to select personalised content"", ""is_strictly_necessary"": false, ""is_ticked_by_default"": null}, {""title"": ""Cadent"", ""is_strictly_necessary"": false, ""is_ticked_by_default"": null}, {""title"": ""Identify devices based on information transmitted automatically108 partners can use this feature"", ""is_strictly_necessary"": false, ""is_ticked_by_default"": null}, {""title"": ""Copper6 LTD"", ""is_strictly_necessary"": false, ""is_ticked_by_default"": null}, {""title"": ""Dable"", ""is_strictly_necessary"": false, ""is_ticked_by_default"": null}, {""title"": ""Functional Cookies"", ""is_strictly_necessary"": false, ""is_ticked_by_default"": null}, {""title"": ""Xapads Media Ltd"", ""is_strictly_necessary"": false, ""is_ticked_by_default"": null}, {""title"": ""ESB Connect Limited"", ""is_strictly_necessary"": false, ""is_ticked_by_default"": null}, {""title"": ""Nordic Data Resources AS"", ""is_strictly_necessary"": false, ""is_ticked_by_default"": null}, {""title"": ""myCast TV"", ""is_strictly_necessary"": false, ""is_ticked_by_default"": null}, {""title"": ""Adwatch S.L."", ""is_strictly_necessary"": false, ""is_ticked_by_default"": null}]",0.5599999999999999,[],"Your Cookies. Your Choice.
Cookies help provide our news service while also enabling the advertising needed to fund this work. We categorise cookies as Necessary, Performance (used to analyse the site performance) and Targeting (used to target advertising which helps us keep this service free).
We and our 198 partners store and access personal data, like browsing data or unique identifiers, on your device. Selecting Accept All enables tracking technologies to support the purposes shown under we and our partners process data to provide. If trackers are disabled, some content and ads you see may not be as relevant to you. You can resurface this menu to change your choices or withdraw consent at any time by clicking the Cookie Preferences link on the bottom of the webpage . Your choices will have effect within our Website. For more details, refer to our Privacy Policy.
We and our vendors process data for the following purposes:
Use precise geolocation data. Actively scan device characteristics for identification. Store and/or access information on a device. Personalised advertising and content, advertising and content measurement, audience research and services development.
List of Vendors We and our 198 partners store and access personal data, like browsing data or unique identifiers, on your device. Selecting Accept All enables tracking technologies to support the purposes shown under we and our partners process data to provide. If trackers are disabled, some content and ads you see may not be as relevant to you. You can resurface this menu to change your choices or withdraw consent at any time by clicking the Cookie Preferences link on the bottom of the webpage . Your choices will have effect within our Website. For more details, refer to our Privacy Policy. Use precise geolocation data. Actively scan device characteristics for identification. Store and/or access information on a device. Personalised advertising and content, advertising and content measurement, audience research and services development.
List of Vendors",4255,FALSE,TRUE,FALSE,[],2,0.4241080686929262,TRUE,TRUE
https://www.rsvplive.ie/,2025-06-22T15:40:55.339901,Partial,Cookiebot,TRUE,FALSE,FALSE,TRUE,partners,TRUE,0,0,0,[],0.2,[],,0,FALSE,FALSE,FALSE,[],0,0,FALSE,FALSE
https://www.eir.ie/,2025-06-22T15:41:37.635717,Success,Onetrust,TRUE,TRUE,TRUE,TRUE,cookies settings,TRUE,16,0,2,"[{""title"": ""checkbox label"", ""is_strictly_necessary"": false, ""is_ticked_by_default"": null}, {""title"": ""checkbox label"", ""is_strictly_necessary"": false, ""is_ticked_by_default"": null}, {""title"": ""Targeting Cookies"", ""is_strictly_necessary"": false, ""is_ticked_by_default"": null}, {""title"": ""Functional Cookies"", ""is_strictly_necessary"": false, ""is_ticked_by_default"": null}, {""title"": ""Performance Cookies"", ""is_strictly_necessary"": false, ""is_ticked_by_default"": null}, {""title"": ""checkbox label"", ""is_strictly_necessary"": false, ""is_ticked_by_default"": null}, {""title"": ""Targeting Cookies"", ""is_strictly_necessary"": false, ""is_ticked_by_default"": null}, {""title"": ""Functional Cookies"", ""is_strictly_necessary"": false, ""is_ticked_by_default"": null}, {""title"": ""checkbox label"", ""is_strictly_necessary"": false, ""is_ticked_by_default"": null}, {""title"": ""Strictly Necessary Cookies"", ""is_strictly_necessary"": true, ""is_ticked_by_default"": null}, {""title"": ""Strictly Necessary Cookies"", ""is_strictly_necessary"": true, ""is_ticked_by_default"": null}, {""title"": ""Targeting Cookies"", ""is_strictly_necessary"": false, ""is_ticked_by_default"": null}, {""title"": ""Your Privacy"", ""is_strictly_necessary"": false, ""is_ticked_by_default"": null}, {""title"": ""Functional Cookies"", ""is_strictly_necessary"": false, ""is_ticked_by_default"": null}, {""title"": ""Performance Cookies"", ""is_strictly_necessary"": false, ""is_ticked_by_default"": null}, {""title"": ""Performance Cookies"", ""is_strictly_necessary"": false, ""is_ticked_by_default"": null}]",0.7,[],"eir uses cookies for functionality, performance and marketing purposes. By clicking “Accept All”, you agree to the storing of cookies on your device to enhance your on-site experience and assist in our marketing efforts. We also use cookies to analyse aggregated site usage, which is retained only by eir. To find out more or to opt out of our analytics cookies, visit our Privacy Policy eir uses cookies for functionality, performance and marketing purposes. By clicking “Accept All”, you agree to the storing of cookies on your device to enhance your on-site experience and assist in our marketing efforts. We also use cookies to analyse aggregated site usage, which is retained only by eir. To find out more or to opt out of our analytics cookies, visit our Privacy Policy",0,TRUE,FALSE,FALSE,[],0,0.38934203296703307,TRUE,FALSE
https://www.aerlingus.com/,2025-06-22T15:41:55.533881,Success,Onetrust,TRUE,TRUE,FALSE,TRUE,manage cookies,TRUE,13,0,1,"[{""title"": ""checkbox label"", ""is_strictly_necessary"": false, ""is_ticked_by_default"": null}, {""title"": ""checkbox label"", ""is_strictly_necessary"": false, ""is_ticked_by_default"": null}, {""title"": ""Performance Cookies"", ""is_strictly_necessary"": false, ""is_ticked_by_default"": false}, {""title"": ""First Party Performance Cookies"", ""is_strictly_necessary"": false, ""is_ticked_by_default"": null}, {""title"": ""Performance Cookies"", ""is_strictly_necessary"": false, ""is_ticked_by_default"": null}, {""title"": ""checkbox label"", ""is_strictly_necessary"": false, ""is_ticked_by_default"": null}, {""title"": ""First Party Performance Cookies"", ""is_strictly_necessary"": false, ""is_ticked_by_default"": false}, {""title"": ""Functional Cookies"", ""is_strictly_necessary"": false, ""is_ticked_by_default"": false}, {""title"": ""checkbox label"", ""is_strictly_necessary"": false, ""is_ticked_by_default"": null}, {""title"": ""Functional Cookies"", ""is_strictly_necessary"": false, ""is_ticked_by_default"": null}, {""title"": ""Targeting Cookies"", ""is_strictly_necessary"": false, ""is_ticked_by_default"": null}, {""title"": ""Targeting Cookies"", ""is_strictly_necessary"": false, ""is_ticked_by_default"": false}, {""title"": ""Strictly Necessary"", ""is_strictly_necessary"": true, ""is_ticked_by_default"": null}]",0.45999999999999996,[],"By clicking “Accept All Cookies”, you agree to the storing of cookies on your device which allows us to collect and use data to enhance your browsing experience, analyse traffic, and assist in our marketing efforts. We may also share data with our advertising and social media partners enabling more targeted and personalised advertising. 
For more information see privacy statement and cookie policy. By clicking “Accept All Cookies”, you agree to the storing of cookies on your device which allows us to collect and use data to enhance your browsing experience, analyse traffic, and assist in our marketing efforts. We may also share data with our advertising and social media partners enabling more targeted and personalised advertising. 
For more information see privacy statement and cookie policy.",0,FALSE,FALSE,FALSE,[],2,0.3019650793650794,TRUE,FALSE
https://www.ryanair.com/ie/en,2025-06-22T15:42:06.293634,Success,Unknown/Custom,TRUE,TRUE,FALSE,TRUE,"no, thanks",TRUE,4,0,0,"[{""title"": ""From"", ""is_strictly_necessary"": false, ""is_ticked_by_default"": null}, {""title"": ""One way"", ""is_strictly_necessary"": false, ""is_ticked_by_default"": null}, {""title"": ""Apply promo code"", ""is_strictly_necessary"": false, ""is_ticked_by_default"": null}, {""title"": ""Return trip"", ""is_strictly_necessary"": false, ""is_ticked_by_default"": null}]",0.5,[],"We value your privacy By clicking “Yes, I agree”, you agree to Ryanair using cookies to improve your browsing experience, to personalise content, to provide social media features and to analyse our traffic. We may also share information with our advertising, analytics and social media partners for their own purposes. You can manage your cookie settings by clicking the “View Cookie Settings” button. For more information on how we process your personal data, please review our Cookie Policy or Privacy Policy. By clicking “Yes, I agree”, you agree to Ryanair using cookies to improve your browsing experience, to personalise content, to provide social media features and to analyse our traffic. We may also share information with our advertising, analytics and social media partners for their own purposes. You can manage your cookie settings by clicking the “View Cookie Settings” button. For more information on how we process your personal data, please review our Cookie Policy or Privacy Policy.",0,FALSE,FALSE,FALSE,[],0,0.31782745253164557,TRUE,TRUE
https://www.buseireann.ie/,2025-06-22T15:43:10.376577,Success,Onetrust,TRUE,TRUE,TRUE,TRUE,cookies settings,TRUE,11,0,1,"[{""title"": ""checkbox label"", ""is_strictly_necessary"": false, ""is_ticked_by_default"": null}, {""title"": ""checkbox label"", ""is_strictly_necessary"": false, ""is_ticked_by_default"": null}, {""title"": ""Strictly Necessary Cookies"", ""is_strictly_necessary"": true, ""is_ticked_by_default"": null}, {""title"": ""Performance Cookies"", ""is_strictly_necessary"": false, ""is_ticked_by_default"": false}, {""title"": ""Performance Cookies"", ""is_strictly_necessary"": false, ""is_ticked_by_default"": null}, {""title"": ""checkbox label"", ""is_strictly_necessary"": false, ""is_ticked_by_default"": null}, {""title"": ""checkbox label"", ""is_strictly_necessary"": false, ""is_ticked_by_default"": null}, {""title"": ""Functional Cookies"", ""is_strictly_necessary"": false, ""is_ticked_by_default"": null}, {""title"": ""Targeting Cookies"", ""is_strictly_necessary"": false, ""is_ticked_by_default"": null}, {""title"": ""Functional Cookies"", ""is_strictly_necessary"": false, ""is_ticked_by_default"": false}, {""title"": ""Targeting Cookies"", ""is_strictly_necessary"": false, ""is_ticked_by_default"": false}]",0.6,[],"Cookie Consent
By clicking “Accept All Cookies”, you agree to the storing of cookies on your device to enhance site navigation, analyze site usage, and assist in our marketing efforts. More Information By clicking “Accept All Cookies”, you agree to the storing of cookies on your device to enhance site navigation, analyze site usage, and assist in our marketing efforts. More Information",0,FALSE,FALSE,FALSE,[],0,0.2136403225806454,TRUE,FALSE
https://www.irishrail.ie/,2025-06-22T15:43:21.188391,Partial (Interaction Failed),Cookiebot,TRUE,FALSE,FALSE,FALSE,,FALSE,0,6,0,[],0,['No visible buttons found in banner.'],,0,FALSE,FALSE,FALSE,[],3,0,FALSE,FALSE
https://www.dublinbus.ie/,2025-06-22T15:43:37.749797,Success,Cookiebot,TRUE,TRUE,FALSE,TRUE,use necessary cookies only,TRUE,12,6,1,"[{""title"": ""Enter search criteria"", ""is_strictly_necessary"": false, ""is_ticked_by_default"": null}, {""title"": ""Statistics"", ""is_strictly_necessary"": false, ""is_ticked_by_default"": null}, {""title"": ""Do not sell or share my personal information"", ""is_strictly_necessary"": false, ""is_ticked_by_default"": null}, {""title"": ""Preferences"", ""is_strictly_necessary"": false, ""is_ticked_by_default"": null}, {""title"": ""Marketing"", ""is_strictly_necessary"": false, ""is_ticked_by_default"": null}, {""title"": ""Necessary"", ""is_strictly_necessary"": true, ""is_ticked_by_default"": true}, {""title"": ""Statistics"", ""is_strictly_necessary"": false, ""is_ticked_by_default"": null}, {""title"": ""Necessary"", ""is_strictly_necessary"": false, ""is_ticked_by_default"": null}, {""title"": ""Necessary"", ""is_strictly_necessary"": false, ""is_ticked_by_default"": null}, {""title"": ""Marketing"", ""is_strictly_necessary"": false, ""is_ticked_by_default"": null}, {""title"": ""Preferences"", ""is_strictly_necessary"": false, ""is_ticked_by_default"": null}, {""title"": ""Search"", ""is_strictly_necessary"": false, ""is_ticked_by_default"": null}]",0.44000000000000006,[],,0,FALSE,FALSE,FALSE,[],3,0,TRUE,FALSE
https://www.luas.ie/,2025-06-22T15:44:53.156096,Success,Onetrust,TRUE,TRUE,TRUE,TRUE,manage preferences,TRUE,19,0,2,"[{""title"": ""checkbox label"", ""is_strictly_necessary"": false, ""is_ticked_by_default"": null}, {""title"": ""Analytical Cookies"", ""is_strictly_necessary"": false, ""is_ticked_by_default"": null}, {""title"": ""Functional Cookies"", ""is_strictly_necessary"": false, ""is_ticked_by_default"": null}, {""title"": ""checkbox label"", ""is_strictly_necessary"": false, ""is_ticked_by_default"": null}, {""title"": ""Select Stop"", ""is_strictly_necessary"": false, ""is_ticked_by_default"": null}, {""title"": ""checkbox label"", ""is_strictly_necessary"": false, ""is_ticked_by_default"": null}, {""title"": ""Strictly Necessary Cookies"", ""is_strictly_necessary"": true, ""is_ticked_by_default"": null}, {""title"": ""Site Search"", ""is_strictly_necessary"": false, ""is_ticked_by_default"": null}, {""title"": ""Select Stop"", ""is_strictly_necessary"": false, ""is_ticked_by_default"": null}, {""title"": ""If you are human, leave this field blank."", ""is_strictly_necessary"": false, ""is_ticked_by_default"": null}, {""title"": ""checkbox label"", ""is_strictly_necessary"": false, ""is_ticked_by_default"": null}, {""title"": ""Analytical Cookies"", ""is_strictly_necessary"": false, ""is_ticked_by_default"": null}, {""title"": ""Analytical Cookies"", ""is_strictly_necessary"": false, ""is_ticked_by_default"": null}, {""title"": ""Functional Cookies"", ""is_strictly_necessary"": false, ""is_ticked_by_default"": null}, {""title"": ""Strictly Necessary Cookies"", ""is_strictly_necessary"": true, ""is_ticked_by_default"": null}, {""title"": ""Luas Stop Information"", ""is_strictly_necessary"": false, ""is_ticked_by_default"": null}, {""title"": ""Functional Cookies"", ""is_strictly_necessary"": false, ""is_ticked_by_default"": null}, {""title"": ""Line"", ""is_strictly_necessary"": false, ""is_ticked_by_default"": null}, {""title"": ""Cookies"", ""is_strictly_necessary"": false, ""is_ticked_by_default"": null}]",0.5599999999999999,[],"We use cookies on this site to enable the site to function and to analyse your visit. We have embedded a Power BI dashboard and a Rezoomo jobs list on the website and as a result, both vendors set certain cookies. You can Accept All, Reject All or Manage your cookie preferences. You will find further information on specific cookies set here.Cookie Information We use cookies on this site to enable the site to function and to analyse your visit. We have embedded a Power BI dashboard and a Rezoomo jobs list on the website and as a result, both vendors set certain cookies. You can Accept All, Reject All or Manage your cookie preferences. You will find further information on specific cookies set here.Cookie Information",0,FALSE,FALSE,FALSE,[],2,0.5621455357142857,TRUE,FALSE
https://www.revenue.ie/,2025-06-22T15:45:06.210496,Partial (Interaction Failed),Cookiebot,TRUE,FALSE,FALSE,FALSE,,FALSE,0,0,0,[],0,['No visible buttons found in banner.'],,0,FALSE,FALSE,FALSE,[],0,0,FALSE,FALSE
https://www.gov.ie/,2025-06-22T15:45:18.233131,Success,Didomi,TRUE,TRUE,FALSE,TRUE,necessary cookies only,TRUE,2,0,0,"[{""title"": ""Allow"", ""is_strictly_necessary"": false, ""is_ticked_by_default"": null}, {""title"": ""menuclose"", ""is_strictly_necessary"": false, ""is_ticked_by_default"": false}]",0.24,[],This website uses cookies to collect information about how you use this site. This information is used to make the website work as well as possible. More details available in our cookie and privacy policies.,0,FALSE,FALSE,FALSE,[],3,0.5406238095238094,FALSE,FALSE
https://www.citizensinformation.ie/,2025-06-22T15:45:43.939325,Partial (Interaction Failed),Didomi,TRUE,FALSE,FALSE,FALSE,,FALSE,0,0,0,[],0,['No visible buttons found in banner.'],,0,FALSE,FALSE,FALSE,[],0,0,FALSE,FALSE
https://www.hse.ie/,2025-06-22T15:45:55.358178,Success,Onetrust,TRUE,TRUE,FALSE,TRUE,necessary cookies only,TRUE,12,0,1,"[{""title"": ""Functional Cookies"", ""is_strictly_necessary"": false, ""is_ticked_by_default"": false}, {""title"": ""checkbox label"", ""is_strictly_necessary"": false, ""is_ticked_by_default"": null}, {""title"": ""Analytical Cookies"", ""is_strictly_necessary"": false, ""is_ticked_by_default"": null}, {""title"": ""checkbox label"", ""is_strictly_necessary"": false, ""is_ticked_by_default"": null}, {""title"": ""YouTube Cookies"", ""is_strictly_necessary"": false, ""is_ticked_by_default"": null}, {""title"": ""Analytical Cookies"", ""is_strictly_necessary"": false, ""is_ticked_by_default"": false}, {""title"": ""Strictly Necessary Cookies"", ""is_strictly_necessary"": true, ""is_ticked_by_default"": null}, {""title"": ""checkbox label"", ""is_strictly_necessary"": false, ""is_ticked_by_default"": null}, {""title"": ""Search the website"", ""is_strictly_necessary"": false, ""is_ticked_by_default"": null}, {""title"": ""checkbox label"", ""is_strictly_necessary"": false, ""is_ticked_by_default"": null}, {""title"": ""Functional Cookies"", ""is_strictly_necessary"": false, ""is_ticked_by_default"": null}, {""title"": ""YouTube Cookies"", ""is_strictly_necessary"": false, ""is_ticked_by_default"": false}]",0.45999999999999996,[],"We use strictly necessary cookies to make our site work. We would also like to set optional cookies (analytical, functional and YouTube) to enhance and improve our service. You can opt-out of these cookies. By clicking “Accept All Cookies” you can agree to the use of all cookies. Cookie Statement and Privacy Statement We use strictly necessary cookies to make our site work. We would also like to set optional cookies (analytical, functional and YouTube) to enhance and improve our service. You can opt-out of these cookies. By clicking “Accept All Cookies” you can agree to the use of all cookies. Cookie Statement and Privacy Statement",0,FALSE,FALSE,FALSE,[],2,0.5978100104821802,TRUE,FALSE
https://www.bonkers.ie/,2025-06-22T15:46:04.719328,Success,Onetrust,TRUE,TRUE,FALSE,TRUE,manage my cookie settings,TRUE,12,0,1,"[{""title"": ""checkbox label"", ""is_strictly_necessary"": false, ""is_ticked_by_default"": null}, {""title"": ""checkbox label"", ""is_strictly_necessary"": false, ""is_ticked_by_default"": null}, {""title"": ""Strictly Necessary Cookies"", ""is_strictly_necessary"": true, ""is_ticked_by_default"": null}, {""title"": ""Vendor Search"", ""is_strictly_necessary"": false, ""is_ticked_by_default"": null}, {""title"": ""Performance Cookies"", ""is_strictly_necessary"": false, ""is_ticked_by_default"": null}, {""title"": ""checkbox label"", ""is_strictly_necessary"": false, ""is_ticked_by_default"": null}, {""title"": ""Functional Cookies"", ""is_strictly_necessary"": false, ""is_ticked_by_default"": false}, {""title"": ""checkbox label"", ""is_strictly_necessary"": false, ""is_ticked_by_default"": null}, {""title"": ""Targeting Cookies"", ""is_strictly_necessary"": false, ""is_ticked_by_default"": false}, {""title"": ""Functional Cookies"", ""is_strictly_necessary"": false, ""is_ticked_by_default"": null}, {""title"": ""Targeting Cookies"", ""is_strictly_necessary"": false, ""is_ticked_by_default"": null}, {""title"": ""Performance Cookies"", ""is_strictly_necessary"": false, ""is_ticked_by_default"": false}]",0.5,[],"We Value Your Privacy
Like most companies we use cookies to help manage our website. Some of these cookies are necessary to ensure our site functions properly.

Others are optional and help us with site analytics, social media features and our marketing efforts, which in turn help us to provide a seamless online experience as well as a free service to our users. Cookies are used for ads personalisation.

You can choose to accept all cookies or only the ones that you are happy to opt in to. Like most companies we use cookies to help manage our website. Some of these cookies are necessary to ensure our site functions properly.

Others are optional and help us with site analytics, social media features and our marketing efforts, which in turn help us to provide a seamless online experience as well as a free service to our users. Cookies are used for ads personalisation.

You can choose to accept all cookies or only the ones that you are happy to opt in to.",0,FALSE,FALSE,FALSE,[],0,0.5376675581395349,TRUE,FALSE
https://www.bordgaisenergy.ie/,2025-06-22T15:46:16.054998,Success,Onetrust,TRUE,TRUE,FALSE,TRUE,manage my preferences,TRUE,11,1,1,"[{""title"": ""First Party Analytical Cookies"", ""is_strictly_necessary"": false, ""is_ticked_by_default"": true}, {""title"": ""checkbox label"", ""is_strictly_necessary"": false, ""is_ticked_by_default"": null}, {""title"": ""First Party Analytical Cookies"", ""is_strictly_necessary"": false, ""is_ticked_by_default"": null}, {""title"": ""checkbox label"", ""is_strictly_necessary"": false, ""is_ticked_by_default"": null}, {""title"": ""Strictly Necessary Cookies"", ""is_strictly_necessary"": true, ""is_ticked_by_default"": null}, {""title"": ""Functional Cookies"", ""is_strictly_necessary"": false, ""is_ticked_by_default"": false}, {""title"": ""checkbox label"", ""is_strictly_necessary"": false, ""is_ticked_by_default"": null}, {""title"": ""checkbox label"", ""is_strictly_necessary"": false, ""is_ticked_by_default"": null}, {""title"": ""Functional Cookies"", ""is_strictly_necessary"": false, ""is_ticked_by_default"": null}, {""title"": ""Targeting Cookies"", ""is_strictly_necessary"": false, ""is_ticked_by_default"": null}, {""title"": ""Targeting Cookies"", ""is_strictly_necessary"": false, ""is_ticked_by_default"": false}]",0.5,[],"By clicking “Accept All Cookies”, you agree to the storing of cookies on your device to enhance site navigation, personalise content, analyse site usage, provide social media features and assist in our marketing efforts. You can change your cookie preferences to enable or disable any of the functions mentioned by clicking ""Manage My Preferences"" or learn more in our Cookie Notice.
Cookie Notice By clicking “Accept All Cookies”, you agree to the storing of cookies on your device to enhance site navigation, personalise content, analyse site usage, provide social media features and assist in our marketing efforts. You can change your cookie preferences to enable or disable any of the functions mentioned by clicking ""Manage My Preferences"" or learn more in our Cookie Notice.
Cookie Notice",0,FALSE,FALSE,FALSE,[],0,0.19188988095238094,TRUE,FALSE
https://www.electricireland.ie/,2025-06-22T15:46:27.167035,Success,Onetrust,TRUE,TRUE,FALSE,TRUE,cookie settings,TRUE,16,0,2,"[{""title"": ""checkbox label"", ""is_strictly_necessary"": false, ""is_ticked_by_default"": null}, {""title"": ""checkbox label"", ""is_strictly_necessary"": false, ""is_ticked_by_default"": null}, {""title"": ""Targeting & Advertising Cookies"", ""is_strictly_necessary"": false, ""is_ticked_by_default"": null}, {""title"": ""Functional Cookies"", ""is_strictly_necessary"": false, ""is_ticked_by_default"": null}, {""title"": ""Performance Cookies"", ""is_strictly_necessary"": false, ""is_ticked_by_default"": null}, {""title"": ""checkbox label"", ""is_strictly_necessary"": false, ""is_ticked_by_default"": null}, {""title"": ""Targeting & Advertising Cookies"", ""is_strictly_necessary"": false, ""is_ticked_by_default"": null}, {""title"": ""Cookie Settings Overview"", ""is_strictly_necessary"": false, ""is_ticked_by_default"": null}, {""title"": ""Functional Cookies"", ""is_strictly_necessary"": false, ""is_ticked_by_default"": null}, {""title"": ""checkbox label"", ""is_strictly_necessary"": false, ""is_ticked_by_default"": null}, {""title"": ""Strictly Necessary Cookies"", ""is_strictly_necessary"": true, ""is_ticked_by_default"": null}, {""title"": ""Targeting & Advertising Cookies"", ""is_strictly_necessary"": false, ""is_ticked_by_default"": null}, {""title"": ""Strictly Necessary Cookies"", ""is_strictly_necessary"": true, ""is_ticked_by_default"": null}, {""title"": ""Functional Cookies"", ""is_strictly_necessary"": false, ""is_ticked_by_default"": null}, {""title"": ""Performance Cookies"", ""is_strictly_necessary"": false, ""is_ticked_by_default"": null}, {""title"": ""Performance Cookies"", ""is_strictly_necessary"": false, ""is_ticked_by_default"": null}]",0.5,[],"Our website uses cookies and other similar technologies which are strictly necessary for it to function. These are enabled by default and cannot be disabled. We would also like to use additional cookies to analyse how you use our website, and to deliver personalised content and advertising. You can enable these additional cookies by selecting “Accept All” or enable specific cookie categories under “Cookie Settings”. You can adjust your cookie preferences at any time via “Cookie Settings” linked below within our website’s footer. Our website uses cookies and other similar technologies which are strictly necessary for it to function. These are enabled by default and cannot be disabled. We would also like to use additional cookies to analyse how you use our website, and to deliver personalised content and advertising. You can enable these additional cookies by selecting “Accept All” or enable specific cookie categories under “Cookie Settings”. You can adjust your cookie preferences at any time via “Cookie Settings” linked below within our website’s footer.",0,FALSE,FALSE,FALSE,[],0,0.3369866265060242,TRUE,FALSE
https://www.bankofireland.com/,2025-06-22T15:46:37.962382,Success,Onetrust,TRUE,TRUE,FALSE,TRUE,necessary only,TRUE,11,0,1,"[{""title"": ""checkbox label"", ""is_strictly_necessary"": false, ""is_ticked_by_default"": null}, {""title"": ""checkbox label"", ""is_strictly_necessary"": false, ""is_ticked_by_default"": null}, {""title"": ""Performance Cookies"", ""is_strictly_necessary"": false, ""is_ticked_by_default"": null}, {""title"": ""checkbox label"", ""is_strictly_necessary"": false, ""is_ticked_by_default"": null}, {""title"": ""checkbox label"", ""is_strictly_necessary"": false, ""is_ticked_by_default"": null}, {""title"": ""Advertising Cookies"", ""is_strictly_necessary"": false, ""is_ticked_by_default"": false}, {""title"": ""Advertising Cookies"", ""is_strictly_necessary"": false, ""is_ticked_by_default"": null}, {""title"": ""Functional Cookies"", ""is_strictly_necessary"": false, ""is_ticked_by_default"": null}, {""title"": ""Strictly Necessary Cookies"", ""is_strictly_necessary"": true, ""is_ticked_by_default"": null}, {""title"": ""Functional Cookies"", ""is_strictly_necessary"": false, ""is_ticked_by_default"": false}, {""title"": ""Performance Cookies"", ""is_strictly_necessary"": false, ""is_ticked_by_default"": false}]",0.5,[],"Bank of Ireland Cookie Notice
Some cookies that we use are necessary for our websites and apps to operate, while others improve performance and functionality. We (and our advertising partners) also use advertising cookies, so that we can show you advertising you may be interested in. Tap Accept All Cookies if you agree to these. Tap Manage Cookie Settings to choose the types of cookies you’re happy to allow. You can change your cookie settings at any time and find more information in our cookies policy. Some cookies that we use are necessary for our websites and apps to operate, while others improve performance and functionality. We (and our advertising partners) also use advertising cookies, so that we can show you advertising you may be interested in. Tap Accept All Cookies if you agree to these. Tap Manage Cookie Settings to choose the types of cookies you’re happy to allow. You can change your cookie settings at any time and find more information in our cookies policy.",0,FALSE,FALSE,FALSE,[],0,0.5112097754491018,TRUE,FALSE
https://www.aib.ie/,2025-06-22T15:46:48.726243,Success,Onetrust,TRUE,TRUE,FALSE,TRUE,adjust my preferences,TRUE,32,0,2,"[{""title"": ""checkbox label"", ""is_strictly_necessary"": false, ""is_ticked_by_default"": null}, {""title"": ""Are you worried about payments?"", ""is_strictly_necessary"": false, ""is_ticked_by_default"": null}, {""title"": ""Savings & Deposits"", ""is_strictly_necessary"": false, ""is_ticked_by_default"": null}, {""title"": ""Conduct a search"", ""is_strictly_necessary"": false, ""is_ticked_by_default"": null}, {""title"": ""Watch your savings growOpen a savings account and watch your money grow with interest. We have savings accounts for every type of saverMore about savings & deposits"", ""is_strictly_necessary"": false, ""is_ticked_by_default"": null}, {""title"": ""Functional Cookies"", ""is_strictly_necessary"": false, ""is_ticked_by_default"": null}, {""title"": ""Sustainability"", ""is_strictly_necessary"": false, ""is_ticked_by_default"": null}, {""title"": ""PersonalBusinessCapital MarketsClimate CapitalPrivateGroupSustainabilitySwitch to Northern Ireland"", ""is_strictly_necessary"": false, ""is_ticked_by_default"": null}, {""title"": ""Targeting Cookies"", ""is_strictly_necessary"": false, ""is_ticked_by_default"": null}, {""title"": ""checkbox label"", ""is_strictly_necessary"": false, ""is_ticked_by_default"": null}, {""title"": ""Business Banking"", ""is_strictly_necessary"": false, ""is_ticked_by_default"": null}, {""title"": ""checkbox label"", ""is_strictly_necessary"": false, ""is_ticked_by_default"": null}, {""title"": ""Conduct a search"", ""is_strictly_necessary"": false, ""is_ticked_by_default"": null}, {""title"": ""Strictly Necessary Cookies"", ""is_strictly_necessary"": true, ""is_ticked_by_default"": null}, {""title"": ""Performance Cookies"", ""is_strictly_necessary"": false, ""is_ticked_by_default"": null}, {""title"": ""About Cookies"", ""is_strictly_necessary"": false, ""is_ticked_by_default"": null}, {""title"": ""checkbox label"", ""is_strictly_necessary"": false, ""is_ticked_by_default"": null}, {""title"": ""Corporate Banking"", ""is_strictly_necessary"": false, ""is_ticked_by_default"": null}, {""title"": ""Loans"", ""is_strictly_necessary"": false, ""is_ticked_by_default"": null}, {""title"": ""Performance Cookies"", ""is_strictly_necessary"": false, ""is_ticked_by_default"": null}, {""title"": ""Private Banking"", ""is_strictly_necessary"": false, ""is_ticked_by_default"": null}, {""title"": ""Concerned about Fraud?"", ""is_strictly_necessary"": false, ""is_ticked_by_default"": null}, {""title"": ""Targeting Cookies"", ""is_strictly_necessary"": false, ""is_ticked_by_default"": null}, {""title"": ""Functional Cookies"", ""is_strictly_necessary"": false, ""is_ticked_by_default"": null}, {""title"": ""Contact us today"", ""is_strictly_necessary"": false, ""is_ticked_by_default"": null}, {""title"": ""Targeting Cookies"", ""is_strictly_necessary"": false, ""is_ticked_by_default"": null}, {""title"": ""Strictly Necessary Cookies"", ""is_strictly_necessary"": true, ""is_ticked_by_default"": null}, {""title"": ""Insurance"", ""is_strictly_necessary"": false, ""is_ticked_by_default"": null}, {""title"": ""Are you worried about payments?"", ""is_strictly_necessary"": false, ""is_ticked_by_default"": null}, {""title"": ""Mortgages"", ""is_strictly_necessary"": false, ""is_ticked_by_default"": null}, {""title"": ""Functional Cookies"", ""is_strictly_necessary"": false, ""is_ticked_by_default"": null}, {""title"": ""Performance Cookies"", ""is_strictly_necessary"": false, ""is_ticked_by_default"": null}]",0.5,[],"This website uses cookies
We use cookies to personalise this website and our ads for you. We also use them to improve how the site functions and to share with our partners how the site is used. We only do this with your consent. You can choose to “Allow all” cookies or accept only some with “Adjust my preferences”. You can reject all non-essential cookies by choosing to “Accept only necessary” cookies. Disabling some cookies may change what you see on the site, how it works and the services we offer you. To find out more, see ourCookie Policy We use cookies to personalise this website and our ads for you. We also use them to improve how the site functions and to share with our partners how the site is used. We only do this with your consent. You can choose to “Allow all” cookies or accept only some with “Adjust my preferences”. You can reject all non-essential cookies by choosing to “Accept only necessary” cookies. Disabling some cookies may change what you see on the site, how it works and the services we offer you. To find out more, see ourCookie Policy",5,FALSE,FALSE,FALSE,[],0,0.655298632,TRUE,FALSE
https://www.permanenttsb.ie/,2025-06-22T15:47:00.938720,Success,Onetrust,TRUE,TRUE,TRUE,TRUE,manage preferences,TRUE,18,0,0,"[{""title"": ""Marketing"", ""is_strictly_necessary"": false, ""is_ticked_by_default"": null}, {""title"": ""Functional Cookies"", ""is_strictly_necessary"": false, ""is_ticked_by_default"": null}, {""title"": ""checkbox label"", ""is_strictly_necessary"": false, ""is_ticked_by_default"": null}, {""title"": ""checkbox label"", ""is_strictly_necessary"": false, ""is_ticked_by_default"": null}, {""title"": ""Necessary"", ""is_strictly_necessary"": false, ""is_ticked_by_default"": null}, {""title"": ""Performance Analytics"", ""is_strictly_necessary"": false, ""is_ticked_by_default"": null}, {""title"": ""Necessary"", ""is_strictly_necessary"": false, ""is_ticked_by_default"": null}, {""title"": ""Functional Cookies"", ""is_strictly_necessary"": false, ""is_ticked_by_default"": null}, {""title"": ""Performance Analytics"", ""is_strictly_necessary"": false, ""is_ticked_by_default"": null}, {""title"": ""checkbox label"", ""is_strictly_necessary"": false, ""is_ticked_by_default"": null}, {""title"": ""Functional Cookies"", ""is_strictly_necessary"": false, ""is_ticked_by_default"": null}, {""title"": ""Search"", ""is_strictly_necessary"": false, ""is_ticked_by_default"": null}, {""title"": ""Search"", ""is_strictly_necessary"": false, ""is_ticked_by_default"": null}, {""title"": ""Marketing"", ""is_strictly_necessary"": false, ""is_ticked_by_default"": null}, {""title"": ""checkbox label"", ""is_strictly_necessary"": false, ""is_ticked_by_default"": null}, {""title"": ""Cookie Consent Management"", ""is_strictly_necessary"": false, ""is_ticked_by_default"": null}, {""title"": ""Marketing"", ""is_strictly_necessary"": false, ""is_ticked_by_default"": null}, {""title"": ""Performance Analytics"", ""is_strictly_necessary"": false, ""is_ticked_by_default"": null}]",0.6,[],"ptsb Cookies
We use cookies to make our websites work, enhance your browsing experience and provide advertising we believe might be of interest to you. We categorise cookies as Necessary, Functional, Performance Analytics (used to analyse site performance) and Marketing (used to tailor advertising to your needs). You can select “Accept All” to agree to all of these cookies, or only opt in to what you are happy to accept using “Manage Preferences”. You can change your cookie settings at any time and learn more about how we use cookies in our Cookie Notice We use cookies to make our websites work, enhance your browsing experience and provide advertising we believe might be of interest to you. We categorise cookies as Necessary, Functional, Performance Analytics (used to analyse site performance) and Marketing (used to tailor advertising to your needs). You can select “Accept All” to agree to all of these cookies, or only opt in to what you are happy to accept using “Manage Preferences”. You can change your cookie settings at any time and learn more about how we use cookies in our Cookie Notice",0,FALSE,FALSE,FALSE,[],0,0.36807884024577586,TRUE,FALSE
https://www.ulsterbank.ie/,2025-06-22T15:47:13.682396,Success,Onetrust,TRUE,TRUE,FALSE,TRUE,manage preferences,TRUE,14,0,1,"[{""title"": ""Customer Experience"", ""is_strictly_necessary"": false, ""is_ticked_by_default"": false}, {""title"": ""checkbox label"", ""is_strictly_necessary"": false, ""is_ticked_by_default"": null}, {""title"": ""checkbox label"", ""is_strictly_necessary"": false, ""is_ticked_by_default"": null}, {""title"": ""Customer Experience"", ""is_strictly_necessary"": false, ""is_ticked_by_default"": null}, {""title"": ""Performance Cookies"", ""is_strictly_necessary"": false, ""is_ticked_by_default"": false}, {""title"": ""Targeting Cookies"", ""is_strictly_necessary"": false, ""is_ticked_by_default"": null}, {""title"": ""checkbox label"", ""is_strictly_necessary"": false, ""is_ticked_by_default"": null}, {""title"": ""Search"", ""is_strictly_necessary"": false, ""is_ticked_by_default"": null}, {""title"": ""Targeting Cookies"", ""is_strictly_necessary"": false, ""is_ticked_by_default"": false}, {""title"": ""Strictly Necessary Cookies"", ""is_strictly_necessary"": true, ""is_ticked_by_default"": null}, {""title"": ""checkbox label"", ""is_strictly_necessary"": false, ""is_ticked_by_default"": null}, {""title"": ""Functional Cookies"", ""is_strictly_necessary"": false, ""is_ticked_by_default"": null}, {""title"": ""Performance Cookies"", ""is_strictly_necessary"": false, ""is_ticked_by_default"": null}, {""title"": ""Functional Cookies"", ""is_strictly_necessary"": false, ""is_ticked_by_default"": false}]",0.5,[],"We care about your privacy
We use cookies to ensure our website works properly. To help us improve our service, we collect data to understand how people use our site. By allowing all cookies, we can enhance your experience even further. This means helping you find information more quickly and tailoring content or marketing to your needs. Select “Allow All Cookies” to agree or “Manage Preferences” to manage cookie settings. You can find out more by viewing our Cookie Policy. We use cookies to ensure our website works properly. To help us improve our service, we collect data to understand how people use our site. By allowing all cookies, we can enhance your experience even further. This means helping you find information more quickly and tailoring content or marketing to your needs. Select “Allow All Cookies” to agree or “Manage Preferences” to manage cookie settings. You can find out more by viewing our Cookie Policy.",0,FALSE,FALSE,FALSE,[],0,0.5373128360215055,TRUE,FALSE
https://www.creditunion.ie/,2025-06-22T15:47:23.850351,Success,Onetrust,TRUE,TRUE,TRUE,TRUE,manage settings,TRUE,19,0,2,"[{""title"": ""checkbox label"", ""is_strictly_necessary"": false, ""is_ticked_by_default"": null}, {""title"": ""Advertising & Marketing Cookies"", ""is_strictly_necessary"": false, ""is_ticked_by_default"": null}, {""title"": ""Functional Cookies"", ""is_strictly_necessary"": false, ""is_ticked_by_default"": null}, {""title"": ""Functional Cookies"", ""is_strictly_necessary"": false, ""is_ticked_by_default"": null}, {""title"": ""Search:"", ""is_strictly_necessary"": false, ""is_ticked_by_default"": null}, {""title"": ""Your Privacy"", ""is_strictly_necessary"": false, ""is_ticked_by_default"": null}, {""title"": ""checkbox label"", ""is_strictly_necessary"": false, ""is_ticked_by_default"": null}, {""title"": ""Strictly Necessary Cookies"", ""is_strictly_necessary"": true, ""is_ticked_by_default"": null}, {""title"": ""checkbox label"", ""is_strictly_necessary"": false, ""is_ticked_by_default"": null}, {""title"": ""Strictly Necessary Cookies"", ""is_strictly_necessary"": true, ""is_ticked_by_default"": null}, {""title"": ""Performance Cookies"", ""is_strictly_necessary"": false, ""is_ticked_by_default"": null}, {""title"": ""checkbox label"", ""is_strictly_necessary"": false, ""is_ticked_by_default"": null}, {""title"": ""Advertising & Marketing Cookies"", ""is_strictly_necessary"": false, ""is_ticked_by_default"": null}, {""title"": ""Performance Cookies"", ""is_strictly_necessary"": false, ""is_ticked_by_default"": null}, {""title"": ""Vendor Search"", ""is_strictly_necessary"": false, ""is_ticked_by_default"": null}, {""title"": ""Performance Cookies"", ""is_strictly_necessary"": false, ""is_ticked_by_default"": null}, {""title"": ""Advertising & Marketing Cookies"", ""is_strictly_necessary"": false, ""is_ticked_by_default"": null}, {""title"": ""Search:"", ""is_strictly_necessary"": false, ""is_ticked_by_default"": null}, {""title"": ""Functional Cookies"", ""is_strictly_necessary"": false, ""is_ticked_by_default"": null}]",0.6,[],"This website uses cookies
We use cookies to ensure our website works correctly for you. They help us to understand when and how the website is used, as well as enabling us to work with our service providers to show advertising that we believe will be relevant to you. By clicking Accept all Cookies you agree to the use of all cookies. You can manage your cookie settings by clicking Manage Settings. To find out more about how we use cookies please read our Cookie Policy. We use cookies to ensure our website works correctly for you. They help us to understand when and how the website is used, as well as enabling us to work with our service providers to show advertising that we believe will be relevant to you. By clicking Accept all Cookies you agree to the use of all cookies. You can manage your cookie settings by clicking Manage Settings. To find out more about how we use cookies please read our Cookie Policy.",0,FALSE,FALSE,FALSE,[],0,0.6106864285714286,TRUE,FALSE
https://www.dcu.ie/,2025-06-22T15:47:33.535910,Partial (Interaction Failed),Cookiebot,TRUE,FALSE,FALSE,FALSE,,FALSE,0,6,0,[],0,['No visible buttons found in banner.'],,0,FALSE,FALSE,FALSE,[],5,0,FALSE,FALSE
https://www.tcd.ie/,2025-06-22T15:47:45.717325,Success,Onetrust,TRUE,TRUE,FALSE,TRUE,close,TRUE,13,0,1,"[{""title"": ""Advertising and Marketing Cookies"", ""is_strictly_necessary"": false, ""is_ticked_by_default"": null}, {""title"": ""checkbox label"", ""is_strictly_necessary"": false, ""is_ticked_by_default"": null}, {""title"": ""Performance Cookies"", ""is_strictly_necessary"": false, ""is_ticked_by_default"": null}, {""title"": ""checkbox label"", ""is_strictly_necessary"": false, ""is_ticked_by_default"": null}, {""title"": ""Strictly Necessary Cookies"", ""is_strictly_necessary"": true, ""is_ticked_by_default"": null}, {""title"": ""checkbox label"", ""is_strictly_necessary"": false, ""is_ticked_by_default"": null}, {""title"": ""checkbox label"", ""is_strictly_necessary"": false, ""is_ticked_by_default"": null}, {""title"": ""Performance Cookies"", ""is_strictly_necessary"": false, ""is_ticked_by_default"": false}, {""title"": ""Functional Cookies"", ""is_strictly_necessary"": false, ""is_ticked_by_default"": false}, {""title"": ""Advertising and Marketing Cookies"", ""is_strictly_necessary"": false, ""is_ticked_by_default"": false}, {""title"": ""Search"", ""is_strictly_necessary"": false, ""is_ticked_by_default"": null}, {""title"": ""Search text"", ""is_strictly_necessary"": false, ""is_ticked_by_default"": null}, {""title"": ""Functional Cookies"", ""is_strictly_necessary"": false, ""is_ticked_by_default"": null}]",0.5,[],"Trinity College Dublin uses cookies to enable our website to operate, improve your browsing experience and provide personalised advertising which we believe may be of interest to you. By clicking “Accept All Cookies” you consent to the use of all cookies including social media and advertising cookies. You can choose to not accept certain cookies however this may impact on your browsing experience. Select “Cookies Settings” to find out more and customise your preferences. For further information please see our Cookie Policy Trinity College Dublin uses cookies to enable our website to operate, improve your browsing experience and provide personalised advertising which we believe may be of interest to you. By clicking “Accept All Cookies” you consent to the use of all cookies including social media and advertising cookies. You can choose to not accept certain cookies however this may impact on your browsing experience. Select “Cookies Settings” to find out more and customise your preferences. For further information please see our Cookie Policy",0,FALSE,FALSE,FALSE,[],0,0.37539031165311665,TRUE,FALSE
https://www.ucc.ie/,2025-06-22T15:47:59.813702,Success,Onetrust,TRUE,TRUE,FALSE,TRUE,cookies settings,TRUE,21,0,2,"[{""title"": ""Switch Label"", ""is_strictly_necessary"": false, ""is_ticked_by_default"": null}, {""title"": ""Switch Label"", ""is_strictly_necessary"": false, ""is_ticked_by_default"": null}, {""title"": ""Functional Cookies"", ""is_strictly_necessary"": false, ""is_ticked_by_default"": null}, {""title"": ""Your Privacy"", ""is_strictly_necessary"": false, ""is_ticked_by_default"": null}, {""title"": ""Site Search Text"", ""is_strictly_necessary"": false, ""is_ticked_by_default"": null}, {""title"": ""Targeting Cookies"", ""is_strictly_necessary"": false, ""is_ticked_by_default"": null}, {""title"": ""Website"", ""is_strictly_necessary"": false, ""is_ticked_by_default"": null}, {""title"": ""checkbox label"", ""is_strictly_necessary"": false, ""is_ticked_by_default"": null}, {""title"": ""People"", ""is_strictly_necessary"": false, ""is_ticked_by_default"": null}, {""title"": ""Strictly Necessary Cookies"", ""is_strictly_necessary"": true, ""is_ticked_by_default"": null}, {""title"": ""Functional Cookies"", ""is_strictly_necessary"": false, ""is_ticked_by_default"": null}, {""title"": ""Performance Cookies"", ""is_strictly_necessary"": false, ""is_ticked_by_default"": null}, {""title"": ""Site Search Text"", ""is_strictly_necessary"": false, ""is_ticked_by_default"": null}, {""title"": ""Courses"", ""is_strictly_necessary"": false, ""is_ticked_by_default"": null}, {""title"": ""Functional Cookies"", ""is_strictly_necessary"": false, ""is_ticked_by_default"": null}, {""title"": ""Targeting Cookies"", ""is_strictly_necessary"": false, ""is_ticked_by_default"": null}, {""title"": ""Switch Label"", ""is_strictly_necessary"": false, ""is_ticked_by_default"": null}, {""title"": ""Strictly Necessary Cookies"", ""is_strictly_necessary"": true, ""is_ticked_by_default"": null}, {""title"": ""Targeting Cookies"", ""is_strictly_necessary"": false, ""is_ticked_by_default"": null}, {""title"": ""Performance Cookies"", ""is_strictly_necessary"": false, ""is_ticked_by_default"": null}, {""title"": ""Performance Cookies"", ""is_strictly_necessary"": false, ""is_ticked_by_default"": null}]",0.5,[],"About Cookies
We use necessary cookies to make our site work. We’d also like to set other cookies to help us improve the browsing experience and assist in our marketing efforts. These will be set only if you accept. You can control the categories of cookies enabled by selecting the options within this banner. You can also get more information, and modify your cookie preferences at any time by clicking on the cookie settings button, within our Cookie Policy We use necessary cookies to make our site work. We’d also like to set other cookies to help us improve the browsing experience and assist in our marketing efforts. These will be set only if you accept. You can control the categories of cookies enabled by selecting the options within this banner. You can also get more information, and modify your cookie preferences at any time by clicking on the cookie settings button, within our Cookie Policy",0,FALSE,FALSE,FALSE,[],0,0.46108653846153846,TRUE,FALSE
https://www.nuigalway.ie/,2025-06-22T15:48:10.495930,Success,Unknown/Custom,TRUE,TRUE,FALSE,TRUE,allow none,TRUE,6,0,0,"[{""title"": ""Search words (e.g. Subject / course name)"", ""is_strictly_necessary"": false, ""is_ticked_by_default"": null}, {""title"": ""Ads:"", ""is_strictly_necessary"": false, ""is_ticked_by_default"": null}, {""title"": ""Choose a study level"", ""is_strictly_necessary"": false, ""is_ticked_by_default"": null}, {""title"": ""Functionality:"", ""is_strictly_necessary"": false, ""is_ticked_by_default"": null}, {""title"": ""Your preferences:"", ""is_strictly_necessary"": false, ""is_ticked_by_default"": null}, {""title"": ""Analytics:"", ""is_strictly_necessary"": false, ""is_ticked_by_default"": null}]",0.6,[],"Manage Cookies
Allow University of Galway to use Cookies for:
Functionality:    Your preferences:    Analytics:    Ads: 
ALLOW ALL ALLOW NONE ALLOW SELECTED
Some features need cookies to work properly. Cookies also let us (a) remember your preferences, (b) collect anonymous usage statistics, and (c) see how well our online ads are working.
No personal data is stored on these cookies but, under EU law, we still need to ask you this every 6 months. To learn more about our use of cookies, view our Privacy Policy. Some features need cookies to work properly. Cookies also let us (a) remember your preferences, (b) collect anonymous usage statistics, and (c) see how well our online ads are working. No personal data is stored on these cookies but, under EU law, we still need to ask you this every 6 months. To learn more about our use of cookies, view our Privacy Policy.",0,TRUE,FALSE,FALSE,[],0,0.457567764,TRUE,FALSE
https://www.ul.ie/,2025-06-22T15:48:42.714615,Partial (Interaction Failed),Cookiebot,TRUE,FALSE,FALSE,FALSE,,FALSE,0,6,0,[],0,['No visible buttons found in banner.'],,0,FALSE,FALSE,FALSE,[],3,0,FALSE,FALSE
https://www.maynoothuniversity.ie/,2025-06-22T15:48:54.245348,Partial (Interaction Failed),Onetrust,TRUE,FALSE,FALSE,FALSE,,FALSE,0,6,0,[],0,['No visible buttons found in banner.'],,0,FALSE,FALSE,FALSE,[],3,0,FALSE,FALSE
https://www.tudublin.ie/,2025-06-22T15:49:06.506935,Success,Onetrust,TRUE,TRUE,FALSE,TRUE,close,TRUE,3,0,0,"[{""title"": ""Search"", ""is_strictly_necessary"": false, ""is_ticked_by_default"": null}, {""title"": ""Search"", ""is_strictly_necessary"": false, ""is_ticked_by_default"": null}, {""title"": ""Search"", ""is_strictly_necessary"": false, ""is_ticked_by_default"": null}]",0.5,[],"TU Dublin Cookie Consent
By clicking “Allow All”, you agree to the storing of cookies on your device to enhance site navigation, analyse site usage, and assist in our marketing efforts.Cookie Notice By clicking “Allow All”, you agree to the storing of cookies on your device to enhance site navigation, analyse site usage, and assist in our marketing efforts.Cookie Notice",0,FALSE,FALSE,FALSE,[],0,0.24660833333333335,TRUE,FALSE
https://www.supervalu.ie/,2025-06-22T15:49:25.165262,Success,Onetrust,TRUE,TRUE,FALSE,TRUE,cookies settings,TRUE,12,0,1,"[{""title"": ""checkbox label"", ""is_strictly_necessary"": false, ""is_ticked_by_default"": null}, {""title"": ""checkbox label"", ""is_strictly_necessary"": false, ""is_ticked_by_default"": null}, {""title"": ""Functional Cookies"", ""is_strictly_necessary"": false, ""is_ticked_by_default"": false}, {""title"": ""Strictly Necessary Cookies"", ""is_strictly_necessary"": true, ""is_ticked_by_default"": null}, {""title"": ""Recipe Search"", ""is_strictly_necessary"": false, ""is_ticked_by_default"": null}, {""title"": ""Performance Cookies"", ""is_strictly_necessary"": false, ""is_ticked_by_default"": false}, {""title"": ""Performance Cookies"", ""is_strictly_necessary"": false, ""is_ticked_by_default"": null}, {""title"": ""checkbox label"", ""is_strictly_necessary"": false, ""is_ticked_by_default"": null}, {""title"": ""Targeting Cookies"", ""is_strictly_necessary"": false, ""is_ticked_by_default"": null}, {""title"": ""checkbox label"", ""is_strictly_necessary"": false, ""is_ticked_by_default"": null}, {""title"": ""Targeting Cookies"", ""is_strictly_necessary"": false, ""is_ticked_by_default"": false}, {""title"": ""Functional Cookies"", ""is_strictly_necessary"": false, ""is_ticked_by_default"": null}]",0.5,[],"Musgrave Value Your Privacy
We use cookies and similar technologies to help our websites and apps work properly and to personalise your experience. We and our partners may use information about your devices, your online interactions and you, to provide, analyse and improve our services. This may include personalising content or advertising for you. Click “Accept All” below to consent to the use of all of this technology and any associated processing of your personal data for these purposes. Click “Cookie Settings” to select which cookies to consent to. You can change your mind and change your consent choices at any time by clicking “Cookie Settings” or by returning to this site. See our Cookie Policy for more informationCookie Policy We use cookies and similar technologies to help our websites and apps work properly and to personalise your experience. We and our partners may use information about your devices, your online interactions and you, to provide, analyse and improve our services. This may include personalising content or advertising for you. Click “Accept All” below to consent to the use of all of this technology and any associated processing of your personal data for these purposes. Click “Cookie Settings” to select which cookies to consent to. You can change your mind and change your consent choices at any time by clicking “Cookie Settings” or by returning to this site. See our Cookie Policy for more informationCookie Policy",0,FALSE,FALSE,FALSE,[],0,0.40742134941329866,TRUE,FALSE
https://www.tesco.ie/,2025-06-22T15:49:34.550044,Success,Trustarc,TRUE,TRUE,FALSE,TRUE,reject all cookies,TRUE,2,0,0,"[{""title"": ""Select"", ""is_strictly_necessary"": false, ""is_ticked_by_default"": null}, {""title"": ""Search"", ""is_strictly_necessary"": false, ""is_ticked_by_default"": null}]",0.3,[],"We use cookies to improve your experience on our website. Please let us know your preferences.
Want to know more? Check out our cookies policy. Manage cookies. Want to know more? Check out our cookies policy. Manage cookies.",0,FALSE,FALSE,FALSE,[],0,0.6963491228070176,FALSE,FALSE
https://www.lidl.ie/,2025-06-22T15:50:38.414159,Success,Onetrust,TRUE,TRUE,TRUE,TRUE,customise,TRUE,13,0,0,"[{""title"": ""checkbox label"", ""is_strictly_necessary"": false, ""is_ticked_by_default"": null}, {""title"": ""checkbox label"", ""is_strictly_necessary"": false, ""is_ticked_by_default"": null}, {""title"": ""Statistics"", ""is_strictly_necessary"": false, ""is_ticked_by_default"": null}, {""title"": ""Preferences"", ""is_strictly_necessary"": false, ""is_ticked_by_default"": false}, {""title"": ""Preferences"", ""is_strictly_necessary"": false, ""is_ticked_by_default"": null}, {""title"": ""checkbox label"", ""is_strictly_necessary"": false, ""is_ticked_by_default"": null}, {""title"": ""Statistics"", ""is_strictly_necessary"": false, ""is_ticked_by_default"": false}, {""title"": ""checkbox label"", ""is_strictly_necessary"": false, ""is_ticked_by_default"": null}, {""title"": ""Marketing"", ""is_strictly_necessary"": false, ""is_ticked_by_default"": null}, {""title"": ""Necessary"", ""is_strictly_necessary"": false, ""is_ticked_by_default"": null}, {""title"": ""Contact us"", ""is_strictly_necessary"": false, ""is_ticked_by_default"": null}, {""title"": ""Marketing"", ""is_strictly_necessary"": false, ""is_ticked_by_default"": false}, {""title"": ""Show more12/21"", ""is_strictly_necessary"": false, ""is_ticked_by_default"": null}]",0.7,[],"Before you continue: personal data processing
We use cookies on our websites to provide you with the best possible experience. This includes data processing that helps our websites run smoothly, as well as other techniques which ensure the content you are seeing is relevant to you. We may transfer your personal data to third party companies outside the UK, but only under strict contract and with adequate safeguards in place for the protection of your data. You can either click 'Accept' to accept all cookies, or select in 'Customise' which cookies you would like to allow. By selecting 'Reject' you only allow the use of technically necessary cookies. Further information including your right to withdraw consent at any time, can be found in our privacy policy. Our general legal information can be found here. We use cookies on our websites to provide you with the best possible experience. This includes data processing that helps our websites run smoothly, as well as other techniques which ensure the content you are seeing is relevant to you. We may transfer your personal data to third party companies outside the UK, but only under strict contract and with adequate safeguards in place for the protection of your data. You can either click 'Accept' to accept all cookies, or select in 'Customise' which cookies you would like to allow. By selecting 'Reject' you only allow the use of technically necessary cookies. Further information including your right to withdraw consent at any time, can be found in our privacy policy. Our general legal information can be found here.",0,FALSE,TRUE,FALSE,[],0,0.45712693565976015,TRUE,FALSE
https://www.aldi.ie/,2025-06-22T15:50:58.772379,Success,Onetrust,TRUE,TRUE,TRUE,TRUE,set choices,TRUE,12,0,1,"[{""title"": ""checkbox label"", ""is_strictly_necessary"": false, ""is_ticked_by_default"": null}, {""title"": ""checkbox label"", ""is_strictly_necessary"": false, ""is_ticked_by_default"": null}, {""title"": ""Performance Cookies"", ""is_strictly_necessary"": false, ""is_ticked_by_default"": null}, {""title"": ""Performance Cookies"", ""is_strictly_necessary"": false, ""is_ticked_by_default"": false}, {""title"": ""Functional Cookies"", ""is_strictly_necessary"": false, ""is_ticked_by_default"": null}, {""title"": ""Functional Cookies"", ""is_strictly_necessary"": false, ""is_ticked_by_default"": false}, {""title"": ""checkbox label"", ""is_strictly_necessary"": false, ""is_ticked_by_default"": null}, {""title"": ""Marketing Cookies"", ""is_strictly_necessary"": false, ""is_ticked_by_default"": false}, {""title"": ""Strictly Necessary Cookies"", ""is_strictly_necessary"": true, ""is_ticked_by_default"": null}, {""title"": ""checkbox label"", ""is_strictly_necessary"": false, ""is_ticked_by_default"": null}, {""title"": ""Marketing Cookies"", ""is_strictly_necessary"": false, ""is_ticked_by_default"": null}, {""title"": ""Search"", ""is_strictly_necessary"": false, ""is_ticked_by_default"": null}]",0.6,[],"Your Privacy Preferences with ALDI
By clicking “Accept All”, you agree to the storing of cookies on your device to enhance site navigation, analyse site usage, and assist in our marketing efforts. By clicking “Reject All” only Strictly Necessary cookies will be used.
Cookie Policy By clicking “Accept All”, you agree to the storing of cookies on your device to enhance site navigation, analyse site usage, and assist in our marketing efforts. By clicking “Reject All” only Strictly Necessary cookies will be used.
Cookie Policy",0,FALSE,FALSE,FALSE,[],0,0.3502819852941177,TRUE,FALSE
https://www.dunnesstores.com/,2025-06-22T15:51:09.501233,Success,Onetrust,TRUE,TRUE,FALSE,TRUE,detailed selection,TRUE,16,0,1,"[{""title"": ""checkbox label"", ""is_strictly_necessary"": false, ""is_ticked_by_default"": null}, {""title"": ""New InWomenLingerieMenKidsSchoolHomeReductionsOur Brands"", ""is_strictly_necessary"": false, ""is_ticked_by_default"": null}, {""title"": ""checkbox label"", ""is_strictly_necessary"": false, ""is_ticked_by_default"": null}, {""title"": ""Vendor Search"", ""is_strictly_necessary"": false, ""is_ticked_by_default"": null}, {""title"": ""Performance Cookies"", ""is_strictly_necessary"": false, ""is_ticked_by_default"": null}, {""title"": ""Targeting Cookies"", ""is_strictly_necessary"": false, ""is_ticked_by_default"": false}, {""title"": ""Strictly Necessary Cookies"", ""is_strictly_necessary"": true, ""is_ticked_by_default"": null}, {""title"": ""New InWomenLingerieMenKidsSchoolHomeReductionsOur Brands"", ""is_strictly_necessary"": false, ""is_ticked_by_default"": null}, {""title"": ""checkbox label"", ""is_strictly_necessary"": false, ""is_ticked_by_default"": null}, {""title"": ""New InWomenLingerieMenKidsSchoolHomeReductionsOur Brands"", ""is_strictly_necessary"": false, ""is_ticked_by_default"": null}, {""title"": ""Performance Cookies"", ""is_strictly_necessary"": false, ""is_ticked_by_default"": false}, {""title"": ""checkbox label"", ""is_strictly_necessary"": false, ""is_ticked_by_default"": null}, {""title"": ""Functional Cookies"", ""is_strictly_necessary"": false, ""is_ticked_by_default"": null}, {""title"": ""Targeting Cookies"", ""is_strictly_necessary"": false, ""is_ticked_by_default"": null}, {""title"": ""Functional Cookies"", ""is_strictly_necessary"": false, ""is_ticked_by_default"": false}, {""title"": ""New InWomenLingerieMenKidsSchoolHomeReductionsOur Brands"", ""is_strictly_necessary"": false, ""is_ticked_by_default"": null}]",0.45999999999999996,[],"Cookies
By clicking “Accept All Cookies”, you agree to the storing of cookies on your device to enhance site navigation, analyse site usage, and assist in our marketing efforts.Cookie Policy By clicking “Accept All Cookies”, you agree to the storing of cookies on your device to enhance site navigation, analyse site usage, and assist in our marketing efforts.Cookie Policy",0,FALSE,FALSE,FALSE,[],2,0.22096038135593227,TRUE,FALSE
https://www.brownthomas.com/,2025-06-22T15:51:20.735402,Success,Onetrust,TRUE,TRUE,FALSE,TRUE,set my preferences,TRUE,16,0,1,"[{""title"": ""checkbox label"", ""is_strictly_necessary"": false, ""is_ticked_by_default"": null}, {""title"": ""Functional Cookies"", ""is_strictly_necessary"": false, ""is_ticked_by_default"": false}, {""title"": ""Close"", ""is_strictly_necessary"": false, ""is_ticked_by_default"": null}, {""title"": ""BeautyWomenBagsMensChildrenHomeElectrical"", ""is_strictly_necessary"": false, ""is_ticked_by_default"": null}, {""title"": ""Search the site"", ""is_strictly_necessary"": false, ""is_ticked_by_default"": null}, {""title"": ""Performance Cookies"", ""is_strictly_necessary"": false, ""is_ticked_by_default"": false}, {""title"": ""Close"", ""is_strictly_necessary"": false, ""is_ticked_by_default"": null}, {""title"": ""checkbox label"", ""is_strictly_necessary"": false, ""is_ticked_by_default"": null}, {""title"": ""checkbox label"", ""is_strictly_necessary"": false, ""is_ticked_by_default"": null}, {""title"": ""checkbox label"", ""is_strictly_necessary"": false, ""is_ticked_by_default"": null}, {""title"": ""Vendor Search"", ""is_strictly_necessary"": false, ""is_ticked_by_default"": null}, {""title"": ""Performance Cookies"", ""is_strictly_necessary"": false, ""is_ticked_by_default"": null}, {""title"": ""Targeting Cookies"", ""is_strictly_necessary"": false, ""is_ticked_by_default"": false}, {""title"": ""Targeting Cookies"", ""is_strictly_necessary"": false, ""is_ticked_by_default"": null}, {""title"": ""Strictly Necessary Cookies"", ""is_strictly_necessary"": true, ""is_ticked_by_default"": null}, {""title"": ""Functional Cookies"", ""is_strictly_necessary"": false, ""is_ticked_by_default"": null}]",0.5,[],"Personalise Your Experience
We use cookies to enhance your shopping experience, improve site performance and to deliver personalised advertising across our marketing channels. Manage your settings in 'Set My Preferences' or learn more on ourPrivacy and Cookie Policy We use cookies to enhance your shopping experience, improve site performance and to deliver personalised advertising across our marketing channels. Manage your settings in 'Set My Preferences' or learn more on ourPrivacy and Cookie Policy",0,FALSE,FALSE,FALSE,[],0,0.16652579908675796,TRUE,FALSE
https://www.arnotts.ie/,2025-06-22T15:51:33.790090,Success,Onetrust,TRUE,TRUE,FALSE,TRUE,set my preferences,TRUE,18,0,1,"[{""title"": ""checkbox label"", ""is_strictly_necessary"": false, ""is_ticked_by_default"": null}, {""title"": ""Functional Cookies"", ""is_strictly_necessary"": false, ""is_ticked_by_default"": false}, {""title"": ""Close"", ""is_strictly_necessary"": false, ""is_ticked_by_default"": null}, {""title"": ""Search the site"", ""is_strictly_necessary"": false, ""is_ticked_by_default"": null}, {""title"": ""Performance Cookies"", ""is_strictly_necessary"": false, ""is_ticked_by_default"": false}, {""title"": ""BOLD & BLUSHED"", ""is_strictly_necessary"": false, ""is_ticked_by_default"": null}, {""title"": ""Follow Us"", ""is_strictly_necessary"": false, ""is_ticked_by_default"": null}, {""title"": ""checkbox label"", ""is_strictly_necessary"": false, ""is_ticked_by_default"": null}, {""title"": ""Close"", ""is_strictly_necessary"": false, ""is_ticked_by_default"": null}, {""title"": ""checkbox label"", ""is_strictly_necessary"": false, ""is_ticked_by_default"": null}, {""title"": ""checkbox label"", ""is_strictly_necessary"": false, ""is_ticked_by_default"": null}, {""title"": ""Vendor Search"", ""is_strictly_necessary"": false, ""is_ticked_by_default"": null}, {""title"": ""Targeting Cookies"", ""is_strictly_necessary"": false, ""is_ticked_by_default"": false}, {""title"": ""Performance Cookies"", ""is_strictly_necessary"": false, ""is_ticked_by_default"": null}, {""title"": ""Targeting Cookies"", ""is_strictly_necessary"": false, ""is_ticked_by_default"": null}, {""title"": ""Strictly Necessary Cookies"", ""is_strictly_necessary"": true, ""is_ticked_by_default"": null}, {""title"": ""Functional Cookies"", ""is_strictly_necessary"": false, ""is_ticked_by_default"": null}, {""title"": ""WomenMenKidsFurnitureToysBeautyHomeElectrical"", ""is_strictly_necessary"": false, ""is_ticked_by_default"": null}]",0.5,[],"Personalise Your Experience
We use cookies to enhance your shopping experience, improve site performance and to deliver personalised advertising across our marketing channels. Manage your settings in 'Set My Preferences' or learn more on ourPrivacy and Cookie Policy We use cookies to enhance your shopping experience, improve site performance and to deliver personalised advertising across our marketing channels. Manage your settings in 'Set My Preferences' or learn more on ourPrivacy and Cookie Policy",0,FALSE,FALSE,FALSE,[],0,0.16652579908675796,TRUE,FALSE
https://www.elverys.ie/,2025-06-22T15:51:47.597164,Failed,None,FALSE,FALSE,FALSE,FALSE,,FALSE,0,0,0,[],0,['Critical error: ReadTimeoutError'],,0,FALSE,FALSE,FALSE,[],0,0,FALSE,FALSE
https://www.lifestylesports.com/ie/,2025-06-22T15:53:48.617276,Failed,None,FALSE,FALSE,FALSE,FALSE,,FALSE,0,0,0,[],0,['Critical error: ReadTimeoutError'],,0,FALSE,FALSE,FALSE,[],0,0,FALSE,FALSE
https://www.musgrave.ie/,2025-06-22T15:55:49.665909,Success,Onetrust,TRUE,TRUE,FALSE,TRUE,reject all cookies,TRUE,20,0,1,"[{""title"": ""checkbox label"", ""is_strictly_necessary"": false, ""is_ticked_by_default"": null}, {""title"": ""Food Leadership"", ""is_strictly_necessary"": false, ""is_ticked_by_default"": null}, {""title"": ""Retail partners"", ""is_strictly_necessary"": false, ""is_ticked_by_default"": null}, {""title"": ""All"", ""is_strictly_necessary"": false, ""is_ticked_by_default"": null}, {""title"": ""Functional Cookies"", ""is_strictly_necessary"": false, ""is_ticked_by_default"": false}, {""title"": ""checkbox label"", ""is_strictly_necessary"": false, ""is_ticked_by_default"": null}, {""title"": ""Our brands"", ""is_strictly_necessary"": false, ""is_ticked_by_default"": null}, {""title"": ""checkbox label"", ""is_strictly_necessary"": false, ""is_ticked_by_default"": null}, {""title"": ""checkbox label"", ""is_strictly_necessary"": false, ""is_ticked_by_default"": null}, {""title"": ""Strictly Necessary Cookies"", ""is_strictly_necessary"": true, ""is_ticked_by_default"": null}, {""title"": ""20,000 trees planted by Supervalu and Centra"", ""is_strictly_necessary"": false, ""is_ticked_by_default"": null}, {""title"": ""Vendor Search"", ""is_strictly_necessary"": false, ""is_ticked_by_default"": null}, {""title"": ""Performance Cookies"", ""is_strictly_necessary"": false, ""is_ticked_by_default"": null}, {""title"": ""Targeting Cookies"", ""is_strictly_necessary"": false, ""is_ticked_by_default"": false}, {""title"": ""Targeting Cookies"", ""is_strictly_necessary"": false, ""is_ticked_by_default"": null}, {""title"": ""Careers"", ""is_strictly_necessary"": false, ""is_ticked_by_default"": null}, {""title"": ""Sustainability"", ""is_strictly_necessary"": false, ""is_ticked_by_default"": null}, {""title"": ""Performance Cookies"", ""is_strictly_necessary"": false, ""is_ticked_by_default"": false}, {""title"": ""Group"", ""is_strictly_necessary"": false, ""is_ticked_by_default"": null}, {""title"": ""Functional Cookies"", ""is_strictly_necessary"": false, ""is_ticked_by_default"": null}]",0.5,[],"Musgrave Value Your Privacy
We use cookies and similar technologies to help our websites and apps work properly and to personalise your experience. We and our partners may use information about your devices, your online interactions and you, to provide, analyse and improve our services. This may include personalising content or advertising for you. Click “Accept All” below to consent to the use of all of this technology and any associated processing of your personal data for these purposes. Click “Cookie Settings” to select which cookies to consent to. You can change your mind and change your consent choices at any time by clicking “Cookie Settings” or by returning to this site. See our Cookie Policy for more informationCookie Policy We use cookies and similar technologies to help our websites and apps work properly and to personalise your experience. We and our partners may use information about your devices, your online interactions and you, to provide, analyse and improve our services. This may include personalising content or advertising for you. Click “Accept All” below to consent to the use of all of this technology and any associated processing of your personal data for these purposes. Click “Cookie Settings” to select which cookies to consent to. You can change your mind and change your consent choices at any time by clicking “Cookie Settings” or by returning to this site. See our Cookie Policy for more informationCookie Policy",0,FALSE,FALSE,FALSE,[],0,0.40742134941329866,TRUE,FALSE
https://www.carphonewarehouse.ie/,2025-06-22T15:56:48.109258,Failed,None,FALSE,FALSE,FALSE,FALSE,,FALSE,0,0,0,[],0,['Critical error: WebDriverException'],,0,FALSE,FALSE,FALSE,[],0,0,FALSE,FALSE
https://www.currys.ie/,2025-06-22T15:57:31.338522,Success,Onetrust,TRUE,TRUE,FALSE,TRUE,customise,TRUE,21,0,2,"[{""title"": ""Essential"", ""is_strictly_necessary"": true, ""is_ticked_by_default"": null}, {""title"": ""checkbox label"", ""is_strictly_necessary"": false, ""is_ticked_by_default"": null}, {""title"": ""Shop Top Deals"", ""is_strictly_necessary"": false, ""is_ticked_by_default"": null}, {""title"": ""Functional Cookies"", ""is_strictly_necessary"": false, ""is_ticked_by_default"": null}, {""title"": ""First Party Performance Cookies"", ""is_strictly_necessary"": false, ""is_ticked_by_default"": null}, {""title"": ""Your Privacy"", ""is_strictly_necessary"": false, ""is_ticked_by_default"": null}, {""title"": ""First Party Performance Cookies"", ""is_strictly_necessary"": false, ""is_ticked_by_default"": null}, {""title"": ""Join Currys PerksFor exclusive discounts, rewards, giveaways & lots more."", ""is_strictly_necessary"": false, ""is_ticked_by_default"": null}, {""title"": ""checkbox label"", ""is_strictly_necessary"": false, ""is_ticked_by_default"": null}, {""title"": ""Analytics"", ""is_strictly_necessary"": false, ""is_ticked_by_default"": null}, {""title"": ""First Party Performance Cookies"", ""is_strictly_necessary"": false, ""is_ticked_by_default"": null}, {""title"": ""checkbox label"", ""is_strictly_necessary"": false, ""is_ticked_by_default"": null}, {""title"": ""Analytics"", ""is_strictly_necessary"": false, ""is_ticked_by_default"": null}, {""title"": ""Essential"", ""is_strictly_necessary"": true, ""is_ticked_by_default"": null}, {""title"": ""Functional Cookies"", ""is_strictly_necessary"": false, ""is_ticked_by_default"": null}, {""title"": ""checkbox label"", ""is_strictly_necessary"": false, ""is_ticked_by_default"": null}, {""title"": ""Analytics"", ""is_strictly_necessary"": false, ""is_ticked_by_default"": null}, {""title"": ""Marketing Cookies"", ""is_strictly_necessary"": false, ""is_ticked_by_default"": null}, {""title"": ""Marketing Cookies"", ""is_strictly_necessary"": false, ""is_ticked_by_default"": null}, {""title"": ""Functional Cookies"", ""is_strictly_necessary"": false, ""is_ticked_by_default"": null}, {""title"": ""Marketing Cookies"", ""is_strictly_necessary"": false, ""is_ticked_by_default"": null}]",0.45999999999999996,[],"Personalise your shopping experience
We use cookies - these small but mighty files allow us to deliver a functional and helpful experience, tailored specifically to you. Some cookies are used for ads personalisation. If you prefer to reject cookies, or manage which ones are used, that's cool too. Disabling cookies means your experience on our site will be limited to required functionality only.View our cookies policyView our privacy policy We use cookies - these small but mighty files allow us to deliver a functional and helpful experience, tailored specifically to you. Some cookies are used for ads personalisation. If you prefer to reject cookies, or manage which ones are used, that's cool too. Disabling cookies means your experience on our site will be limited to required functionality only.View our cookies policyView our privacy policy",0,FALSE,FALSE,FALSE,[],2,0.4010371212121213,TRUE,FALSE
https://www.harveynorman.ie/,2025-06-22T15:59:02.189594,Success,Onetrust,TRUE,TRUE,TRUE,TRUE,cookies settings,TRUE,23,0,2,"[{""title"": ""checkbox label"", ""is_strictly_necessary"": false, ""is_ticked_by_default"": null}, {""title"": ""Current Location"", ""is_strictly_necessary"": false, ""is_ticked_by_default"": null}, {""title"": ""Social Media Cookies"", ""is_strictly_necessary"": false, ""is_ticked_by_default"": null}, {""title"": ""BICYCLING"", ""is_strictly_necessary"": false, ""is_ticked_by_default"": null}, {""title"": ""Functional Cookies"", ""is_strictly_necessary"": false, ""is_ticked_by_default"": null}, {""title"": ""Functional Cookies"", ""is_strictly_necessary"": false, ""is_ticked_by_default"": null}, {""title"": ""Your Privacy"", ""is_strictly_necessary"": false, ""is_ticked_by_default"": null}, {""title"": ""checkbox label"", ""is_strictly_necessary"": false, ""is_ticked_by_default"": null}, {""title"": ""Strictly Necessary Cookies"", ""is_strictly_necessary"": true, ""is_ticked_by_default"": null}, {""title"": ""DRIVING"", ""is_strictly_necessary"": false, ""is_ticked_by_default"": null}, {""title"": ""checkbox label"", ""is_strictly_necessary"": false, ""is_ticked_by_default"": null}, {""title"": ""Strictly Necessary Cookies"", ""is_strictly_necessary"": true, ""is_ticked_by_default"": null}, {""title"": ""Functional Cookies"", ""is_strictly_necessary"": false, ""is_ticked_by_default"": null}, {""title"": ""Performance Cookies"", ""is_strictly_necessary"": false, ""is_ticked_by_default"": null}, {""title"": ""Social Media Cookies"", ""is_strictly_necessary"": false, ""is_ticked_by_default"": null}, {""title"": ""checkbox label"", ""is_strictly_necessary"": false, ""is_ticked_by_default"": null}, {""title"": ""Performance Cookies"", ""is_strictly_necessary"": false, ""is_ticked_by_default"": null}, {""title"": ""Social Media Cookies"", ""is_strictly_necessary"": false, ""is_ticked_by_default"": null}, {""title"": ""WALKING"", ""is_strictly_necessary"": false, ""is_ticked_by_default"": null}, {""title"": ""Targeting Cookies"", ""is_strictly_necessary"": false, ""is_ticked_by_default"": null}, {""title"": ""Targeting Cookies"", ""is_strictly_necessary"": false, ""is_ticked_by_default"": null}, {""title"": ""Targeting Cookies"", ""is_strictly_necessary"": false, ""is_ticked_by_default"": null}, {""title"": ""Performance Cookies"", ""is_strictly_necessary"": false, ""is_ticked_by_default"": null}]",0.6,[],"Here at Harvey Norman we use cookies to provide you with the best possible experience on our website. By clicking ""Accept All Cookies"", you agree to the storing of cookies on your device to enhance site navigation, analyze site usage, and assist in our marketing efforts. Privacy & Cookie Policy Here at Harvey Norman we use cookies to provide you with the best possible experience on our website. By clicking ""Accept All Cookies"", you agree to the storing of cookies on your device to enhance site navigation, analyze site usage, and assist in our marketing efforts. Privacy & Cookie Policy",0,FALSE,FALSE,FALSE,[],0,0.40249785714285724,TRUE,FALSE
https://www.donegalcoco.ie/,2025-06-22T15:59:21.699285,Success,Cookiebot,TRUE,TRUE,FALSE,TRUE,use necessary cookies only,TRUE,13,6,1,"[{""title"": ""Search mobile site"", ""is_strictly_necessary"": false, ""is_ticked_by_default"": null}, {""title"": ""Search the website"", ""is_strictly_necessary"": false, ""is_ticked_by_default"": null}, {""title"": ""Statistics"", ""is_strictly_necessary"": false, ""is_ticked_by_default"": null}, {""title"": ""Do not sell or share my personal information"", ""is_strictly_necessary"": false, ""is_ticked_by_default"": null}, {""title"": ""Search"", ""is_strictly_necessary"": false, ""is_ticked_by_default"": null}, {""title"": ""Preferences"", ""is_strictly_necessary"": false, ""is_ticked_by_default"": null}, {""title"": ""Marketing"", ""is_strictly_necessary"": false, ""is_ticked_by_default"": null}, {""title"": ""Necessary"", ""is_strictly_necessary"": true, ""is_ticked_by_default"": true}, {""title"": ""Statistics"", ""is_strictly_necessary"": false, ""is_ticked_by_default"": null}, {""title"": ""Necessary"", ""is_strictly_necessary"": false, ""is_ticked_by_default"": null}, {""title"": ""Necessary"", ""is_strictly_necessary"": false, ""is_ticked_by_default"": null}, {""title"": ""Marketing"", ""is_strictly_necessary"": false, ""is_ticked_by_default"": null}, {""title"": ""Preferences"", ""is_strictly_necessary"": false, ""is_ticked_by_default"": null}]",0.44000000000000006,[],,0,FALSE,FALSE,FALSE,[],3,0,TRUE,FALSE
https://www.corkcity.ie/,2025-06-22T16:00:40.865566,Partial (Interaction Failed),Cookiebot,TRUE,FALSE,FALSE,FALSE,,FALSE,0,6,0,[],0,['No visible buttons found in banner.'],,0,FALSE,FALSE,FALSE,[],3,0,FALSE,FALSE
https://www.welfare.ie/,2025-06-22T16:00:53.888817,Partial (Interaction Failed),Didomi,TRUE,FALSE,FALSE,FALSE,,FALSE,0,0,0,[],0,['No visible buttons found in banner.'],,0,FALSE,FALSE,FALSE,[],3,0,FALSE,FALSE
https://www.spunout.ie/,2025-06-22T16:01:05.340200,Partial (Interaction Failed),Cookiebot,TRUE,FALSE,FALSE,FALSE,,FALSE,0,6,0,[],0,['No visible buttons found in banner.'],,0,FALSE,FALSE,FALSE,[],3,0,FALSE,FALSE
