url,timestamp,status,cmp_vendor,initial_banner_found,accept_all_present,reject_all_present,settings_button_present,settings_button_text,preference_center_accessed,total_purposes_count,pre_ticked_non_essential_count,strictly_necessary_count,purposes_json,compliance_score,error_log,legal_text_summary,vendor_count,data_retention_mentioned,user_rights_mentioned,legitimate_interest_present,purpose_categories,dark_pattern_score,legal_readability_score,has_granular_control,gdpr_article_13_compliance
https://eu.puma.com/ie/en/home,2025-06-22T16:38:56.244124,Success,Onetrust,TRUE,TRUE,FALSE,TRUE,cookies settings,TRUE,17,0,1,"[{""title"": ""Functional Cookies"", ""is_strictly_necessary"": false, ""is_ticked_by_default"": false}, {""title"": ""Support"", ""is_strictly_necessary"": false, ""is_ticked_by_default"": null}, {""title"": ""Performance Cookies"", ""is_strictly_necessary"": false, ""is_ticked_by_default"": null}, {""title"": ""Targeting Cookies"", ""is_strictly_necessary"": false, ""is_ticked_by_default"": null}, {""title"": ""Social Media Cookies"", ""is_strictly_necessary"": false, ""is_ticked_by_default"": false}, {""title"": ""Other analysis methods for marketing purposes (website tags)"", ""is_strictly_necessary"": false, ""is_ticked_by_default"": null}, {""title"": ""Strictly Necessary Cookies"", ""is_strictly_necessary"": true, ""is_ticked_by_default"": null}, {""title"": ""checkbox label"", ""is_strictly_necessary"": false, ""is_ticked_by_default"": null}, {""title"": ""Targeting Cookies"", ""is_strictly_necessary"": false, ""is_ticked_by_default"": false}, {""title"": ""checkbox label"", ""is_strictly_necessary"": false, ""is_ticked_by_default"": null}, {""title"": ""Functional Cookies"", ""is_strictly_necessary"": false, ""is_ticked_by_default"": null}, {""title"": ""checkbox label"", ""is_strictly_necessary"": false, ""is_ticked_by_default"": null}, {""title"": ""Other analysis methods for marketing purposes (website tags)"", ""is_strictly_necessary"": false, ""is_ticked_by_default"": false}, {""title"": ""Social Media Cookies"", ""is_strictly_necessary"": false, ""is_ticked_by_default"": null}, {""title"": ""Performance Cookies"", ""is_strictly_necessary"": false, ""is_ticked_by_default"": false}, {""title"": ""checkbox label"", ""is_strictly_necessary"": false, ""is_ticked_by_default"": null}, {""title"": ""About PUMA"", ""is_strictly_necessary"": false, ""is_ticked_by_default"": null}]",0.45999999999999996,['No substantial legal text found'],,0,FALSE,FALSE,FALSE,[],2,0,TRUE,FALSE
https://www.adobe.com/ie/,2025-06-22T16:39:16.870508,Success,Onetrust,TRUE,TRUE,FALSE,TRUE,"cookie settings
don't enable enable all",TRUE,17,1,0,"[{""title"": ""Measure performance"", ""is_strictly_necessary"": false, ""is_ticked_by_default"": false}, {""title"": ""Operate the site and core services"", ""is_strictly_necessary"": false, ""is_ticked_by_default"": true}, {""title"": ""Measure performance"", ""is_strictly_necessary"": false, ""is_ticked_by_default"": null}, {""title"": ""Personalize advertising"", ""is_strictly_necessary"": false, ""is_ticked_by_default"": null}, {""title"": ""Cookie details\u200e"", ""is_strictly_necessary"": false, ""is_ticked_by_default"": null}, {""title"": ""Extend functionality"", ""is_strictly_necessary"": false, ""is_ticked_by_default"": false}, {""title"": ""Extend functionality"", ""is_strictly_necessary"": false, ""is_ticked_by_default"": null}, {""title"": ""Select All Vendors"", ""is_strictly_necessary"": false, ""is_ticked_by_default"": null}, {""title"": ""Personalize advertising"", ""is_strictly_necessary"": false, ""is_ticked_by_default"": false}, {""title"": ""Information storage and access"", ""is_strictly_necessary"": false, ""is_ticked_by_default"": null}, {""title"": ""Select All Vendors"", ""is_strictly_necessary"": false, ""is_ticked_by_default"": null}, {""title"": ""All Consent Allowed"", ""is_strictly_necessary"": false, ""is_ticked_by_default"": null}, {""title"": ""Operate the site and core services"", ""is_strictly_necessary"": false, ""is_ticked_by_default"": null}, {""title"": ""Cookie details\u200e"", ""is_strictly_necessary"": false, ""is_ticked_by_default"": null}, {""title"": ""Vendor Search"", ""is_strictly_necessary"": false, ""is_ticked_by_default"": null}, {""title"": ""Cookie details\u200e"", ""is_strictly_necessary"": false, ""is_ticked_by_default"": null}, {""title"": ""Cookie details\u200e"", ""is_strictly_necessary"": false, ""is_ticked_by_default"": null}]",0.5,['No substantial legal text found'],,0,FALSE,FALSE,FALSE,[],0,0,TRUE,FALSE
https://www2.hm.com/en_ie/index.html,2025-06-22T16:39:32.601136,Partial,Onetrust,TRUE,TRUE,FALSE,TRUE,only required cookies,TRUE,0,0,0,[],0.26,['No substantial legal text found'],,0,FALSE,FALSE,FALSE,[],2,0,FALSE,FALSE
https://www.rte.ie/,2025-06-22T16:40:16.957019,Success,Onetrust,TRUE,TRUE,FALSE,TRUE,show purposes,TRUE,38,0,1,"[{""title"": ""Create profiles to personalise content3 partners can use this purpose"", ""is_strictly_necessary"": false, ""is_ticked_by_default"": false}, {""title"": ""Measure advertising performance20 partners can use this purpose"", ""is_strictly_necessary"": false, ""is_ticked_by_default"": false}, {""title"": ""Create profiles for personalised advertising14 partners can use this purpose"", ""is_strictly_necessary"": false, ""is_ticked_by_default"": false}, {""title"": ""Measure advertising performance"", ""is_strictly_necessary"": false, ""is_ticked_by_default"": null}, {""title"": ""Create profiles for personalised advertising"", ""is_strictly_necessary"": false, ""is_ticked_by_default"": null}, {""title"": ""Use limited data to select advertising17 partners can use this purpose"", ""is_strictly_necessary"": false, ""is_ticked_by_default"": false}, {""title"": ""Develop and improve services"", ""is_strictly_necessary"": false, ""is_ticked_by_default"": null}, {""title"": ""checkbox label"", ""is_strictly_necessary"": false, ""is_ticked_by_default"": null}, {""title"": ""Measure content performance6 partners can use this purpose"", ""is_strictly_necessary"": false, ""is_ticked_by_default"": false}, {""title"": ""Strictly Necessary Cookies"", ""is_strictly_necessary"": true, ""is_ticked_by_default"": null}, {""title"": ""Identify devices based on information transmitted automatically17 partners can use this feature"", ""is_strictly_necessary"": false, ""is_ticked_by_default"": null}, {""title"": ""Use precise geolocation data"", ""is_strictly_necessary"": false, ""is_ticked_by_default"": null}, {""title"": ""Targeting Cookies and Third-Party Embeds"", ""is_strictly_necessary"": false, ""is_ticked_by_default"": null}, {""title"": ""Understand audiences through statistics or combinations of data from different sources11 partners can use this purpose"", ""is_strictly_necessary"": false, ""is_ticked_by_default"": false}, {""title"": ""Use precise geolocation data7 partners can use this special feature"", ""is_strictly_necessary"": false, ""is_ticked_by_default"": false}, {""title"": ""Targeting Cookies and Third-Party Embeds"", ""is_strictly_necessary"": false, ""is_ticked_by_default"": false}, {""title"": ""Use profiles to select personalised content"", ""is_strictly_necessary"": false, ""is_ticked_by_default"": null}, {""title"": ""Performance Cookies"", ""is_strictly_necessary"": false, ""is_ticked_by_default"": false}, {""title"": ""Link different devices13 partners can use this feature"", ""is_strictly_necessary"": false, ""is_ticked_by_default"": null}, {""title"": ""Match and combine data from other data sources12 partners can use this feature"", ""is_strictly_necessary"": false, ""is_ticked_by_default"": null}, {""title"": ""Use profiles to select personalised content3 partners can use this purpose"", ""is_strictly_necessary"": false, ""is_ticked_by_default"": false}, {""title"": ""Store and/or access information on a device17 partners can use this purpose"", ""is_strictly_necessary"": false, ""is_ticked_by_default"": false}, {""title"": ""Use profiles to select personalised advertising13 partners can use this purpose"", ""is_strictly_necessary"": false, ""is_ticked_by_default"": false}, {""title"": ""Measure content performance"", ""is_strictly_necessary"": false, ""is_ticked_by_default"": null}, {""title"": ""checkbox label"", ""is_strictly_necessary"": false, ""is_ticked_by_default"": null}, {""title"": ""Develop and improve services17 partners can use this purpose"", ""is_strictly_necessary"": false, ""is_ticked_by_default"": false}, {""title"": ""Use profiles to select personalised advertising"", ""is_strictly_necessary"": false, ""is_ticked_by_default"": null}, {""title"": ""Performance Cookies"", ""is_strictly_necessary"": false, ""is_ticked_by_default"": null}, {""title"": ""Ensure security, prevent and detect fraud, and fix errors16 partners can use this special purpose"", ""is_strictly_necessary"": false, ""is_ticked_by_default"": null}, {""title"": ""checkbox label"", ""is_strictly_necessary"": false, ""is_ticked_by_default"": null}, {""title"": ""Create profiles to personalise content"", ""is_strictly_necessary"": false, ""is_ticked_by_default"": null}, {""title"": ""checkbox label"", ""is_strictly_necessary"": false, ""is_ticked_by_default"": null}, {""title"": ""Use limited data to select advertising"", ""is_strictly_necessary"": false, ""is_ticked_by_default"": null}, {""title"": ""Understand audiences through statistics or combinations of data from different sources"", ""is_strictly_necessary"": false, ""is_ticked_by_default"": null}, {""title"": ""Functional Cookies"", ""is_strictly_necessary"": false, ""is_ticked_by_default"": false}, {""title"": ""Functional Cookies"", ""is_strictly_necessary"": false, ""is_ticked_by_default"": null}, {""title"": ""Store and/or access information on a device"", ""is_strictly_necessary"": false, ""is_ticked_by_default"": null}, {""title"": ""Deliver and present advertising and content17 partners can use this special purpose"", ""is_strictly_necessary"": false, ""is_ticked_by_default"": null}]",0.45999999999999996,[],Use precise geolocation data. Actively scan device characteristics for identification. Store and/or access information on a device. Develop and improve services. Measure content performance. Understand audiences through statistics or combinations of data from different sources. Use limited data to select advertising. Create profiles for personalised advertising. Use profiles to select personalised advertising. Create profiles to personalise content. Use profiles to select personalised content. Measure advertising performance. Use limited data to select content. List of Partners (vendors),0,FALSE,FALSE,FALSE,[],2,0.2751832706766919,TRUE,FALSE
https://www.did.ie/,2025-06-22T16:40:29.576141,Success,Onetrust,TRUE,TRUE,TRUE,TRUE,allow selection,TRUE,22,6,1,"[{""title"": ""Smartphones & Tech"", ""is_strictly_necessary"": false, ""is_ticked_by_default"": null}, {""title"": ""Statistics"", ""is_strictly_necessary"": false, ""is_ticked_by_default"": null}, {""title"": ""Necessary"", ""is_strictly_necessary"": true, ""is_ticked_by_default"": true}, {""title"": ""Preferences"", ""is_strictly_necessary"": false, ""is_ticked_by_default"": null}, {""title"": ""Marketing"", ""is_strictly_necessary"": false, ""is_ticked_by_default"": null}, {""title"": ""Brands"", ""is_strictly_necessary"": false, ""is_ticked_by_default"": null}, {""title"": ""Marketing"", ""is_strictly_necessary"": false, ""is_ticked_by_default"": null}, {""title"": ""Home Appliances"", ""is_strictly_necessary"": false, ""is_ticked_by_default"": null}, {""title"": ""Statistics"", ""is_strictly_necessary"": false, ""is_ticked_by_default"": null}, {""title"": ""Do not sell or share my personal information"", ""is_strictly_necessary"": false, ""is_ticked_by_default"": null}, {""title"": ""Outlet"", ""is_strictly_necessary"": false, ""is_ticked_by_default"": null}, {""title"": ""Accessories"", ""is_strictly_necessary"": false, ""is_ticked_by_default"": null}, {""title"": ""TV & Audio"", ""is_strictly_necessary"": false, ""is_ticked_by_default"": null}, {""title"": ""Gifts"", ""is_strictly_necessary"": false, ""is_ticked_by_default"": null}, {""title"": ""Search"", ""is_strictly_necessary"": false, ""is_ticked_by_default"": null}, {""title"": ""Laptops & Gaming"", ""is_strictly_necessary"": false, ""is_ticked_by_default"": null}, {""title"": ""Necessary"", ""is_strictly_necessary"": false, ""is_ticked_by_default"": null}, {""title"": ""Big Summer Sale"", ""is_strictly_necessary"": false, ""is_ticked_by_default"": null}, {""title"": ""Search language"", ""is_strictly_necessary"": false, ""is_ticked_by_default"": null}, {""title"": ""Necessary"", ""is_strictly_necessary"": false, ""is_ticked_by_default"": null}, {""title"": ""Preferences"", ""is_strictly_necessary"": false, ""is_ticked_by_default"": null}, {""title"": ""Small Appliances"", ""is_strictly_necessary"": false, ""is_ticked_by_default"": null}]",0.54,[],"We use cookies to personalise content and ads, to provide social media features and to analyse our traffic. We also share information about your use of our site with our social media, advertising and analytics partners who may combine it with other information that you’ve provided to them or that they’ve collected from your use of their services.. Necessary cookies help make a website usable by enabling basic functions like page navigation and access to secure areas of the website. The website cannot function properly without these cookies.. Stores the user's cookie consent state for the current domain. Some of the data collected by this provider is for the purposes of personalization and measuring advertising effectiveness.",0,FALSE,FALSE,FALSE,[],3,0.33748074712643694,TRUE,FALSE
https://www.amazon.ie/,2025-06-22T16:41:47.613008,Partial (Interaction Failed),Cookiebot,TRUE,FALSE,FALSE,FALSE,,FALSE,0,0,0,[],0,"['No substantial legal text found', 'No visible buttons found in banner.']",,0,FALSE,FALSE,FALSE,[],0,0,FALSE,FALSE
https://www.zalando.ie/,2025-06-22T16:42:29.484064,Partial (Interaction Failed),Didomi,TRUE,FALSE,FALSE,FALSE,,FALSE,0,0,0,[],0,"['No substantial legal text found', 'No visible buttons found in banner.']",,0,FALSE,FALSE,FALSE,[],0,0,FALSE,FALSE
https://deliveroo.ie/,2025-06-22T16:43:11.269653,Success,Onetrust,TRUE,TRUE,FALSE,TRUE,customise,TRUE,12,0,1,"[{""title"": ""checkbox label"", ""is_strictly_necessary"": false, ""is_ticked_by_default"": null}, {""title"": ""Functional Cookies"", ""is_strictly_necessary"": false, ""is_ticked_by_default"": null}, {""title"": ""Strictly Necessary Cookies"", ""is_strictly_necessary"": true, ""is_ticked_by_default"": null}, {""title"": ""Analytics Cookies"", ""is_strictly_necessary"": false, ""is_ticked_by_default"": false}, {""title"": ""Functional Cookies"", ""is_strictly_necessary"": false, ""is_ticked_by_default"": false}, {""title"": ""Analytics Cookies"", ""is_strictly_necessary"": false, ""is_ticked_by_default"": null}, {""title"": ""checkbox label"", ""is_strictly_necessary"": false, ""is_ticked_by_default"": null}, {""title"": ""checkbox label"", ""is_strictly_necessary"": false, ""is_ticked_by_default"": null}, {""title"": ""Enter your address to find local restaurants"", ""is_strictly_necessary"": false, ""is_ticked_by_default"": null}, {""title"": ""Advertising Cookies"", ""is_strictly_necessary"": false, ""is_ticked_by_default"": false}, {""title"": ""checkbox label"", ""is_strictly_necessary"": false, ""is_ticked_by_default"": null}, {""title"": ""Advertising Cookies"", ""is_strictly_necessary"": false, ""is_ticked_by_default"": null}]",0.45999999999999996,[],"We and our partners use cookies and similar technologies to analyse traffic, tailor and improve our content and services (like showing you great restaurants and shops we’d think you’d like), serve relevant ads and measure their effectiveness on other apps and websites. To help make ads relevant we may also share your data with advertising partners. You can accept, reject or customise our use of such cookies for these purposes, or select ‘Cookies’ in our Sites footer at any time, to choose which cookies we can use. To learn more see our Cookie Policy.",0,FALSE,FALSE,FALSE,[],2,0.4527077127659575,TRUE,FALSE
https://www.irishtimes.com/,2025-06-22T16:43:26.001991,Success,Onetrust,TRUE,TRUE,FALSE,TRUE,manage settings,TRUE,39,0,1,"[{""title"": ""Switch Label"", ""is_strictly_necessary"": false, ""is_ticked_by_default"": null}, {""title"": ""IAB Features"", ""is_strictly_necessary"": false, ""is_ticked_by_default"": false}, {""title"": ""Switch Label"", ""is_strictly_necessary"": false, ""is_ticked_by_default"": null}, {""title"": ""checkbox label"", ""is_strictly_necessary"": false, ""is_ticked_by_default"": null}, {""title"": ""Personalised advertising and content, advertising and content measurement, audience research and services development"", ""is_strictly_necessary"": false, ""is_ticked_by_default"": null}, {""title"": ""Switch Label"", ""is_strictly_necessary"": false, ""is_ticked_by_default"": null}, {""title"": ""Actively scan device characteristics for identification"", ""is_strictly_necessary"": false, ""is_ticked_by_default"": null}, {""title"": ""Store and/or access information on a device68 partners can use this purpose"", ""is_strictly_necessary"": false, ""is_ticked_by_default"": false}, {""title"": ""Performance Cookies"", ""is_strictly_necessary"": false, ""is_ticked_by_default"": false}, {""title"": ""Switch Label"", ""is_strictly_necessary"": false, ""is_ticked_by_default"": null}, {""title"": ""Use precise geolocation data"", ""is_strictly_necessary"": false, ""is_ticked_by_default"": null}, {""title"": ""Use precise geolocation data29 partners can use this purpose"", ""is_strictly_necessary"": false, ""is_ticked_by_default"": false}, {""title"": ""Actively scan device characteristics for identification11 partners can use this purpose"", ""is_strictly_necessary"": false, ""is_ticked_by_default"": false}, {""title"": ""Strictly Necessary Cookies"", ""is_strictly_necessary"": true, ""is_ticked_by_default"": null}, {""title"": ""Switch Label"", ""is_strictly_necessary"": false, ""is_ticked_by_default"": null}, {""title"": ""Switch Label"", ""is_strictly_necessary"": false, ""is_ticked_by_default"": null}, {""title"": ""Switch Label"", ""is_strictly_necessary"": false, ""is_ticked_by_default"": null}, {""title"": ""Functional Cookies"", ""is_strictly_necessary"": false, ""is_ticked_by_default"": null}, {""title"": ""Store and/or access information on a device"", ""is_strictly_necessary"": false, ""is_ticked_by_default"": null}, {""title"": ""Switch Label"", ""is_strictly_necessary"": false, ""is_ticked_by_default"": null}, {""title"": ""Switch Label"", ""is_strictly_necessary"": false, ""is_ticked_by_default"": null}, {""title"": ""Performance Cookies"", ""is_strictly_necessary"": false, ""is_ticked_by_default"": null}, {""title"": ""Switch Label"", ""is_strictly_necessary"": false, ""is_ticked_by_default"": null}, {""title"": ""Targeting Cookies"", ""is_strictly_necessary"": false, ""is_ticked_by_default"": null}, {""title"": ""Switch Label"", ""is_strictly_necessary"": false, ""is_ticked_by_default"": null}, {""title"": ""Switch Label"", ""is_strictly_necessary"": false, ""is_ticked_by_default"": null}, {""title"": ""Personalised advertising and content, advertising and content measurement, audience research and services development77 partners can use this purpose"", ""is_strictly_necessary"": false, ""is_ticked_by_default"": false}, {""title"": ""Switch Label"", ""is_strictly_necessary"": false, ""is_ticked_by_default"": null}, {""title"": ""checkbox label"", ""is_strictly_necessary"": false, ""is_ticked_by_default"": null}, {""title"": ""Social Media Cookies"", ""is_strictly_necessary"": false, ""is_ticked_by_default"": false}, {""title"": ""Switch Label"", ""is_strictly_necessary"": false, ""is_ticked_by_default"": null}, {""title"": ""checkbox label"", ""is_strictly_necessary"": false, ""is_ticked_by_default"": null}, {""title"": ""checkbox label"", ""is_strictly_necessary"": false, ""is_ticked_by_default"": null}, {""title"": ""Switch Label"", ""is_strictly_necessary"": false, ""is_ticked_by_default"": null}, {""title"": ""Functional Cookies"", ""is_strictly_necessary"": false, ""is_ticked_by_default"": false}, {""title"": ""Switch Label"", ""is_strictly_necessary"": false, ""is_ticked_by_default"": null}, {""title"": ""Targeting Cookies"", ""is_strictly_necessary"": false, ""is_ticked_by_default"": false}, {""title"": ""Social Media Cookies"", ""is_strictly_necessary"": false, ""is_ticked_by_default"": null}, {""title"": ""IAB Special Purposes"", ""is_strictly_necessary"": false, ""is_ticked_by_default"": false}]",0.5,[],"Use precise geolocation data. Actively scan device characteristics for identification. Store and/or access information on a device. Personalised advertising and content, advertising and content measurement, audience research and services development. List of Partners (vendors). Certain vendors, once consent is provided by you to the storage of information on your device and/or to the access of information already stored on your device, use legitimate interest to further process your personal data.",16,FALSE,FALSE,TRUE,[],0,0.2944523809523812,TRUE,FALSE
https://www.independent.ie/,2025-06-22T16:43:43.446240,Partial (Interaction Failed),Cookiebot,TRUE,FALSE,FALSE,FALSE,,FALSE,0,0,0,[],0,['No visible buttons found in banner.'],"Mediahuis (‘we’) and partners use technologies such as cookies to store and access (personal) data – online identifiers (e.g., IP address, sign-in ID), non-precise location and information about your browser, operating system, device as well as insights into your use of this domain – on your device for the following purposes:. Would you like more explanation about our use of your data? Read our privacy policy and cookie policy. More information on the use of your data by our partners you find here.",0,FALSE,FALSE,FALSE,[],0,0,FALSE,FALSE
https://www.breakingnews.ie/,2025-06-22T16:43:58.158367,Success,Onetrust,TRUE,TRUE,FALSE,TRUE,manage my settings,TRUE,38,0,1,"[{""title"": ""Switch Label"", ""is_strictly_necessary"": false, ""is_ticked_by_default"": null}, {""title"": ""Actively scan device characteristics for identification10 partners can use this purpose"", ""is_strictly_necessary"": false, ""is_ticked_by_default"": false}, {""title"": ""Switch Label"", ""is_strictly_necessary"": false, ""is_ticked_by_default"": null}, {""title"": ""checkbox label"", ""is_strictly_necessary"": false, ""is_ticked_by_default"": null}, {""title"": ""Personalised advertising and content, advertising and content measurement, audience research and services development"", ""is_strictly_necessary"": false, ""is_ticked_by_default"": null}, {""title"": ""Switch Label"", ""is_strictly_necessary"": false, ""is_ticked_by_default"": null}, {""title"": ""Actively scan device characteristics for identification"", ""is_strictly_necessary"": false, ""is_ticked_by_default"": null}, {""title"": ""Store and/or access information on a device66 partners can use this purpose"", ""is_strictly_necessary"": false, ""is_ticked_by_default"": false}, {""title"": ""Switch Label"", ""is_strictly_necessary"": false, ""is_ticked_by_default"": null}, {""title"": ""Use precise geolocation data"", ""is_strictly_necessary"": false, ""is_ticked_by_default"": null}, {""title"": ""Switch Label"", ""is_strictly_necessary"": false, ""is_ticked_by_default"": null}, {""title"": ""Switch Label"", ""is_strictly_necessary"": false, ""is_ticked_by_default"": null}, {""title"": ""Switch Label"", ""is_strictly_necessary"": false, ""is_ticked_by_default"": null}, {""title"": ""Store and/or access information on a device"", ""is_strictly_necessary"": false, ""is_ticked_by_default"": null}, {""title"": ""Functional Cookies"", ""is_strictly_necessary"": false, ""is_ticked_by_default"": null}, {""title"": ""Sign up for our newsletter"", ""is_strictly_necessary"": false, ""is_ticked_by_default"": null}, {""title"": ""Personalised advertising and content, advertising and content measurement, audience research and services development75 partners can use this purpose"", ""is_strictly_necessary"": false, ""is_ticked_by_default"": false}, {""title"": ""Switch Label"", ""is_strictly_necessary"": false, ""is_ticked_by_default"": null}, {""title"": ""Use precise geolocation data27 partners can use this purpose"", ""is_strictly_necessary"": false, ""is_ticked_by_default"": false}, {""title"": ""Save and communicate privacy choices45 partners can use this purpose"", ""is_strictly_necessary"": false, ""is_ticked_by_default"": null}, {""title"": ""Performance Cookies"", ""is_strictly_necessary"": false, ""is_ticked_by_default"": null}, {""title"": ""Targeting Cookies"", ""is_strictly_necessary"": false, ""is_ticked_by_default"": null}, {""title"": ""Switch Label"", ""is_strictly_necessary"": false, ""is_ticked_by_default"": null}, {""title"": ""Switch Label"", ""is_strictly_necessary"": false, ""is_ticked_by_default"": null}, {""title"": ""Switch Label"", ""is_strictly_necessary"": false, ""is_ticked_by_default"": null}, {""title"": ""Switch Label"", ""is_strictly_necessary"": false, ""is_ticked_by_default"": null}, {""title"": ""checkbox label"", ""is_strictly_necessary"": false, ""is_ticked_by_default"": null}, {""title"": ""Targeting Cookies"", ""is_strictly_necessary"": false, ""is_ticked_by_default"": false}, {""title"": ""Switch Label"", ""is_strictly_necessary"": false, ""is_ticked_by_default"": null}, {""title"": ""checkbox label"", ""is_strictly_necessary"": false, ""is_ticked_by_default"": null}, {""title"": ""Performance Cookies"", ""is_strictly_necessary"": false, ""is_ticked_by_default"": false}, {""title"": ""checkbox label"", ""is_strictly_necessary"": false, ""is_ticked_by_default"": null}, {""title"": ""Strictly Necessary Cookies"", ""is_strictly_necessary"": true, ""is_ticked_by_default"": null}, {""title"": ""Functional Cookies"", ""is_strictly_necessary"": false, ""is_ticked_by_default"": false}, {""title"": ""Switch Label"", ""is_strictly_necessary"": false, ""is_ticked_by_default"": null}, {""title"": ""Switch Label"", ""is_strictly_necessary"": false, ""is_ticked_by_default"": null}, {""title"": ""Social Media Cookies"", ""is_strictly_necessary"": false, ""is_ticked_by_default"": false}, {""title"": ""Social Media Cookies"", ""is_strictly_necessary"": false, ""is_ticked_by_default"": null}]",0.45999999999999996,[],"Use precise geolocation data. Actively scan device characteristics for identification. Store and/or access information on a device. Personalised advertising and content, advertising and content measurement, audience research and services development. List of Partners (vendors). Certain vendors, once consent is provided by you to the storage of information on your device and/or to the access of information already stored on your deceive, use legitimate interest to further process your personal data.",15,FALSE,FALSE,TRUE,[],2,0.2944523809523812,TRUE,FALSE
https://www.joe.ie/,2025-06-22T16:44:08.842943,Partial,Quantcast,TRUE,FALSE,FALSE,TRUE,partners,TRUE,0,0,0,[],0.16,[],Please note that this website/app uses one or more Google services and may gather and store information including but not limited to your visit or usage behaviour. You may click to grant or deny consent to Google and its third-party tags to use your data for below specified purposes in below Google consent section.,0,FALSE,FALSE,FALSE,[],2,0.3801685185185185,FALSE,FALSE
https://www.her.ie/,2025-06-22T16:44:54.420134,Partial,Quantcast,TRUE,FALSE,FALSE,TRUE,partners,TRUE,0,0,0,[],0.2,[],Please note that this website/app uses one or more Google services and may gather and store information including but not limited to your visit or usage behaviour. You may click to grant or deny consent to Google and its third-party tags to use your data for below specified purposes in below Google consent section.,0,FALSE,FALSE,FALSE,[],0,0.3801685185185185,FALSE,FALSE
https://www.thejournal.ie/,2025-06-22T16:45:38.898734,Success,Onetrust,TRUE,TRUE,FALSE,TRUE,list of vendors,TRUE,299,0,0,"[{""title"": ""Data Circle"", ""is_strictly_necessary"": false, ""is_ticked_by_default"": null}, {""title"": ""Ad-Shield, Inc"", ""is_strictly_necessary"": false, ""is_ticked_by_default"": null}, {""title"": ""Swipefinder AB"", ""is_strictly_necessary"": false, ""is_ticked_by_default"": null}, {""title"": ""OneTag Limited"", ""is_strictly_necessary"": false, ""is_ticked_by_default"": null}, {""title"": ""Switch Label"", ""is_strictly_necessary"": false, ""is_ticked_by_default"": null}, {""title"": ""OneLog AG"", ""is_strictly_necessary"": false, ""is_ticked_by_default"": null}, {""title"": ""BIDSCUBE SP. Z O.O"", ""is_strictly_necessary"": false, ""is_ticked_by_default"": null}, {""title"": ""Develop and improve services"", ""is_strictly_necessary"": false, ""is_ticked_by_default"": null}, {""title"": ""Social Media Cookies"", ""is_strictly_necessary"": false, ""is_ticked_by_default"": false}, {""title"": ""PubMatic, Inc"", ""is_strictly_necessary"": false, ""is_ticked_by_default"": null}, {""title"": ""DoubleVerify Inc.\u200b"", ""is_strictly_necessary"": false, ""is_ticked_by_default"": null}, {""title"": ""Clipflip Interactive Video Technology GmbH"", ""is_strictly_necessary"": false, ""is_ticked_by_default"": null}, {""title"": ""METAX SOFTWARE PTE.LTD."", ""is_strictly_necessary"": false, ""is_ticked_by_default"": null}, {""title"": ""BrightLine Partners LLC"", ""is_strictly_necessary"": false, ""is_ticked_by_default"": null}, {""title"": ""Soluciones Netquest de Investigaci\u00f3n SLU"", ""is_strictly_necessary"": false, ""is_ticked_by_default"": null}, {""title"": ""GEEMEE INC."", ""is_strictly_necessary"": false, ""is_ticked_by_default"": null}, {""title"": ""NEXT MEDIA SOLUTIONS"", ""is_strictly_necessary"": false, ""is_ticked_by_default"": null}, {""title"": ""Link different devices62 partners can use this feature"", ""is_strictly_necessary"": false, ""is_ticked_by_default"": null}, {""title"": ""Adwise - Your Digital Brain"", ""is_strictly_necessary"": false, ""is_ticked_by_default"": null}, {""title"": ""Identify devices based on information transmitted automatically"", ""is_strictly_necessary"": false, ""is_ticked_by_default"": null}, {""title"": ""ConceptX ApS"", ""is_strictly_necessary"": false, ""is_ticked_by_default"": null}, {""title"": ""AceeX Sp.z.o.o."", ""is_strictly_necessary"": false, ""is_ticked_by_default"": null}, {""title"": ""ADBRO (GISTER PRIVATE LIMITED)"", ""is_strictly_necessary"": false, ""is_ticked_by_default"": null}, {""title"": ""Use precise geolocation data"", ""is_strictly_necessary"": false, ""is_ticked_by_default"": null}, {""title"": ""Velonium LTD"", ""is_strictly_necessary"": false, ""is_ticked_by_default"": null}, {""title"": ""Switch Label"", ""is_strictly_necessary"": false, ""is_ticked_by_default"": null}, {""title"": ""Message:"", ""is_strictly_necessary"": false, ""is_ticked_by_default"": null}, {""title"": ""ADFIXUS PTY LTD"", ""is_strictly_necessary"": false, ""is_ticked_by_default"": null}, {""title"": ""Use precise geolocation data60 partners can use this special feature"", ""is_strictly_necessary"": false, ""is_ticked_by_default"": false}, {""title"": ""CRACKLE TECHNOLOGIES PTE. LTD."", ""is_strictly_necessary"": false, ""is_ticked_by_default"": null}, {""title"": ""AZURE TECH PTY LTD"", ""is_strictly_necessary"": false, ""is_ticked_by_default"": null}, {""title"": ""AdRetriever"", ""is_strictly_necessary"": false, ""is_ticked_by_default"": null}, {""title"": ""Flashtalking"", ""is_strictly_necessary"": false, ""is_ticked_by_default"": null}, {""title"": ""Encore Digital Media"", ""is_strictly_necessary"": false, ""is_ticked_by_default"": null}, {""title"": ""Opensignal Limited"", ""is_strictly_necessary"": false, ""is_ticked_by_default"": null}, {""title"": ""Creatives"", ""is_strictly_necessary"": false, ""is_ticked_by_default"": null}, {""title"": ""Use limited data to select advertising"", ""is_strictly_necessary"": false, ""is_ticked_by_default"": null}, {""title"": ""Legitimate Interest"", ""is_strictly_necessary"": false, ""is_ticked_by_default"": null}, {""title"": ""Motorik spolka z ograniczona odpowiedzialnoscia"", ""is_strictly_necessary"": false, ""is_ticked_by_default"": null}, {""title"": ""Ampliffy"", ""is_strictly_necessary"": false, ""is_ticked_by_default"": null}, {""title"": ""Blasto sp.z.o.o."", ""is_strictly_necessary"": false, ""is_ticked_by_default"": null}, {""title"": ""Octopads"", ""is_strictly_necessary"": false, ""is_ticked_by_default"": null}, {""title"": ""HBAgency"", ""is_strictly_necessary"": false, ""is_ticked_by_default"": null}, {""title"": ""AdXcel, Inc. dba ArtsAI"", ""is_strictly_necessary"": false, ""is_ticked_by_default"": null}, {""title"": ""Actively scan device characteristics for identification"", ""is_strictly_necessary"": false, ""is_ticked_by_default"": null}, {""title"": ""App Samurai Inc"", ""is_strictly_necessary"": false, ""is_ticked_by_default"": null}, {""title"": ""ADSGO SL d/b/a ESCALAX"", ""is_strictly_necessary"": false, ""is_ticked_by_default"": null}, {""title"": ""VOXELSCOPE LDA"", ""is_strictly_necessary"": false, ""is_ticked_by_default"": null}, {""title"": ""AccuWeather"", ""is_strictly_necessary"": false, ""is_ticked_by_default"": null}, {""title"": ""Match and combine data from other data sources"", ""is_strictly_necessary"": false, ""is_ticked_by_default"": null}, {""title"": ""LinkedIn Ireland Unlimited Company"", ""is_strictly_necessary"": false, ""is_ticked_by_default"": null}, {""title"": ""Pubstack"", ""is_strictly_necessary"": false, ""is_ticked_by_default"": null}, {""title"": ""Xapads Media Ltd"", ""is_strictly_necessary"": false, ""is_ticked_by_default"": null}, {""title"": ""publuence GmbH"", ""is_strictly_necessary"": false, ""is_ticked_by_default"": null}, {""title"": ""LinkedIn"", ""is_strictly_necessary"": false, ""is_ticked_by_default"": null}, {""title"": ""Maxetise AB"", ""is_strictly_necessary"": false, ""is_ticked_by_default"": null}, {""title"": ""targeting360 GmbH"", ""is_strictly_necessary"": false, ""is_ticked_by_default"": null}, {""title"": ""Personalised advertising and content, advertising and content measurement, audience research and services development178 partners can use this purpose"", ""is_strictly_necessary"": false, ""is_ticked_by_default"": false}, {""title"": ""Go See TV Limited"", ""is_strictly_necessary"": false, ""is_ticked_by_default"": null}, {""title"": ""Copper6 LTD"", ""is_strictly_necessary"": false, ""is_ticked_by_default"": null}, {""title"": ""Bannerse O\u00dc"", ""is_strictly_necessary"": false, ""is_ticked_by_default"": null}, {""title"": ""The UK Trade Desk Ltd"", ""is_strictly_necessary"": false, ""is_ticked_by_default"": null}, {""title"": ""Legitimate Interest"", ""is_strictly_necessary"": false, ""is_ticked_by_default"": null}, {""title"": ""HONG KONG ZHIONE TECHNOLOGY CO., LIMITED"", ""is_strictly_necessary"": false, ""is_ticked_by_default"": null}, {""title"": ""VICOM SOLUTION LTD"", ""is_strictly_necessary"": false, ""is_ticked_by_default"": null}, {""title"": ""Octillion"", ""is_strictly_necessary"": false, ""is_ticked_by_default"": null}, {""title"": ""Your Email (optional)"", ""is_strictly_necessary"": false, ""is_ticked_by_default"": null}, {""title"": ""Lemma Media Inc"", ""is_strictly_necessary"": false, ""is_ticked_by_default"": null}, {""title"": ""One email every morning"", ""is_strictly_necessary"": false, ""is_ticked_by_default"": null}, {""title"": ""MULTIBRAIN INC."", ""is_strictly_necessary"": false, ""is_ticked_by_default"": null}, {""title"": ""Synamedia"", ""is_strictly_necessary"": false, ""is_ticked_by_default"": null}, {""title"": ""Twist Digital LTD."", ""is_strictly_necessary"": false, ""is_ticked_by_default"": null}, {""title"": ""Ringier AG"", ""is_strictly_necessary"": false, ""is_ticked_by_default"": null}, {""title"": ""Hotjar"", ""is_strictly_necessary"": false, ""is_ticked_by_default"": null}, {""title"": ""Twitter"", ""is_strictly_necessary"": false, ""is_ticked_by_default"": null}, {""title"": ""Use precise geolocation data"", ""is_strictly_necessary"": false, ""is_ticked_by_default"": null}, {""title"": ""Advertising.Tech FZ-LLC"", ""is_strictly_necessary"": false, ""is_ticked_by_default"": null}, {""title"": ""Liftoff"", ""is_strictly_necessary"": false, ""is_ticked_by_default"": null}, {""title"": ""MARKAPP MEDIA LTD"", ""is_strictly_necessary"": false, ""is_ticked_by_default"": null}, {""title"": ""Blue Dawn Marketing Consulting Group S.L."", ""is_strictly_necessary"": false, ""is_ticked_by_default"": null}, {""title"": ""Custom Vendors"", ""is_strictly_necessary"": false, ""is_ticked_by_default"": false}, {""title"": ""GEMINI DIRECT marketing solutions GmbH"", ""is_strictly_necessary"": false, ""is_ticked_by_default"": null}, {""title"": ""HighVibes Media GmbH"", ""is_strictly_necessary"": false, ""is_ticked_by_default"": null}, {""title"": ""Cloudflare"", ""is_strictly_necessary"": false, ""is_ticked_by_default"": null}, {""title"": ""Bidmachine"", ""is_strictly_necessary"": false, ""is_ticked_by_default"": null}, {""title"": ""D-EDGE"", ""is_strictly_necessary"": false, ""is_ticked_by_default"": null}, {""title"": ""ADMASTERS SOLU\u00c7\u00d5ES DE MARKETING DIGITAL LTDA"", ""is_strictly_necessary"": false, ""is_ticked_by_default"": null}, {""title"": ""SuperAwesome"", ""is_strictly_necessary"": false, ""is_ticked_by_default"": null}, {""title"": ""Google Advertising Products"", ""is_strictly_necessary"": false, ""is_ticked_by_default"": null}, {""title"": ""Legitimate Interest"", ""is_strictly_necessary"": false, ""is_ticked_by_default"": null}, {""title"": ""Optima Network SL"", ""is_strictly_necessary"": false, ""is_ticked_by_default"": null}, {""title"": ""RAAS LAB Ltd"", ""is_strictly_necessary"": false, ""is_ticked_by_default"": null}, {""title"": ""Interactive Performance Deutschland GmbH"", ""is_strictly_necessary"": false, ""is_ticked_by_default"": null}, {""title"": ""Bigabid"", ""is_strictly_necessary"": false, ""is_ticked_by_default"": null}, {""title"": ""NinaData Oy"", ""is_strictly_necessary"": false, ""is_ticked_by_default"": null}, {""title"": ""UAB Xeworks"", ""is_strictly_necessary"": false, ""is_ticked_by_default"": null}, {""title"": ""TikTok"", ""is_strictly_necessary"": false, ""is_ticked_by_default"": null}, {""title"": ""AnyClip Inc."", ""is_strictly_necessary"": false, ""is_ticked_by_default"": null}, {""title"": ""Low Lag Labs"", ""is_strictly_necessary"": false, ""is_ticked_by_default"": null}, {""title"": ""illuma technology limited"", ""is_strictly_necessary"": false, ""is_ticked_by_default"": null}, {""title"": ""Converge-Digital"", ""is_strictly_necessary"": false, ""is_ticked_by_default"": null}, {""title"": ""TH Proximity"", ""is_strictly_necessary"": false, ""is_ticked_by_default"": null}, {""title"": ""Functional Cookies"", ""is_strictly_necessary"": false, ""is_ticked_by_default"": null}, {""title"": ""IDG Communications, Inc. dba Foundry"", ""is_strictly_necessary"": false, ""is_ticked_by_default"": null}, {""title"": ""Airtory Inc"", ""is_strictly_necessary"": false, ""is_ticked_by_default"": null}, {""title"": ""Nordic Data Resources AS"", ""is_strictly_necessary"": false, ""is_ticked_by_default"": null}, {""title"": ""Accurat"", ""is_strictly_necessary"": false, ""is_ticked_by_default"": null}, {""title"": ""Unbounded AB"", ""is_strictly_necessary"": false, ""is_ticked_by_default"": null}, {""title"": ""Pixels AI Ltd"", ""is_strictly_necessary"": false, ""is_ticked_by_default"": null}, {""title"": ""OursBlanc"", ""is_strictly_necessary"": false, ""is_ticked_by_default"": null}, {""title"": ""Contimo APS"", ""is_strictly_necessary"": false, ""is_ticked_by_default"": null}, {""title"": ""MYGARU UKR"", ""is_strictly_necessary"": false, ""is_ticked_by_default"": null}, {""title"": ""Aditude, Inc."", ""is_strictly_necessary"": false, ""is_ticked_by_default"": null}, {""title"": ""Tapjoy"", ""is_strictly_necessary"": false, ""is_ticked_by_default"": null}, {""title"": ""Voise Tech Limited"", ""is_strictly_necessary"": false, ""is_ticked_by_default"": null}, {""title"": ""Gravito Ltd."", ""is_strictly_necessary"": false, ""is_ticked_by_default"": null}, {""title"": ""Whistle Feed"", ""is_strictly_necessary"": false, ""is_ticked_by_default"": null}, {""title"": ""Brancher.X"", ""is_strictly_necessary"": false, ""is_ticked_by_default"": null}, {""title"": ""Adforce Digital Intelligence LTDA"", ""is_strictly_necessary"": false, ""is_ticked_by_default"": null}, {""title"": ""Deliver and present advertising and content116 partners can use this special purpose"", ""is_strictly_necessary"": false, ""is_ticked_by_default"": null}, {""title"": ""ABCS INSIGHTS"", ""is_strictly_necessary"": false, ""is_ticked_by_default"": null}, {""title"": ""EASY TECH GROUP CO., LIMITED"", ""is_strictly_necessary"": false, ""is_ticked_by_default"": null}, {""title"": ""TStack Inc"", ""is_strictly_necessary"": false, ""is_ticked_by_default"": null}, {""title"": ""Index Exchange Inc."", ""is_strictly_necessary"": false, ""is_ticked_by_default"": null}, {""title"": ""Affle Inc"", ""is_strictly_necessary"": false, ""is_ticked_by_default"": null}, {""title"": ""ESB Connect Limited"", ""is_strictly_necessary"": false, ""is_ticked_by_default"": null}, {""title"": ""NHNACE"", ""is_strictly_necessary"": false, ""is_ticked_by_default"": null}, {""title"": ""Anonymised"", ""is_strictly_necessary"": false, ""is_ticked_by_default"": null}, {""title"": ""Kuantyx Media Limited"", ""is_strictly_necessary"": false, ""is_ticked_by_default"": null}, {""title"": ""GROUPE M6"", ""is_strictly_necessary"": false, ""is_ticked_by_default"": null}, {""title"": ""Nitrouppi LTD"", ""is_strictly_necessary"": false, ""is_ticked_by_default"": null}, {""title"": ""Sahar Media FZE"", ""is_strictly_necessary"": false, ""is_ticked_by_default"": null}, {""title"": ""Sunteng Hong Kong Holdings Limited"", ""is_strictly_necessary"": false, ""is_ticked_by_default"": null}, {""title"": ""Titan Ads"", ""is_strictly_necessary"": false, ""is_ticked_by_default"": null}, {""title"": ""Amplified Intelligence"", ""is_strictly_necessary"": false, ""is_ticked_by_default"": null}, {""title"": ""Adventive, Inc."", ""is_strictly_necessary"": false, ""is_ticked_by_default"": null}, {""title"": ""Hurst Group Limited"", ""is_strictly_necessary"": false, ""is_ticked_by_default"": null}, {""title"": ""Save and communicate privacy choices"", ""is_strictly_necessary"": false, ""is_ticked_by_default"": null}, {""title"": ""Identify devices based on information transmitted automatically108 partners can use this feature"", ""is_strictly_necessary"": false, ""is_ticked_by_default"": null}, {""title"": ""Genius Sports Media Inc."", ""is_strictly_necessary"": false, ""is_ticked_by_default"": null}, {""title"": ""Content Performance Group GmbH"", ""is_strictly_necessary"": false, ""is_ticked_by_default"": null}, {""title"": ""EliteAppgrade"", ""is_strictly_necessary"": false, ""is_ticked_by_default"": null}, {""title"": ""366 SAS"", ""is_strictly_necessary"": false, ""is_ticked_by_default"": null}, {""title"": ""Targeting Cookies"", ""is_strictly_necessary"": false, ""is_ticked_by_default"": null}, {""title"": ""Appmonsta Ltd"", ""is_strictly_necessary"": false, ""is_ticked_by_default"": null}, {""title"": ""Zillian S.A."", ""is_strictly_necessary"": false, ""is_ticked_by_default"": null}, {""title"": ""BS Group"", ""is_strictly_necessary"": false, ""is_ticked_by_default"": null}, {""title"": ""Email Address"", ""is_strictly_necessary"": false, ""is_ticked_by_default"": null}, {""title"": ""ProgrammaticX LTD"", ""is_strictly_necessary"": false, ""is_ticked_by_default"": null}, {""title"": ""WURL, LLC"", ""is_strictly_necessary"": false, ""is_ticked_by_default"": null}, {""title"": ""Sabio London Limited"", ""is_strictly_necessary"": false, ""is_ticked_by_default"": null}, {""title"": ""Roam B.V - Echo Analytics"", ""is_strictly_necessary"": false, ""is_ticked_by_default"": null}, {""title"": ""Sevio Digital Limited"", ""is_strictly_necessary"": false, ""is_ticked_by_default"": null}, {""title"": ""Digital Matter, UAB"", ""is_strictly_necessary"": false, ""is_ticked_by_default"": null}, {""title"": ""MI LI TECHNOLOGY CO., LIMITED"", ""is_strictly_necessary"": false, ""is_ticked_by_default"": null}, {""title"": ""Measure advertising performance"", ""is_strictly_necessary"": false, ""is_ticked_by_default"": null}, {""title"": ""Publicis One Spain S.L."", ""is_strictly_necessary"": false, ""is_ticked_by_default"": null}, {""title"": ""Serafino Pte. Ltd."", ""is_strictly_necessary"": false, ""is_ticked_by_default"": null}, {""title"": ""Necessary Cookies"", ""is_strictly_necessary"": false, ""is_ticked_by_default"": null}, {""title"": ""The Neuron Holdings INC"", ""is_strictly_necessary"": false, ""is_ticked_by_default"": null}, {""title"": ""Tenjin"", ""is_strictly_necessary"": false, ""is_ticked_by_default"": null}, {""title"": ""Bluesea Holdings Hong Kong Limited"", ""is_strictly_necessary"": false, ""is_ticked_by_default"": null}, {""title"": ""Mobitech LTD"", ""is_strictly_necessary"": false, ""is_ticked_by_default"": null}, {""title"": ""A.Vogel AG"", ""is_strictly_necessary"": false, ""is_ticked_by_default"": null}, {""title"": ""iion Digital Pty Ltd"", ""is_strictly_necessary"": false, ""is_ticked_by_default"": null}, {""title"": ""Adswag B.V."", ""is_strictly_necessary"": false, ""is_ticked_by_default"": null}, {""title"": ""Front Porch, Inc."", ""is_strictly_necessary"": false, ""is_ticked_by_default"": null}, {""title"": ""Ensure security, prevent and detect fraud, and fix errors114 partners can use this special purpose"", ""is_strictly_necessary"": false, ""is_ticked_by_default"": null}, {""title"": ""Telekom Deutschland GmbH"", ""is_strictly_necessary"": false, ""is_ticked_by_default"": null}, {""title"": ""KC Connekt Media LTD"", ""is_strictly_necessary"": false, ""is_ticked_by_default"": null}, {""title"": ""Meta"", ""is_strictly_necessary"": false, ""is_ticked_by_default"": null}, {""title"": ""ORAKI DIGITAL IRELAND LIMITED"", ""is_strictly_necessary"": false, ""is_ticked_by_default"": null}, {""title"": ""Publicis Media GmbH"", ""is_strictly_necessary"": false, ""is_ticked_by_default"": null}, {""title"": ""Mobian LLC"", ""is_strictly_necessary"": false, ""is_ticked_by_default"": null}, {""title"": ""Switch Label"", ""is_strictly_necessary"": false, ""is_ticked_by_default"": null}, {""title"": ""Admaster Private Limited"", ""is_strictly_necessary"": false, ""is_ticked_by_default"": null}, {""title"": ""THEADX  YAZILIM H\u0130ZMETLER\u0130 SAN.VE T\u0130C.A.\u015e"", ""is_strictly_necessary"": false, ""is_ticked_by_default"": null}, {""title"": ""No, I'm staying at home this weekend"", ""is_strictly_necessary"": false, ""is_ticked_by_default"": null}, {""title"": ""Domob"", ""is_strictly_necessary"": false, ""is_ticked_by_default"": null}, {""title"": ""Moving Up S.r.l."", ""is_strictly_necessary"": false, ""is_ticked_by_default"": null}, {""title"": ""Functional Cookies"", ""is_strictly_necessary"": false, ""is_ticked_by_default"": false}, {""title"": ""Ensure security, prevent and detect fraud, and fix errors"", ""is_strictly_necessary"": false, ""is_ticked_by_default"": null}, {""title"": ""Smart Media4U Technology Pte Ltd"", ""is_strictly_necessary"": false, ""is_ticked_by_default"": null}, {""title"": ""myCast TV"", ""is_strictly_necessary"": false, ""is_ticked_by_default"": null}, {""title"": ""Mobian"", ""is_strictly_necessary"": false, ""is_ticked_by_default"": null}, {""title"": ""VALIUZ"", ""is_strictly_necessary"": false, ""is_ticked_by_default"": null}, {""title"": ""Yes, I'm going to a concert/match/protest/all-of-the-above"", ""is_strictly_necessary"": false, ""is_ticked_by_default"": null}, {""title"": ""Store and/or access information on a device"", ""is_strictly_necessary"": false, ""is_ticked_by_default"": null}, {""title"": ""PGAM Media LLC"", ""is_strictly_necessary"": false, ""is_ticked_by_default"": null}, {""title"": ""Madopi Media"", ""is_strictly_necessary"": false, ""is_ticked_by_default"": null}, {""title"": ""Performance Cookies"", ""is_strictly_necessary"": false, ""is_ticked_by_default"": false}, {""title"": ""Store and/or access information on a device"", ""is_strictly_necessary"": false, ""is_ticked_by_default"": null}, {""title"": ""Meta"", ""is_strictly_necessary"": false, ""is_ticked_by_default"": null}, {""title"": ""Admatic GMBH"", ""is_strictly_necessary"": false, ""is_ticked_by_default"": null}, {""title"": ""Save and communicate privacy choices92 partners can use this special purpose"", ""is_strictly_necessary"": false, ""is_ticked_by_default"": null}, {""title"": ""Switch Label"", ""is_strictly_necessary"": false, ""is_ticked_by_default"": null}, {""title"": ""Switch Label"", ""is_strictly_necessary"": false, ""is_ticked_by_default"": null}, {""title"": ""Beacon Holdings LTD"", ""is_strictly_necessary"": false, ""is_ticked_by_default"": null}, {""title"": ""BIDGENCY GROUP LP"", ""is_strictly_necessary"": false, ""is_ticked_by_default"": null}, {""title"": ""Bannerse O\u00dc"", ""is_strictly_necessary"": false, ""is_ticked_by_default"": null}, {""title"": ""DISQO"", ""is_strictly_necessary"": false, ""is_ticked_by_default"": null}, {""title"": ""Lacuna"", ""is_strictly_necessary"": false, ""is_ticked_by_default"": null}, {""title"": ""The Cools Group Inc."", ""is_strictly_necessary"": false, ""is_ticked_by_default"": null}, {""title"": ""Switch Label"", ""is_strictly_necessary"": false, ""is_ticked_by_default"": null}, {""title"": ""Adform A/S"", ""is_strictly_necessary"": false, ""is_ticked_by_default"": null}, {""title"": ""GameAnalytics ApS"", ""is_strictly_necessary"": false, ""is_ticked_by_default"": null}, {""title"": ""Krush Media LLC"", ""is_strictly_necessary"": false, ""is_ticked_by_default"": null}, {""title"": ""OLYZON"", ""is_strictly_necessary"": false, ""is_ticked_by_default"": null}, {""title"": ""Amagi Corporation"", ""is_strictly_necessary"": false, ""is_ticked_by_default"": null}, {""title"": ""Prado Media Ltd."", ""is_strictly_necessary"": false, ""is_ticked_by_default"": null}, {""title"": ""M6 PUBLICITE"", ""is_strictly_necessary"": false, ""is_ticked_by_default"": null}, {""title"": ""INTEGRALSTREAM LTD"", ""is_strictly_necessary"": false, ""is_ticked_by_default"": null}, {""title"": ""EDO"", ""is_strictly_necessary"": false, ""is_ticked_by_default"": null}, {""title"": ""Switch Label"", ""is_strictly_necessary"": false, ""is_ticked_by_default"": null}, {""title"": ""Inspigroup s.r.o."", ""is_strictly_necessary"": false, ""is_ticked_by_default"": null}, {""title"": ""MEDIAVERSE.AI LTD"", ""is_strictly_necessary"": false, ""is_ticked_by_default"": null}, {""title"": ""checkbox label"", ""is_strictly_necessary"": false, ""is_ticked_by_default"": null}, {""title"": ""Create profiles for personalised advertising"", ""is_strictly_necessary"": false, ""is_ticked_by_default"": null}, {""title"": ""TOPON PTE. LTD."", ""is_strictly_necessary"": false, ""is_ticked_by_default"": null}, {""title"": ""John Lewis & Partners"", ""is_strictly_necessary"": false, ""is_ticked_by_default"": null}, {""title"": ""NexInsight LLC"", ""is_strictly_necessary"": false, ""is_ticked_by_default"": null}, {""title"": ""Bedrock Platform Ltd"", ""is_strictly_necessary"": false, ""is_ticked_by_default"": null}, {""title"": ""Adwise Agency"", ""is_strictly_necessary"": false, ""is_ticked_by_default"": null}, {""title"": ""Amplified IntelligenceTechnologies"", ""is_strictly_necessary"": false, ""is_ticked_by_default"": null}, {""title"": ""Use profiles to select personalised content"", ""is_strictly_necessary"": false, ""is_ticked_by_default"": null}, {""title"": ""Actively scan device characteristics for identification"", ""is_strictly_necessary"": false, ""is_ticked_by_default"": null}, {""title"": ""Pangle DSP"", ""is_strictly_necessary"": false, ""is_ticked_by_default"": null}, {""title"": ""Mercado Livre"", ""is_strictly_necessary"": false, ""is_ticked_by_default"": null}, {""title"": ""DENTSU"", ""is_strictly_necessary"": false, ""is_ticked_by_default"": null}, {""title"": ""Yes, I live in Dublin"", ""is_strictly_necessary"": false, ""is_ticked_by_default"": null}, {""title"": ""Deliver and present advertising and content"", ""is_strictly_necessary"": false, ""is_ticked_by_default"": null}, {""title"": ""Stamp"", ""is_strictly_necessary"": false, ""is_ticked_by_default"": null}, {""title"": ""GeistM Technologies LTD"", ""is_strictly_necessary"": false, ""is_ticked_by_default"": null}, {""title"": ""JMMOBI INC."", ""is_strictly_necessary"": false, ""is_ticked_by_default"": null}, {""title"": ""Danoler Group SP. Z O.O."", ""is_strictly_necessary"": false, ""is_ticked_by_default"": null}, {""title"": ""Adwatch S.L."", ""is_strictly_necessary"": false, ""is_ticked_by_default"": null}, {""title"": ""Store and/or access information on a device137 partners can use this purpose"", ""is_strictly_necessary"": false, ""is_ticked_by_default"": false}, {""title"": ""Teal Digital Group Ltd"", ""is_strictly_necessary"": false, ""is_ticked_by_default"": null}, {""title"": ""Cadent"", ""is_strictly_necessary"": false, ""is_ticked_by_default"": null}, {""title"": ""Performance Cookies"", ""is_strictly_necessary"": false, ""is_ticked_by_default"": null}, {""title"": ""Match and combine data from other data sources85 partners can use this feature"", ""is_strictly_necessary"": false, ""is_ticked_by_default"": null}, {""title"": ""Jobster AdTech B.V."", ""is_strictly_necessary"": false, ""is_ticked_by_default"": null}, {""title"": ""Metrike"", ""is_strictly_necessary"": false, ""is_ticked_by_default"": null}, {""title"": ""ViSTARS Inc."", ""is_strictly_necessary"": false, ""is_ticked_by_default"": null}, {""title"": ""Refinery89 B.V"", ""is_strictly_necessary"": false, ""is_ticked_by_default"": null}, {""title"": ""Lutkan Bv"", ""is_strictly_necessary"": false, ""is_ticked_by_default"": null}, {""title"": ""Custom Vendors"", ""is_strictly_necessary"": false, ""is_ticked_by_default"": null}, {""title"": ""Videostori"", ""is_strictly_necessary"": false, ""is_ticked_by_default"": null}, {""title"": ""Link different devices"", ""is_strictly_necessary"": false, ""is_ticked_by_default"": null}, {""title"": ""Use limited data to select content"", ""is_strictly_necessary"": false, ""is_ticked_by_default"": null}, {""title"": ""Transfon Ltd"", ""is_strictly_necessary"": false, ""is_ticked_by_default"": null}, {""title"": ""Personalised advertising and content, advertising and content measurement, audience research and services development"", ""is_strictly_necessary"": false, ""is_ticked_by_default"": null}, {""title"": ""mFilterIt"", ""is_strictly_necessary"": false, ""is_ticked_by_default"": null}, {""title"": ""DM3 Concepts B.V."", ""is_strictly_necessary"": false, ""is_ticked_by_default"": null}, {""title"": ""Codevelop Technologies GmbH"", ""is_strictly_necessary"": false, ""is_ticked_by_default"": null}, {""title"": ""As soon as new articles come online"", ""is_strictly_necessary"": false, ""is_ticked_by_default"": null}, {""title"": ""Switch Label"", ""is_strictly_necessary"": false, ""is_ticked_by_default"": null}, {""title"": ""Bridgeupp LTD"", ""is_strictly_necessary"": false, ""is_ticked_by_default"": null}, {""title"": ""Nodals AI Ltd"", ""is_strictly_necessary"": false, ""is_ticked_by_default"": null}, {""title"": ""Switch Label"", ""is_strictly_necessary"": false, ""is_ticked_by_default"": null}, {""title"": ""Target Better Inc"", ""is_strictly_necessary"": false, ""is_ticked_by_default"": null}, {""title"": ""Clipcentric GmbH"", ""is_strictly_necessary"": false, ""is_ticked_by_default"": null}, {""title"": ""Understand audiences through statistics or combinations of data from different sources"", ""is_strictly_necessary"": false, ""is_ticked_by_default"": null}, {""title"": ""Nowtilus GmbH"", ""is_strictly_necessary"": false, ""is_ticked_by_default"": null}, {""title"": ""BEAPUP SOLUTIONS LTD"", ""is_strictly_necessary"": false, ""is_ticked_by_default"": null}, {""title"": ""OpenX"", ""is_strictly_necessary"": false, ""is_ticked_by_default"": null}, {""title"": ""adjoe GmbH"", ""is_strictly_necessary"": false, ""is_ticked_by_default"": null}, {""title"": ""gskinner"", ""is_strictly_necessary"": false, ""is_ticked_by_default"": null}, {""title"": ""TRFFK powered by autoTRADER.ca"", ""is_strictly_necessary"": false, ""is_ticked_by_default"": null}, {""title"": ""Intent IQ LLC"", ""is_strictly_necessary"": false, ""is_ticked_by_default"": null}, {""title"": ""Sunday Market Media Inc"", ""is_strictly_necessary"": false, ""is_ticked_by_default"": null}, {""title"": ""Botman Inc"", ""is_strictly_necessary"": false, ""is_ticked_by_default"": null}, {""title"": ""Archon Programmatic House FZC"", ""is_strictly_necessary"": false, ""is_ticked_by_default"": null}, {""title"": ""Flexitive"", ""is_strictly_necessary"": false, ""is_ticked_by_default"": null}, {""title"": ""Blockboard"", ""is_strictly_necessary"": false, ""is_ticked_by_default"": null}, {""title"": ""Use profiles to select personalised advertising"", ""is_strictly_necessary"": false, ""is_ticked_by_default"": null}, {""title"": ""Aflorithmic Labs, LTD"", ""is_strictly_necessary"": false, ""is_ticked_by_default"": null}, {""title"": ""Targeting Cookies"", ""is_strictly_necessary"": false, ""is_ticked_by_default"": false}, {""title"": ""014 ON"", ""is_strictly_necessary"": false, ""is_ticked_by_default"": null}, {""title"": ""TouchTown Media"", ""is_strictly_necessary"": false, ""is_ticked_by_default"": null}, {""title"": ""Legitimate Interest"", ""is_strictly_necessary"": false, ""is_ticked_by_default"": null}, {""title"": ""Create profiles to personalise content"", ""is_strictly_necessary"": false, ""is_ticked_by_default"": null}, {""title"": ""Nowbetnow"", ""is_strictly_necessary"": false, ""is_ticked_by_default"": null}, {""title"": ""Balloon Labs LLC"", ""is_strictly_necessary"": false, ""is_ticked_by_default"": null}, {""title"": ""Measure content performance"", ""is_strictly_necessary"": false, ""is_ticked_by_default"": null}, {""title"": ""Bidease Inc"", ""is_strictly_necessary"": false, ""is_ticked_by_default"": null}, {""title"": ""Integral Ad Science (incorporating ADmantX)"", ""is_strictly_necessary"": false, ""is_ticked_by_default"": null}, {""title"": ""Click Performance GmbH"", ""is_strictly_necessary"": false, ""is_ticked_by_default"": null}, {""title"": ""MULTIMARKET SERVICES PORTUGAL, LDA"", ""is_strictly_necessary"": false, ""is_ticked_by_default"": null}, {""title"": ""Drako Media Group Inc."", ""is_strictly_necessary"": false, ""is_ticked_by_default"": null}, {""title"": ""TAURUSX INTERNATIONAL PTE. LTD."", ""is_strictly_necessary"": false, ""is_ticked_by_default"": null}, {""title"": ""Shanon, Inc."", ""is_strictly_necessary"": false, ""is_ticked_by_default"": null}, {""title"": ""Triple Lift, Inc."", ""is_strictly_necessary"": false, ""is_ticked_by_default"": null}, {""title"": ""Ideal Media US Inc."", ""is_strictly_necessary"": false, ""is_ticked_by_default"": null}, {""title"": ""Switch Label"", ""is_strictly_necessary"": false, ""is_ticked_by_default"": null}, {""title"": ""Actively scan device characteristics for identification30 partners can use this special feature"", ""is_strictly_necessary"": false, ""is_ticked_by_default"": false}, {""title"": ""Dable"", ""is_strictly_necessary"": false, ""is_ticked_by_default"": null}, {""title"": ""Piano"", ""is_strictly_necessary"": false, ""is_ticked_by_default"": null}, {""title"": ""Social Media Cookies"", ""is_strictly_necessary"": false, ""is_ticked_by_default"": null}]",0.45999999999999996,[],"Use precise geolocation data. Actively scan device characteristics for identification. Store and/or access information on a device. Personalised advertising and content, advertising and content measurement, audience research and services development. List of Vendors. Cookies help provide our news service while also enabling the advertising needed to fund this work. We categorise cookies as Necessary, Performance (used to analyse the site performance) and Targeting (used to target advertising which helps us keep this service free).",4255,FALSE,FALSE,FALSE,[],2,0.3215008687258687,TRUE,FALSE
https://www.rsvplive.ie/,2025-06-22T16:45:55.800252,Partial,Cookiebot,TRUE,FALSE,FALSE,TRUE,partners,TRUE,0,0,0,[],0.2,['No substantial legal text found'],,0,FALSE,FALSE,FALSE,[],0,0,FALSE,FALSE
https://www.eir.ie/,2025-06-22T16:46:37.223064,Success,Onetrust,TRUE,TRUE,TRUE,TRUE,cookies settings,TRUE,16,0,2,"[{""title"": ""Targeting Cookies"", ""is_strictly_necessary"": false, ""is_ticked_by_default"": null}, {""title"": ""checkbox label"", ""is_strictly_necessary"": false, ""is_ticked_by_default"": null}, {""title"": ""Performance Cookies"", ""is_strictly_necessary"": false, ""is_ticked_by_default"": null}, {""title"": ""Performance Cookies"", ""is_strictly_necessary"": false, ""is_ticked_by_default"": null}, {""title"": ""Functional Cookies"", ""is_strictly_necessary"": false, ""is_ticked_by_default"": null}, {""title"": ""Strictly Necessary Cookies"", ""is_strictly_necessary"": true, ""is_ticked_by_default"": null}, {""title"": ""Targeting Cookies"", ""is_strictly_necessary"": false, ""is_ticked_by_default"": null}, {""title"": ""Targeting Cookies"", ""is_strictly_necessary"": false, ""is_ticked_by_default"": null}, {""title"": ""checkbox label"", ""is_strictly_necessary"": false, ""is_ticked_by_default"": null}, {""title"": ""Functional Cookies"", ""is_strictly_necessary"": false, ""is_ticked_by_default"": null}, {""title"": ""Strictly Necessary Cookies"", ""is_strictly_necessary"": true, ""is_ticked_by_default"": null}, {""title"": ""checkbox label"", ""is_strictly_necessary"": false, ""is_ticked_by_default"": null}, {""title"": ""Functional Cookies"", ""is_strictly_necessary"": false, ""is_ticked_by_default"": null}, {""title"": ""Your Privacy"", ""is_strictly_necessary"": false, ""is_ticked_by_default"": null}, {""title"": ""checkbox label"", ""is_strictly_necessary"": false, ""is_ticked_by_default"": null}, {""title"": ""Performance Cookies"", ""is_strictly_necessary"": false, ""is_ticked_by_default"": null}]",0.6,['No substantial legal text found'],,0,FALSE,FALSE,FALSE,[],0,0,TRUE,FALSE
https://www.aerlingus.com/,2025-06-22T16:46:55.500704,Success,Onetrust,TRUE,TRUE,FALSE,TRUE,manage cookies,TRUE,13,0,1,"[{""title"": ""checkbox label"", ""is_strictly_necessary"": false, ""is_ticked_by_default"": null}, {""title"": ""Functional Cookies"", ""is_strictly_necessary"": false, ""is_ticked_by_default"": null}, {""title"": ""First Party Performance Cookies"", ""is_strictly_necessary"": false, ""is_ticked_by_default"": false}, {""title"": ""Targeting Cookies"", ""is_strictly_necessary"": false, ""is_ticked_by_default"": null}, {""title"": ""Functional Cookies"", ""is_strictly_necessary"": false, ""is_ticked_by_default"": false}, {""title"": ""Performance Cookies"", ""is_strictly_necessary"": false, ""is_ticked_by_default"": false}, {""title"": ""checkbox label"", ""is_strictly_necessary"": false, ""is_ticked_by_default"": null}, {""title"": ""First Party Performance Cookies"", ""is_strictly_necessary"": false, ""is_ticked_by_default"": null}, {""title"": ""Strictly Necessary"", ""is_strictly_necessary"": true, ""is_ticked_by_default"": null}, {""title"": ""Targeting Cookies"", ""is_strictly_necessary"": false, ""is_ticked_by_default"": false}, {""title"": ""checkbox label"", ""is_strictly_necessary"": false, ""is_ticked_by_default"": null}, {""title"": ""checkbox label"", ""is_strictly_necessary"": false, ""is_ticked_by_default"": null}, {""title"": ""Performance Cookies"", ""is_strictly_necessary"": false, ""is_ticked_by_default"": null}]",0.45999999999999996,['No substantial legal text found'],,0,FALSE,FALSE,FALSE,[],2,0,TRUE,FALSE
https://www.ryanair.com/ie/en,2025-06-22T16:47:08.863880,Success,Unknown/Custom,TRUE,TRUE,FALSE,TRUE,"no, thanks",TRUE,4,0,0,"[{""title"": ""Apply promo code"", ""is_strictly_necessary"": false, ""is_ticked_by_default"": null}, {""title"": ""Return trip"", ""is_strictly_necessary"": false, ""is_ticked_by_default"": null}, {""title"": ""One way"", ""is_strictly_necessary"": false, ""is_ticked_by_default"": null}, {""title"": ""From"", ""is_strictly_necessary"": false, ""is_ticked_by_default"": null}]",0.5,['No substantial legal text found'],,0,FALSE,FALSE,FALSE,[],0,0,TRUE,FALSE
https://www.buseireann.ie/,2025-06-22T16:48:09.585641,Success,Onetrust,TRUE,TRUE,TRUE,TRUE,cookies settings,TRUE,11,0,1,"[{""title"": ""checkbox label"", ""is_strictly_necessary"": false, ""is_ticked_by_default"": null}, {""title"": ""Functional Cookies"", ""is_strictly_necessary"": false, ""is_ticked_by_default"": null}, {""title"": ""Targeting Cookies"", ""is_strictly_necessary"": false, ""is_ticked_by_default"": null}, {""title"": ""Targeting Cookies"", ""is_strictly_necessary"": false, ""is_ticked_by_default"": false}, {""title"": ""checkbox label"", ""is_strictly_necessary"": false, ""is_ticked_by_default"": null}, {""title"": ""Functional Cookies"", ""is_strictly_necessary"": false, ""is_ticked_by_default"": false}, {""title"": ""Strictly Necessary Cookies"", ""is_strictly_necessary"": true, ""is_ticked_by_default"": null}, {""title"": ""Performance Cookies"", ""is_strictly_necessary"": false, ""is_ticked_by_default"": false}, {""title"": ""checkbox label"", ""is_strictly_necessary"": false, ""is_ticked_by_default"": null}, {""title"": ""checkbox label"", ""is_strictly_necessary"": false, ""is_ticked_by_default"": null}, {""title"": ""Performance Cookies"", ""is_strictly_necessary"": false, ""is_ticked_by_default"": null}]",0.6,['No substantial legal text found'],,0,FALSE,FALSE,FALSE,[],0,0,TRUE,FALSE
https://www.irishrail.ie/,2025-06-22T16:48:19.248293,Partial (Interaction Failed),Cookiebot,TRUE,FALSE,FALSE,FALSE,,FALSE,0,6,0,[],0,"['No substantial legal text found', 'No visible buttons found in banner.']",,0,FALSE,FALSE,FALSE,[],3,0,FALSE,FALSE
https://www.dublinbus.ie/,2025-06-22T16:48:35.163570,Success,Cookiebot,TRUE,TRUE,FALSE,TRUE,use necessary cookies only,TRUE,12,6,1,"[{""title"": ""Necessary"", ""is_strictly_necessary"": true, ""is_ticked_by_default"": true}, {""title"": ""Necessary"", ""is_strictly_necessary"": false, ""is_ticked_by_default"": null}, {""title"": ""Statistics"", ""is_strictly_necessary"": false, ""is_ticked_by_default"": null}, {""title"": ""Enter search criteria"", ""is_strictly_necessary"": false, ""is_ticked_by_default"": null}, {""title"": ""Marketing"", ""is_strictly_necessary"": false, ""is_ticked_by_default"": null}, {""title"": ""Search"", ""is_strictly_necessary"": false, ""is_ticked_by_default"": null}, {""title"": ""Necessary"", ""is_strictly_necessary"": false, ""is_ticked_by_default"": null}, {""title"": ""Do not sell or share my personal information"", ""is_strictly_necessary"": false, ""is_ticked_by_default"": null}, {""title"": ""Preferences"", ""is_strictly_necessary"": false, ""is_ticked_by_default"": null}, {""title"": ""Preferences"", ""is_strictly_necessary"": false, ""is_ticked_by_default"": null}, {""title"": ""Marketing"", ""is_strictly_necessary"": false, ""is_ticked_by_default"": null}, {""title"": ""Statistics"", ""is_strictly_necessary"": false, ""is_ticked_by_default"": null}]",0.44000000000000006,[],"We use cookies to personalise content and ads, to provide social media features and to analyse our traffic. We also share information about your use of our site with our social media, advertising and analytics partners who may combine it with other information that you’ve provided to them or that they’ve collected from your use of their services.. Necessary cookies help make a website usable by enabling basic functions like page navigation and access to secure areas of the website. The website cannot function properly without these cookies.. Stores the user's cookie consent state for the current domain. Some of the data collected by this provider is for the purposes of personalization and measuring advertising effectiveness.",0,FALSE,FALSE,FALSE,[],3,0.33748074712643694,TRUE,FALSE
https://www.luas.ie/,2025-06-22T16:49:49.261159,Success,Onetrust,TRUE,TRUE,TRUE,TRUE,manage preferences,TRUE,19,0,2,"[{""title"": ""If you are human, leave this field blank."", ""is_strictly_necessary"": false, ""is_ticked_by_default"": null}, {""title"": ""Select Stop"", ""is_strictly_necessary"": false, ""is_ticked_by_default"": null}, {""title"": ""checkbox label"", ""is_strictly_necessary"": false, ""is_ticked_by_default"": null}, {""title"": ""Luas Stop Information"", ""is_strictly_necessary"": false, ""is_ticked_by_default"": null}, {""title"": ""Analytical Cookies"", ""is_strictly_necessary"": false, ""is_ticked_by_default"": null}, {""title"": ""Strictly Necessary Cookies"", ""is_strictly_necessary"": true, ""is_ticked_by_default"": null}, {""title"": ""Cookies"", ""is_strictly_necessary"": false, ""is_ticked_by_default"": null}, {""title"": ""Site Search"", ""is_strictly_necessary"": false, ""is_ticked_by_default"": null}, {""title"": ""Line"", ""is_strictly_necessary"": false, ""is_ticked_by_default"": null}, {""title"": ""Functional Cookies"", ""is_strictly_necessary"": false, ""is_ticked_by_default"": null}, {""title"": ""Strictly Necessary Cookies"", ""is_strictly_necessary"": true, ""is_ticked_by_default"": null}, {""title"": ""checkbox label"", ""is_strictly_necessary"": false, ""is_ticked_by_default"": null}, {""title"": ""Functional Cookies"", ""is_strictly_necessary"": false, ""is_ticked_by_default"": null}, {""title"": ""Select Stop"", ""is_strictly_necessary"": false, ""is_ticked_by_default"": null}, {""title"": ""Analytical Cookies"", ""is_strictly_necessary"": false, ""is_ticked_by_default"": null}, {""title"": ""checkbox label"", ""is_strictly_necessary"": false, ""is_ticked_by_default"": null}, {""title"": ""Analytical Cookies"", ""is_strictly_necessary"": false, ""is_ticked_by_default"": null}, {""title"": ""checkbox label"", ""is_strictly_necessary"": false, ""is_ticked_by_default"": null}, {""title"": ""Functional Cookies"", ""is_strictly_necessary"": false, ""is_ticked_by_default"": null}]",0.5599999999999999,['No substantial legal text found'],,0,FALSE,FALSE,FALSE,[],2,0,TRUE,FALSE
https://www.revenue.ie/,2025-06-22T16:50:02.045634,Partial (Interaction Failed),Cookiebot,TRUE,FALSE,FALSE,FALSE,,FALSE,0,0,0,[],0,['No visible buttons found in banner.'],"This website uses cookies in order for our feedback functionality to work. You can choose to set these optional survey cookies that are described below.. Survey cookies are set by a third-party service provided by Qualtrics. These cookies are required in order for our feedback functionality to work.. The survey cookies collect information about the page you are providing feedback from. When you save your survey cookies choice below, a cookie will be saved on your device to remember your choice. These cookies are set as session cookies and will be deleted once you close this browsing session.. We welcome your feedback and you can help us to continue to improve our website by turning survey cookies on.",0,FALSE,FALSE,FALSE,[],0,0,FALSE,FALSE
https://www.gov.ie/,2025-06-22T16:50:14.294566,Success,Didomi,TRUE,TRUE,FALSE,TRUE,necessary cookies only,TRUE,2,0,0,"[{""title"": ""menuclose"", ""is_strictly_necessary"": false, ""is_ticked_by_default"": false}, {""title"": ""Allow"", ""is_strictly_necessary"": false, ""is_ticked_by_default"": null}]",0.24,[],This website uses cookies to collect information about how you use this site. This information is used to make the website work as well as possible. More details available in our cookie and privacy policies.,0,FALSE,FALSE,FALSE,[],3,0.5406238095238094,FALSE,FALSE
https://www.citizensinformation.ie/,2025-06-22T16:50:39.576663,Partial (Interaction Failed),Didomi,TRUE,FALSE,FALSE,FALSE,,FALSE,0,0,0,[],0,['No visible buttons found in banner.'],We use Google Analytics to measure how you use the website so we can improve it. We have configured Google Analytics to anonymise your IP address so that you are not personally identified. We gather information on:,0,FALSE,FALSE,FALSE,[],0,0,FALSE,FALSE
https://www.hse.ie/,2025-06-22T16:50:51.473896,Success,Onetrust,TRUE,TRUE,FALSE,TRUE,necessary cookies only,TRUE,12,0,1,"[{""title"": ""checkbox label"", ""is_strictly_necessary"": false, ""is_ticked_by_default"": null}, {""title"": ""Functional Cookies"", ""is_strictly_necessary"": false, ""is_ticked_by_default"": null}, {""title"": ""YouTube Cookies"", ""is_strictly_necessary"": false, ""is_ticked_by_default"": null}, {""title"": ""YouTube Cookies"", ""is_strictly_necessary"": false, ""is_ticked_by_default"": false}, {""title"": ""Search the website"", ""is_strictly_necessary"": false, ""is_ticked_by_default"": null}, {""title"": ""checkbox label"", ""is_strictly_necessary"": false, ""is_ticked_by_default"": null}, {""title"": ""checkbox label"", ""is_strictly_necessary"": false, ""is_ticked_by_default"": null}, {""title"": ""Analytical Cookies"", ""is_strictly_necessary"": false, ""is_ticked_by_default"": false}, {""title"": ""Analytical Cookies"", ""is_strictly_necessary"": false, ""is_ticked_by_default"": null}, {""title"": ""checkbox label"", ""is_strictly_necessary"": false, ""is_ticked_by_default"": null}, {""title"": ""Functional Cookies"", ""is_strictly_necessary"": false, ""is_ticked_by_default"": false}, {""title"": ""Strictly Necessary Cookies"", ""is_strictly_necessary"": true, ""is_ticked_by_default"": null}]",0.45999999999999996,['No substantial legal text found'],,0,FALSE,FALSE,FALSE,[],2,0,TRUE,FALSE
https://www.bonkers.ie/,2025-06-22T16:51:02.170500,Success,Onetrust,TRUE,TRUE,FALSE,TRUE,manage my cookie settings,TRUE,12,0,1,"[{""title"": ""checkbox label"", ""is_strictly_necessary"": false, ""is_ticked_by_default"": null}, {""title"": ""Strictly Necessary Cookies"", ""is_strictly_necessary"": true, ""is_ticked_by_default"": null}, {""title"": ""Functional Cookies"", ""is_strictly_necessary"": false, ""is_ticked_by_default"": null}, {""title"": ""Targeting Cookies"", ""is_strictly_necessary"": false, ""is_ticked_by_default"": null}, {""title"": ""Targeting Cookies"", ""is_strictly_necessary"": false, ""is_ticked_by_default"": false}, {""title"": ""Functional Cookies"", ""is_strictly_necessary"": false, ""is_ticked_by_default"": false}, {""title"": ""Performance Cookies"", ""is_strictly_necessary"": false, ""is_ticked_by_default"": false}, {""title"": ""checkbox label"", ""is_strictly_necessary"": false, ""is_ticked_by_default"": null}, {""title"": ""checkbox label"", ""is_strictly_necessary"": false, ""is_ticked_by_default"": null}, {""title"": ""checkbox label"", ""is_strictly_necessary"": false, ""is_ticked_by_default"": null}, {""title"": ""Vendor Search"", ""is_strictly_necessary"": false, ""is_ticked_by_default"": null}, {""title"": ""Performance Cookies"", ""is_strictly_necessary"": false, ""is_ticked_by_default"": null}]",0.5,['No substantial legal text found'],,0,FALSE,FALSE,FALSE,[],0,0,TRUE,FALSE
https://www.bordgaisenergy.ie/,2025-06-22T16:51:12.782384,Success,Onetrust,TRUE,TRUE,FALSE,TRUE,manage my preferences,TRUE,11,1,1,"[{""title"": ""checkbox label"", ""is_strictly_necessary"": false, ""is_ticked_by_default"": null}, {""title"": ""Functional Cookies"", ""is_strictly_necessary"": false, ""is_ticked_by_default"": null}, {""title"": ""First Party Analytical Cookies"", ""is_strictly_necessary"": false, ""is_ticked_by_default"": null}, {""title"": ""Targeting Cookies"", ""is_strictly_necessary"": false, ""is_ticked_by_default"": null}, {""title"": ""First Party Analytical Cookies"", ""is_strictly_necessary"": false, ""is_ticked_by_default"": true}, {""title"": ""checkbox label"", ""is_strictly_necessary"": false, ""is_ticked_by_default"": null}, {""title"": ""checkbox label"", ""is_strictly_necessary"": false, ""is_ticked_by_default"": null}, {""title"": ""Targeting Cookies"", ""is_strictly_necessary"": false, ""is_ticked_by_default"": false}, {""title"": ""Functional Cookies"", ""is_strictly_necessary"": false, ""is_ticked_by_default"": false}, {""title"": ""checkbox label"", ""is_strictly_necessary"": false, ""is_ticked_by_default"": null}, {""title"": ""Strictly Necessary Cookies"", ""is_strictly_necessary"": true, ""is_ticked_by_default"": null}]",0.5,['No substantial legal text found'],,0,FALSE,FALSE,FALSE,[],0,0,TRUE,FALSE
https://www.electricireland.ie/,2025-06-22T16:51:24.402329,Success,Onetrust,TRUE,TRUE,FALSE,TRUE,cookie settings,TRUE,16,0,2,"[{""title"": ""checkbox label"", ""is_strictly_necessary"": false, ""is_ticked_by_default"": null}, {""title"": ""Targeting & Advertising Cookies"", ""is_strictly_necessary"": false, ""is_ticked_by_default"": null}, {""title"": ""Performance Cookies"", ""is_strictly_necessary"": false, ""is_ticked_by_default"": null}, {""title"": ""Performance Cookies"", ""is_strictly_necessary"": false, ""is_ticked_by_default"": null}, {""title"": ""Strictly Necessary Cookies"", ""is_strictly_necessary"": true, ""is_ticked_by_default"": null}, {""title"": ""Functional Cookies"", ""is_strictly_necessary"": false, ""is_ticked_by_default"": null}, {""title"": ""Targeting & Advertising Cookies"", ""is_strictly_necessary"": false, ""is_ticked_by_default"": null}, {""title"": ""checkbox label"", ""is_strictly_necessary"": false, ""is_ticked_by_default"": null}, {""title"": ""Functional Cookies"", ""is_strictly_necessary"": false, ""is_ticked_by_default"": null}, {""title"": ""Strictly Necessary Cookies"", ""is_strictly_necessary"": true, ""is_ticked_by_default"": null}, {""title"": ""checkbox label"", ""is_strictly_necessary"": false, ""is_ticked_by_default"": null}, {""title"": ""Functional Cookies"", ""is_strictly_necessary"": false, ""is_ticked_by_default"": null}, {""title"": ""Targeting & Advertising Cookies"", ""is_strictly_necessary"": false, ""is_ticked_by_default"": null}, {""title"": ""Cookie Settings Overview"", ""is_strictly_necessary"": false, ""is_ticked_by_default"": null}, {""title"": ""checkbox label"", ""is_strictly_necessary"": false, ""is_ticked_by_default"": null}, {""title"": ""Performance Cookies"", ""is_strictly_necessary"": false, ""is_ticked_by_default"": null}]",0.5,['No substantial legal text found'],,0,FALSE,FALSE,FALSE,[],0,0,TRUE,FALSE
https://www.bankofireland.com/,2025-06-22T16:51:35.240104,Success,Onetrust,TRUE,TRUE,FALSE,TRUE,necessary only,TRUE,11,0,1,"[{""title"": ""checkbox label"", ""is_strictly_necessary"": false, ""is_ticked_by_default"": null}, {""title"": ""Functional Cookies"", ""is_strictly_necessary"": false, ""is_ticked_by_default"": null}, {""title"": ""Performance Cookies"", ""is_strictly_necessary"": false, ""is_ticked_by_default"": false}, {""title"": ""checkbox label"", ""is_strictly_necessary"": false, ""is_ticked_by_default"": null}, {""title"": ""checkbox label"", ""is_strictly_necessary"": false, ""is_ticked_by_default"": null}, {""title"": ""Advertising Cookies"", ""is_strictly_necessary"": false, ""is_ticked_by_default"": null}, {""title"": ""Functional Cookies"", ""is_strictly_necessary"": false, ""is_ticked_by_default"": false}, {""title"": ""Advertising Cookies"", ""is_strictly_necessary"": false, ""is_ticked_by_default"": false}, {""title"": ""Strictly Necessary Cookies"", ""is_strictly_necessary"": true, ""is_ticked_by_default"": null}, {""title"": ""checkbox label"", ""is_strictly_necessary"": false, ""is_ticked_by_default"": null}, {""title"": ""Performance Cookies"", ""is_strictly_necessary"": false, ""is_ticked_by_default"": null}]",0.5,['No substantial legal text found'],,0,FALSE,FALSE,FALSE,[],0,0,TRUE,FALSE
https://www.aib.ie/,2025-06-22T16:51:46.116114,Success,Onetrust,TRUE,TRUE,FALSE,TRUE,adjust my preferences,TRUE,32,0,2,"[{""title"": ""Watch your savings growOpen a savings account and watch your money grow with interest. We have savings accounts for every type of saverMore about savings & deposits"", ""is_strictly_necessary"": false, ""is_ticked_by_default"": null}, {""title"": ""Targeting Cookies"", ""is_strictly_necessary"": false, ""is_ticked_by_default"": null}, {""title"": ""checkbox label"", ""is_strictly_necessary"": false, ""is_ticked_by_default"": null}, {""title"": ""Performance Cookies"", ""is_strictly_necessary"": false, ""is_ticked_by_default"": null}, {""title"": ""Performance Cookies"", ""is_strictly_necessary"": false, ""is_ticked_by_default"": null}, {""title"": ""Conduct a search"", ""is_strictly_necessary"": false, ""is_ticked_by_default"": null}, {""title"": ""Sustainability"", ""is_strictly_necessary"": false, ""is_ticked_by_default"": null}, {""title"": ""Strictly Necessary Cookies"", ""is_strictly_necessary"": true, ""is_ticked_by_default"": null}, {""title"": ""Functional Cookies"", ""is_strictly_necessary"": false, ""is_ticked_by_default"": null}, {""title"": ""Strictly Necessary Cookies"", ""is_strictly_necessary"": true, ""is_ticked_by_default"": null}, {""title"": ""Mortgages"", ""is_strictly_necessary"": false, ""is_ticked_by_default"": null}, {""title"": ""Are you worried about payments?"", ""is_strictly_necessary"": false, ""is_ticked_by_default"": null}, {""title"": ""Loans"", ""is_strictly_necessary"": false, ""is_ticked_by_default"": null}, {""title"": ""Savings & Deposits"", ""is_strictly_necessary"": false, ""is_ticked_by_default"": null}, {""title"": ""Functional Cookies"", ""is_strictly_necessary"": false, ""is_ticked_by_default"": null}, {""title"": ""Concerned about Fraud?"", ""is_strictly_necessary"": false, ""is_ticked_by_default"": null}, {""title"": ""checkbox label"", ""is_strictly_necessary"": false, ""is_ticked_by_default"": null}, {""title"": ""Insurance"", ""is_strictly_necessary"": false, ""is_ticked_by_default"": null}, {""title"": ""checkbox label"", ""is_strictly_necessary"": false, ""is_ticked_by_default"": null}, {""title"": ""Targeting Cookies"", ""is_strictly_necessary"": false, ""is_ticked_by_default"": null}, {""title"": ""checkbox label"", ""is_strictly_necessary"": false, ""is_ticked_by_default"": null}, {""title"": ""Performance Cookies"", ""is_strictly_necessary"": false, ""is_ticked_by_default"": null}, {""title"": ""Private Banking"", ""is_strictly_necessary"": false, ""is_ticked_by_default"": null}, {""title"": ""Targeting Cookies"", ""is_strictly_necessary"": false, ""is_ticked_by_default"": null}, {""title"": ""Contact us today"", ""is_strictly_necessary"": false, ""is_ticked_by_default"": null}, {""title"": ""Functional Cookies"", ""is_strictly_necessary"": false, ""is_ticked_by_default"": null}, {""title"": ""About Cookies"", ""is_strictly_necessary"": false, ""is_ticked_by_default"": null}, {""title"": ""Business Banking"", ""is_strictly_necessary"": false, ""is_ticked_by_default"": null}, {""title"": ""Corporate Banking"", ""is_strictly_necessary"": false, ""is_ticked_by_default"": null}, {""title"": ""Are you worried about payments?"", ""is_strictly_necessary"": false, ""is_ticked_by_default"": null}, {""title"": ""Conduct a search"", ""is_strictly_necessary"": false, ""is_ticked_by_default"": null}, {""title"": ""PersonalBusinessCapital MarketsClimate CapitalPrivateGroupSustainabilitySwitch to Northern Ireland"", ""is_strictly_necessary"": false, ""is_ticked_by_default"": null}]",0.5,['No substantial legal text found'],,5,FALSE,FALSE,FALSE,[],0,0,TRUE,FALSE
https://www.permanenttsb.ie/,2025-06-22T16:51:58.223350,Success,Onetrust,TRUE,TRUE,TRUE,TRUE,manage preferences,TRUE,18,0,0,"[{""title"": ""checkbox label"", ""is_strictly_necessary"": false, ""is_ticked_by_default"": null}, {""title"": ""Performance Analytics"", ""is_strictly_necessary"": false, ""is_ticked_by_default"": null}, {""title"": ""Performance Analytics"", ""is_strictly_necessary"": false, ""is_ticked_by_default"": null}, {""title"": ""Cookie Consent Management"", ""is_strictly_necessary"": false, ""is_ticked_by_default"": null}, {""title"": ""Search"", ""is_strictly_necessary"": false, ""is_ticked_by_default"": null}, {""title"": ""Search"", ""is_strictly_necessary"": false, ""is_ticked_by_default"": null}, {""title"": ""Marketing"", ""is_strictly_necessary"": false, ""is_ticked_by_default"": null}, {""title"": ""Functional Cookies"", ""is_strictly_necessary"": false, ""is_ticked_by_default"": null}, {""title"": ""Functional Cookies"", ""is_strictly_necessary"": false, ""is_ticked_by_default"": null}, {""title"": ""Functional Cookies"", ""is_strictly_necessary"": false, ""is_ticked_by_default"": null}, {""title"": ""checkbox label"", ""is_strictly_necessary"": false, ""is_ticked_by_default"": null}, {""title"": ""checkbox label"", ""is_strictly_necessary"": false, ""is_ticked_by_default"": null}, {""title"": ""Marketing"", ""is_strictly_necessary"": false, ""is_ticked_by_default"": null}, {""title"": ""Marketing"", ""is_strictly_necessary"": false, ""is_ticked_by_default"": null}, {""title"": ""Necessary"", ""is_strictly_necessary"": false, ""is_ticked_by_default"": null}, {""title"": ""Necessary"", ""is_strictly_necessary"": false, ""is_ticked_by_default"": null}, {""title"": ""checkbox label"", ""is_strictly_necessary"": false, ""is_ticked_by_default"": null}, {""title"": ""Performance Analytics"", ""is_strictly_necessary"": false, ""is_ticked_by_default"": null}]",0.6,['No substantial legal text found'],,0,FALSE,FALSE,FALSE,[],0,0,TRUE,FALSE
https://www.ulsterbank.ie/,2025-06-22T16:52:12.061241,Success,Onetrust,TRUE,TRUE,FALSE,TRUE,manage preferences,TRUE,14,0,1,"[{""title"": ""checkbox label"", ""is_strictly_necessary"": false, ""is_ticked_by_default"": null}, {""title"": ""Strictly Necessary Cookies"", ""is_strictly_necessary"": true, ""is_ticked_by_default"": null}, {""title"": ""Targeting Cookies"", ""is_strictly_necessary"": false, ""is_ticked_by_default"": null}, {""title"": ""Performance Cookies"", ""is_strictly_necessary"": false, ""is_ticked_by_default"": false}, {""title"": ""Customer Experience"", ""is_strictly_necessary"": false, ""is_ticked_by_default"": false}, {""title"": ""checkbox label"", ""is_strictly_necessary"": false, ""is_ticked_by_default"": null}, {""title"": ""checkbox label"", ""is_strictly_necessary"": false, ""is_ticked_by_default"": null}, {""title"": ""Functional Cookies"", ""is_strictly_necessary"": false, ""is_ticked_by_default"": null}, {""title"": ""Performance Cookies"", ""is_strictly_necessary"": false, ""is_ticked_by_default"": null}, {""title"": ""Functional Cookies"", ""is_strictly_necessary"": false, ""is_ticked_by_default"": false}, {""title"": ""Search"", ""is_strictly_necessary"": false, ""is_ticked_by_default"": null}, {""title"": ""checkbox label"", ""is_strictly_necessary"": false, ""is_ticked_by_default"": null}, {""title"": ""Customer Experience"", ""is_strictly_necessary"": false, ""is_ticked_by_default"": null}, {""title"": ""Targeting Cookies"", ""is_strictly_necessary"": false, ""is_ticked_by_default"": false}]",0.5,['No substantial legal text found'],,0,FALSE,FALSE,FALSE,[],0,0,TRUE,FALSE
https://www.creditunion.ie/,2025-06-22T16:52:22.185536,Success,Onetrust,TRUE,TRUE,TRUE,TRUE,manage settings,TRUE,19,0,2,"[{""title"": ""checkbox label"", ""is_strictly_necessary"": false, ""is_ticked_by_default"": null}, {""title"": ""Search:"", ""is_strictly_necessary"": false, ""is_ticked_by_default"": null}, {""title"": ""Performance Cookies"", ""is_strictly_necessary"": false, ""is_ticked_by_default"": null}, {""title"": ""Advertising & Marketing Cookies"", ""is_strictly_necessary"": false, ""is_ticked_by_default"": null}, {""title"": ""Advertising & Marketing Cookies"", ""is_strictly_necessary"": false, ""is_ticked_by_default"": null}, {""title"": ""Strictly Necessary Cookies"", ""is_strictly_necessary"": true, ""is_ticked_by_default"": null}, {""title"": ""Performance Cookies"", ""is_strictly_necessary"": false, ""is_ticked_by_default"": null}, {""title"": ""Vendor Search"", ""is_strictly_necessary"": false, ""is_ticked_by_default"": null}, {""title"": ""Functional Cookies"", ""is_strictly_necessary"": false, ""is_ticked_by_default"": null}, {""title"": ""checkbox label"", ""is_strictly_necessary"": false, ""is_ticked_by_default"": null}, {""title"": ""Functional Cookies"", ""is_strictly_necessary"": false, ""is_ticked_by_default"": null}, {""title"": ""Search:"", ""is_strictly_necessary"": false, ""is_ticked_by_default"": null}, {""title"": ""checkbox label"", ""is_strictly_necessary"": false, ""is_ticked_by_default"": null}, {""title"": ""Advertising & Marketing Cookies"", ""is_strictly_necessary"": false, ""is_ticked_by_default"": null}, {""title"": ""checkbox label"", ""is_strictly_necessary"": false, ""is_ticked_by_default"": null}, {""title"": ""Performance Cookies"", ""is_strictly_necessary"": false, ""is_ticked_by_default"": null}, {""title"": ""Your Privacy"", ""is_strictly_necessary"": false, ""is_ticked_by_default"": null}, {""title"": ""Strictly Necessary Cookies"", ""is_strictly_necessary"": true, ""is_ticked_by_default"": null}, {""title"": ""Functional Cookies"", ""is_strictly_necessary"": false, ""is_ticked_by_default"": null}]",0.6,['No substantial legal text found'],,0,FALSE,FALSE,FALSE,[],0,0,TRUE,FALSE
https://www.dcu.ie/,2025-06-22T16:52:32.111046,Partial (Interaction Failed),Cookiebot,TRUE,FALSE,FALSE,FALSE,,FALSE,0,6,0,[],0,"['No substantial legal text found', 'No visible buttons found in banner.']",,0,FALSE,FALSE,FALSE,[],5,0,FALSE,FALSE
https://www.tcd.ie/,2025-06-22T16:52:45.228267,Success,Onetrust,TRUE,TRUE,FALSE,TRUE,close,TRUE,13,0,1,"[{""title"": ""Performance Cookies"", ""is_strictly_necessary"": false, ""is_ticked_by_default"": null}, {""title"": ""Strictly Necessary Cookies"", ""is_strictly_necessary"": true, ""is_ticked_by_default"": null}, {""title"": ""checkbox label"", ""is_strictly_necessary"": false, ""is_ticked_by_default"": null}, {""title"": ""Search"", ""is_strictly_necessary"": false, ""is_ticked_by_default"": null}, {""title"": ""checkbox label"", ""is_strictly_necessary"": false, ""is_ticked_by_default"": null}, {""title"": ""Functional Cookies"", ""is_strictly_necessary"": false, ""is_ticked_by_default"": null}, {""title"": ""Functional Cookies"", ""is_strictly_necessary"": false, ""is_ticked_by_default"": false}, {""title"": ""Advertising and Marketing Cookies"", ""is_strictly_necessary"": false, ""is_ticked_by_default"": false}, {""title"": ""checkbox label"", ""is_strictly_necessary"": false, ""is_ticked_by_default"": null}, {""title"": ""Search text"", ""is_strictly_necessary"": false, ""is_ticked_by_default"": null}, {""title"": ""Performance Cookies"", ""is_strictly_necessary"": false, ""is_ticked_by_default"": false}, {""title"": ""checkbox label"", ""is_strictly_necessary"": false, ""is_ticked_by_default"": null}, {""title"": ""Advertising and Marketing Cookies"", ""is_strictly_necessary"": false, ""is_ticked_by_default"": null}]",0.5,['No substantial legal text found'],,0,FALSE,FALSE,FALSE,[],0,0,TRUE,FALSE
https://www.ucc.ie/,2025-06-22T16:53:02.344100,Success,Onetrust,TRUE,TRUE,FALSE,TRUE,cookies settings,TRUE,21,0,2,"[{""title"": ""Site Search Text"", ""is_strictly_necessary"": false, ""is_ticked_by_default"": null}, {""title"": ""Targeting Cookies"", ""is_strictly_necessary"": false, ""is_ticked_by_default"": null}, {""title"": ""Performance Cookies"", ""is_strictly_necessary"": false, ""is_ticked_by_default"": null}, {""title"": ""Site Search Text"", ""is_strictly_necessary"": false, ""is_ticked_by_default"": null}, {""title"": ""Functional Cookies"", ""is_strictly_necessary"": false, ""is_ticked_by_default"": null}, {""title"": ""Strictly Necessary Cookies"", ""is_strictly_necessary"": true, ""is_ticked_by_default"": null}, {""title"": ""Switch Label"", ""is_strictly_necessary"": false, ""is_ticked_by_default"": null}, {""title"": ""Performance Cookies"", ""is_strictly_necessary"": false, ""is_ticked_by_default"": null}, {""title"": ""Switch Label"", ""is_strictly_necessary"": false, ""is_ticked_by_default"": null}, {""title"": ""People"", ""is_strictly_necessary"": false, ""is_ticked_by_default"": null}, {""title"": ""Strictly Necessary Cookies"", ""is_strictly_necessary"": true, ""is_ticked_by_default"": null}, {""title"": ""Website"", ""is_strictly_necessary"": false, ""is_ticked_by_default"": null}, {""title"": ""checkbox label"", ""is_strictly_necessary"": false, ""is_ticked_by_default"": null}, {""title"": ""Functional Cookies"", ""is_strictly_necessary"": false, ""is_ticked_by_default"": null}, {""title"": ""Courses"", ""is_strictly_necessary"": false, ""is_ticked_by_default"": null}, {""title"": ""Targeting Cookies"", ""is_strictly_necessary"": false, ""is_ticked_by_default"": null}, {""title"": ""Performance Cookies"", ""is_strictly_necessary"": false, ""is_ticked_by_default"": null}, {""title"": ""Switch Label"", ""is_strictly_necessary"": false, ""is_ticked_by_default"": null}, {""title"": ""Targeting Cookies"", ""is_strictly_necessary"": false, ""is_ticked_by_default"": null}, {""title"": ""Functional Cookies"", ""is_strictly_necessary"": false, ""is_ticked_by_default"": null}, {""title"": ""Your Privacy"", ""is_strictly_necessary"": false, ""is_ticked_by_default"": null}]",0.5,['No substantial legal text found'],,0,FALSE,FALSE,FALSE,[],0,0,TRUE,FALSE
https://www.nuigalway.ie/,2025-06-22T16:53:13.101514,Success,Unknown/Custom,TRUE,TRUE,FALSE,TRUE,allow none,TRUE,6,0,0,"[{""title"": ""Your preferences:"", ""is_strictly_necessary"": false, ""is_ticked_by_default"": null}, {""title"": ""Choose a study level"", ""is_strictly_necessary"": false, ""is_ticked_by_default"": null}, {""title"": ""Search words (e.g. Subject / course name)"", ""is_strictly_necessary"": false, ""is_ticked_by_default"": null}, {""title"": ""Functionality:"", ""is_strictly_necessary"": false, ""is_ticked_by_default"": null}, {""title"": ""Ads:"", ""is_strictly_necessary"": false, ""is_ticked_by_default"": null}, {""title"": ""Analytics:"", ""is_strictly_necessary"": false, ""is_ticked_by_default"": null}]",0.6,[],"No personal data is stored on these cookies but, under EU law, we still need to ask you this every 6 months. To learn more about our use of cookies, view our Privacy Policy.",0,TRUE,FALSE,FALSE,[],0,0.6160176470588236,TRUE,FALSE
https://www.ul.ie/,2025-06-22T16:53:41.201160,Partial (Interaction Failed),Cookiebot,TRUE,FALSE,FALSE,FALSE,,FALSE,0,6,0,[],0,"['No substantial legal text found', 'No visible buttons found in banner.']",,0,FALSE,FALSE,FALSE,[],3,0,FALSE,FALSE
https://www.maynoothuniversity.ie/,2025-06-22T16:53:53.256273,Partial (Interaction Failed),Onetrust,TRUE,FALSE,FALSE,FALSE,,FALSE,0,6,0,[],0,"['No substantial legal text found', 'No visible buttons found in banner.']",,0,FALSE,FALSE,FALSE,[],3,0,FALSE,FALSE
https://www.tudublin.ie/,2025-06-22T16:54:06.267850,Success,Onetrust,TRUE,TRUE,FALSE,TRUE,close,TRUE,3,0,0,"[{""title"": ""Search"", ""is_strictly_necessary"": false, ""is_ticked_by_default"": null}, {""title"": ""Search"", ""is_strictly_necessary"": false, ""is_ticked_by_default"": null}, {""title"": ""Search"", ""is_strictly_necessary"": false, ""is_ticked_by_default"": null}]",0.5,[],"By clicking “Allow All”, you agree to the storing of cookies on your device to enhance site navigation, analyse site usage, and assist in our marketing efforts.Cookie Notice",0,FALSE,FALSE,FALSE,[],0,0.2779678571428573,TRUE,FALSE
https://www.supervalu.ie/,2025-06-22T16:54:22.152865,Success,Onetrust,TRUE,TRUE,FALSE,TRUE,cookies settings,TRUE,12,0,1,"[{""title"": ""Strictly Necessary Cookies"", ""is_strictly_necessary"": true, ""is_ticked_by_default"": null}, {""title"": ""Targeting Cookies"", ""is_strictly_necessary"": false, ""is_ticked_by_default"": false}, {""title"": ""Functional Cookies"", ""is_strictly_necessary"": false, ""is_ticked_by_default"": null}, {""title"": ""checkbox label"", ""is_strictly_necessary"": false, ""is_ticked_by_default"": null}, {""title"": ""Targeting Cookies"", ""is_strictly_necessary"": false, ""is_ticked_by_default"": null}, {""title"": ""Recipe Search"", ""is_strictly_necessary"": false, ""is_ticked_by_default"": null}, {""title"": ""checkbox label"", ""is_strictly_necessary"": false, ""is_ticked_by_default"": null}, {""title"": ""Functional Cookies"", ""is_strictly_necessary"": false, ""is_ticked_by_default"": false}, {""title"": ""checkbox label"", ""is_strictly_necessary"": false, ""is_ticked_by_default"": null}, {""title"": ""Performance Cookies"", ""is_strictly_necessary"": false, ""is_ticked_by_default"": false}, {""title"": ""checkbox label"", ""is_strictly_necessary"": false, ""is_ticked_by_default"": null}, {""title"": ""Performance Cookies"", ""is_strictly_necessary"": false, ""is_ticked_by_default"": null}]",0.5,['No substantial legal text found'],,0,FALSE,FALSE,FALSE,[],0,0,TRUE,FALSE
https://www.tesco.ie/,2025-06-22T16:54:32.184068,Success,Trustarc,TRUE,TRUE,FALSE,TRUE,reject all cookies,TRUE,2,0,0,"[{""title"": ""Search"", ""is_strictly_necessary"": false, ""is_ticked_by_default"": null}, {""title"": ""Select"", ""is_strictly_necessary"": false, ""is_ticked_by_default"": null}]",0.3,['No substantial legal text found'],,0,FALSE,FALSE,FALSE,[],0,0,FALSE,FALSE
https://www.lidl.ie/,2025-06-22T16:55:35.481739,Success,Onetrust,TRUE,TRUE,TRUE,TRUE,customise,TRUE,13,0,0,"[{""title"": ""Contact us"", ""is_strictly_necessary"": false, ""is_ticked_by_default"": null}, {""title"": ""checkbox label"", ""is_strictly_necessary"": false, ""is_ticked_by_default"": null}, {""title"": ""Marketing"", ""is_strictly_necessary"": false, ""is_ticked_by_default"": false}, {""title"": ""Statistics"", ""is_strictly_necessary"": false, ""is_ticked_by_default"": false}, {""title"": ""Preferences"", ""is_strictly_necessary"": false, ""is_ticked_by_default"": null}, {""title"": ""checkbox label"", ""is_strictly_necessary"": false, ""is_ticked_by_default"": null}, {""title"": ""Preferences"", ""is_strictly_necessary"": false, ""is_ticked_by_default"": false}, {""title"": ""Statistics"", ""is_strictly_necessary"": false, ""is_ticked_by_default"": null}, {""title"": ""checkbox label"", ""is_strictly_necessary"": false, ""is_ticked_by_default"": null}, {""title"": ""Necessary"", ""is_strictly_necessary"": false, ""is_ticked_by_default"": null}, {""title"": ""Show more12/21"", ""is_strictly_necessary"": false, ""is_ticked_by_default"": null}, {""title"": ""Marketing"", ""is_strictly_necessary"": false, ""is_ticked_by_default"": null}, {""title"": ""checkbox label"", ""is_strictly_necessary"": false, ""is_ticked_by_default"": null}]",0.6,['No substantial legal text found'],,0,FALSE,FALSE,FALSE,[],0,0,TRUE,FALSE
https://www.aldi.ie/,2025-06-22T16:55:50.277472,Success,Onetrust,TRUE,TRUE,TRUE,TRUE,set choices,TRUE,12,0,1,"[{""title"": ""Search"", ""is_strictly_necessary"": false, ""is_ticked_by_default"": null}, {""title"": ""checkbox label"", ""is_strictly_necessary"": false, ""is_ticked_by_default"": null}, {""title"": ""Strictly Necessary Cookies"", ""is_strictly_necessary"": true, ""is_ticked_by_default"": null}, {""title"": ""checkbox label"", ""is_strictly_necessary"": false, ""is_ticked_by_default"": null}, {""title"": ""Marketing Cookies"", ""is_strictly_necessary"": false, ""is_ticked_by_default"": null}, {""title"": ""checkbox label"", ""is_strictly_necessary"": false, ""is_ticked_by_default"": null}, {""title"": ""Marketing Cookies"", ""is_strictly_necessary"": false, ""is_ticked_by_default"": false}, {""title"": ""Performance Cookies"", ""is_strictly_necessary"": false, ""is_ticked_by_default"": null}, {""title"": ""Functional Cookies"", ""is_strictly_necessary"": false, ""is_ticked_by_default"": null}, {""title"": ""checkbox label"", ""is_strictly_necessary"": false, ""is_ticked_by_default"": null}, {""title"": ""Functional Cookies"", ""is_strictly_necessary"": false, ""is_ticked_by_default"": false}, {""title"": ""Performance Cookies"", ""is_strictly_necessary"": false, ""is_ticked_by_default"": false}]",0.6,['No substantial legal text found'],,0,FALSE,FALSE,FALSE,[],0,0,TRUE,FALSE
https://www.dunnesstores.com/,2025-06-22T16:56:01.165095,Success,Onetrust,TRUE,TRUE,FALSE,TRUE,detailed selection,TRUE,16,0,1,"[{""title"": ""checkbox label"", ""is_strictly_necessary"": false, ""is_ticked_by_default"": null}, {""title"": ""Functional Cookies"", ""is_strictly_necessary"": false, ""is_ticked_by_default"": null}, {""title"": ""New InWomenLingerieMenKidsSchoolHomeReductionsOur Brands"", ""is_strictly_necessary"": false, ""is_ticked_by_default"": null}, {""title"": ""Targeting Cookies"", ""is_strictly_necessary"": false, ""is_ticked_by_default"": null}, {""title"": ""New InWomenLingerieMenKidsSchoolHomeReductionsOur Brands"", ""is_strictly_necessary"": false, ""is_ticked_by_default"": null}, {""title"": ""Targeting Cookies"", ""is_strictly_necessary"": false, ""is_ticked_by_default"": false}, {""title"": ""Performance Cookies"", ""is_strictly_necessary"": false, ""is_ticked_by_default"": false}, {""title"": ""Strictly Necessary Cookies"", ""is_strictly_necessary"": true, ""is_ticked_by_default"": null}, {""title"": ""New InWomenLingerieMenKidsSchoolHomeReductionsOur Brands"", ""is_strictly_necessary"": false, ""is_ticked_by_default"": null}, {""title"": ""checkbox label"", ""is_strictly_necessary"": false, ""is_ticked_by_default"": null}, {""title"": ""checkbox label"", ""is_strictly_necessary"": false, ""is_ticked_by_default"": null}, {""title"": ""checkbox label"", ""is_strictly_necessary"": false, ""is_ticked_by_default"": null}, {""title"": ""New InWomenLingerieMenKidsSchoolHomeReductionsOur Brands"", ""is_strictly_necessary"": false, ""is_ticked_by_default"": null}, {""title"": ""Functional Cookies"", ""is_strictly_necessary"": false, ""is_ticked_by_default"": false}, {""title"": ""Vendor Search"", ""is_strictly_necessary"": false, ""is_ticked_by_default"": null}, {""title"": ""Performance Cookies"", ""is_strictly_necessary"": false, ""is_ticked_by_default"": null}]",0.45999999999999996,['No substantial legal text found'],,0,FALSE,FALSE,FALSE,[],2,0,TRUE,FALSE
https://www.brownthomas.com/,2025-06-22T16:56:14.030255,Success,Onetrust,TRUE,TRUE,FALSE,TRUE,set my preferences,TRUE,16,0,1,"[{""title"": ""Close"", ""is_strictly_necessary"": false, ""is_ticked_by_default"": null}, {""title"": ""Targeting Cookies"", ""is_strictly_necessary"": false, ""is_ticked_by_default"": null}, {""title"": ""checkbox label"", ""is_strictly_necessary"": false, ""is_ticked_by_default"": null}, {""title"": ""Performance Cookies"", ""is_strictly_necessary"": false, ""is_ticked_by_default"": null}, {""title"": ""BeautyWomenBagsMensChildrenHomeElectrical"", ""is_strictly_necessary"": false, ""is_ticked_by_default"": null}, {""title"": ""Functional Cookies"", ""is_strictly_necessary"": false, ""is_ticked_by_default"": false}, {""title"": ""Vendor Search"", ""is_strictly_necessary"": false, ""is_ticked_by_default"": null}, {""title"": ""Close"", ""is_strictly_necessary"": false, ""is_ticked_by_default"": null}, {""title"": ""Functional Cookies"", ""is_strictly_necessary"": false, ""is_ticked_by_default"": null}, {""title"": ""Targeting Cookies"", ""is_strictly_necessary"": false, ""is_ticked_by_default"": false}, {""title"": ""checkbox label"", ""is_strictly_necessary"": false, ""is_ticked_by_default"": null}, {""title"": ""checkbox label"", ""is_strictly_necessary"": false, ""is_ticked_by_default"": null}, {""title"": ""Performance Cookies"", ""is_strictly_necessary"": false, ""is_ticked_by_default"": false}, {""title"": ""checkbox label"", ""is_strictly_necessary"": false, ""is_ticked_by_default"": null}, {""title"": ""Strictly Necessary Cookies"", ""is_strictly_necessary"": true, ""is_ticked_by_default"": null}, {""title"": ""Search the site"", ""is_strictly_necessary"": false, ""is_ticked_by_default"": null}]",0.5,['No substantial legal text found'],,0,FALSE,FALSE,FALSE,[],0,0,TRUE,FALSE
https://www.arnotts.ie/,2025-06-22T16:56:32.053833,Success,Onetrust,TRUE,TRUE,FALSE,TRUE,set my preferences,TRUE,18,0,1,"[{""title"": ""Close"", ""is_strictly_necessary"": false, ""is_ticked_by_default"": null}, {""title"": ""Targeting Cookies"", ""is_strictly_necessary"": false, ""is_ticked_by_default"": null}, {""title"": ""WomenMenKidsFurnitureToysBeautyHomeElectrical"", ""is_strictly_necessary"": false, ""is_ticked_by_default"": null}, {""title"": ""checkbox label"", ""is_strictly_necessary"": false, ""is_ticked_by_default"": null}, {""title"": ""Follow Us"", ""is_strictly_necessary"": false, ""is_ticked_by_default"": null}, {""title"": ""Close"", ""is_strictly_necessary"": false, ""is_ticked_by_default"": null}, {""title"": ""Performance Cookies"", ""is_strictly_necessary"": false, ""is_ticked_by_default"": null}, {""title"": ""Functional Cookies"", ""is_strictly_necessary"": false, ""is_ticked_by_default"": false}, {""title"": ""Vendor Search"", ""is_strictly_necessary"": false, ""is_ticked_by_default"": null}, {""title"": ""Functional Cookies"", ""is_strictly_necessary"": false, ""is_ticked_by_default"": null}, {""title"": ""Targeting Cookies"", ""is_strictly_necessary"": false, ""is_ticked_by_default"": false}, {""title"": ""checkbox label"", ""is_strictly_necessary"": false, ""is_ticked_by_default"": null}, {""title"": ""checkbox label"", ""is_strictly_necessary"": false, ""is_ticked_by_default"": null}, {""title"": ""Performance Cookies"", ""is_strictly_necessary"": false, ""is_ticked_by_default"": false}, {""title"": ""checkbox label"", ""is_strictly_necessary"": false, ""is_ticked_by_default"": null}, {""title"": ""Strictly Necessary Cookies"", ""is_strictly_necessary"": true, ""is_ticked_by_default"": null}, {""title"": ""BOLD & BLUSHED"", ""is_strictly_necessary"": false, ""is_ticked_by_default"": null}, {""title"": ""Search the site"", ""is_strictly_necessary"": false, ""is_ticked_by_default"": null}]",0.5,['No substantial legal text found'],,0,FALSE,FALSE,FALSE,[],0,0,TRUE,FALSE
https://www.elverys.ie/,2025-06-22T16:56:47.492649,Success,Onetrust,TRUE,TRUE,TRUE,TRUE,reject all,TRUE,12,0,1,"[{""title"": ""checkbox label"", ""is_strictly_necessary"": false, ""is_ticked_by_default"": null}, {""title"": ""Functional Cookies"", ""is_strictly_necessary"": false, ""is_ticked_by_default"": null}, {""title"": ""Targeting Cookies"", ""is_strictly_necessary"": false, ""is_ticked_by_default"": null}, {""title"": ""Strictly Necessary Cookies"", ""is_strictly_necessary"": true, ""is_ticked_by_default"": null}, {""title"": ""Performance Cookies"", ""is_strictly_necessary"": false, ""is_ticked_by_default"": false}, {""title"": ""checkbox label"", ""is_strictly_necessary"": false, ""is_ticked_by_default"": null}, {""title"": ""checkbox label"", ""is_strictly_necessary"": false, ""is_ticked_by_default"": null}, {""title"": ""Targeting Cookies"", ""is_strictly_necessary"": false, ""is_ticked_by_default"": false}, {""title"": ""Search"", ""is_strictly_necessary"": false, ""is_ticked_by_default"": null}, {""title"": ""Functional Cookies"", ""is_strictly_necessary"": false, ""is_ticked_by_default"": false}, {""title"": ""checkbox label"", ""is_strictly_necessary"": false, ""is_ticked_by_default"": null}, {""title"": ""Performance Cookies"", ""is_strictly_necessary"": false, ""is_ticked_by_default"": null}]",0.6,['No substantial legal text found'],,0,FALSE,FALSE,FALSE,[],0,0,TRUE,FALSE
https://www.lifestylesports.com/ie/,2025-06-22T16:57:09.453450,Success,Onetrust,TRUE,TRUE,FALSE,TRUE,manage cookies,TRUE,37,0,2,"[{""title"": ""Performance Cookies"", ""is_strictly_necessary"": false, ""is_ticked_by_default"": null}, {""title"": ""Footwear"", ""is_strictly_necessary"": false, ""is_ticked_by_default"": null}, {""title"": ""Targeting Cookies"", ""is_strictly_necessary"": false, ""is_ticked_by_default"": null}, {""title"": ""Accessories"", ""is_strictly_necessary"": false, ""is_ticked_by_default"": null}, {""title"": ""Clothing"", ""is_strictly_necessary"": false, ""is_ticked_by_default"": null}, {""title"": ""checkbox label"", ""is_strictly_necessary"": false, ""is_ticked_by_default"": null}, {""title"": ""Strictly Necessary Cookies"", ""is_strictly_necessary"": true, ""is_ticked_by_default"": null}, {""title"": ""Girl's Clothing"", ""is_strictly_necessary"": false, ""is_ticked_by_default"": null}, {""title"": ""Search Catalog"", ""is_strictly_necessary"": false, ""is_ticked_by_default"": null}, {""title"": ""Shop All"", ""is_strictly_necessary"": false, ""is_ticked_by_default"": null}, {""title"": ""Search Catalog"", ""is_strictly_necessary"": false, ""is_ticked_by_default"": null}, {""title"": ""Join"", ""is_strictly_necessary"": false, ""is_ticked_by_default"": null}, {""title"": ""Performance Cookies"", ""is_strictly_necessary"": false, ""is_ticked_by_default"": null}, {""title"": ""Accessories"", ""is_strictly_necessary"": false, ""is_ticked_by_default"": null}, {""title"": ""Shop All"", ""is_strictly_necessary"": false, ""is_ticked_by_default"": null}, {""title"": ""Strictly Necessary Cookies"", ""is_strictly_necessary"": true, ""is_ticked_by_default"": null}, {""title"": ""Functional Cookies"", ""is_strictly_necessary"": false, ""is_ticked_by_default"": null}, {""title"": ""Footwear"", ""is_strictly_necessary"": false, ""is_ticked_by_default"": null}, {""title"": ""Vendor Search"", ""is_strictly_necessary"": false, ""is_ticked_by_default"": null}, {""title"": ""Functional Cookies"", ""is_strictly_necessary"": false, ""is_ticked_by_default"": null}, {""title"": ""PreviousNext12"", ""is_strictly_necessary"": false, ""is_ticked_by_default"": null}, {""title"": ""Swimwear"", ""is_strictly_necessary"": false, ""is_ticked_by_default"": null}, {""title"": ""checkbox label"", ""is_strictly_necessary"": false, ""is_ticked_by_default"": null}, {""title"": ""Functional Cookies"", ""is_strictly_necessary"": false, ""is_ticked_by_default"": null}, {""title"": ""Targeting Cookies"", ""is_strictly_necessary"": false, ""is_ticked_by_default"": null}, {""title"": ""checkbox label"", ""is_strictly_necessary"": false, ""is_ticked_by_default"": null}, {""title"": ""Targeting Cookies"", ""is_strictly_necessary"": false, ""is_ticked_by_default"": null}, {""title"": ""checkbox label"", ""is_strictly_necessary"": false, ""is_ticked_by_default"": null}, {""title"": ""Accessories"", ""is_strictly_necessary"": false, ""is_ticked_by_default"": null}, {""title"": ""Performance Cookies"", ""is_strictly_necessary"": false, ""is_ticked_by_default"": null}, {""title"": ""Search Catalog"", ""is_strictly_necessary"": false, ""is_ticked_by_default"": null}, {""title"": ""Footwear"", ""is_strictly_necessary"": false, ""is_ticked_by_default"": null}, {""title"": ""Your Privacy"", ""is_strictly_necessary"": false, ""is_ticked_by_default"": null}, {""title"": ""Clothing"", ""is_strictly_necessary"": false, ""is_ticked_by_default"": null}, {""title"": ""Shop All"", ""is_strictly_necessary"": false, ""is_ticked_by_default"": null}, {""title"": ""Boy's Clothing"", ""is_strictly_necessary"": false, ""is_ticked_by_default"": null}, {""title"": ""Swimwear"", ""is_strictly_necessary"": false, ""is_ticked_by_default"": null}]",0.5,[],"We use cookies to give you the best experience on LifeStyleSports.com, measure how the site is used, give you a personalised shopping experience and personalise the Life Style Sports adverts you see on other websites.Cookie Policy",1,FALSE,FALSE,FALSE,[],0,0.540186111,TRUE,FALSE
https://www.musgrave.ie/,2025-06-22T16:57:22.560029,Success,Onetrust,TRUE,TRUE,FALSE,TRUE,reject all cookies,TRUE,20,0,1,"[{""title"": ""Performance Cookies"", ""is_strictly_necessary"": false, ""is_ticked_by_default"": false}, {""title"": ""Targeting Cookies"", ""is_strictly_necessary"": false, ""is_ticked_by_default"": null}, {""title"": ""All"", ""is_strictly_necessary"": false, ""is_ticked_by_default"": null}, {""title"": ""checkbox label"", ""is_strictly_necessary"": false, ""is_ticked_by_default"": null}, {""title"": ""Our brands"", ""is_strictly_necessary"": false, ""is_ticked_by_default"": null}, {""title"": ""Performance Cookies"", ""is_strictly_necessary"": false, ""is_ticked_by_default"": null}, {""title"": ""Strictly Necessary Cookies"", ""is_strictly_necessary"": true, ""is_ticked_by_default"": null}, {""title"": ""Functional Cookies"", ""is_strictly_necessary"": false, ""is_ticked_by_default"": false}, {""title"": ""Group"", ""is_strictly_necessary"": false, ""is_ticked_by_default"": null}, {""title"": ""Targeting Cookies"", ""is_strictly_necessary"": false, ""is_ticked_by_default"": false}, {""title"": ""Vendor Search"", ""is_strictly_necessary"": false, ""is_ticked_by_default"": null}, {""title"": ""Functional Cookies"", ""is_strictly_necessary"": false, ""is_ticked_by_default"": null}, {""title"": ""checkbox label"", ""is_strictly_necessary"": false, ""is_ticked_by_default"": null}, {""title"": ""Sustainability"", ""is_strictly_necessary"": false, ""is_ticked_by_default"": null}, {""title"": ""20,000 trees planted by Supervalu and Centra"", ""is_strictly_necessary"": false, ""is_ticked_by_default"": null}, {""title"": ""checkbox label"", ""is_strictly_necessary"": false, ""is_ticked_by_default"": null}, {""title"": ""Careers"", ""is_strictly_necessary"": false, ""is_ticked_by_default"": null}, {""title"": ""checkbox label"", ""is_strictly_necessary"": false, ""is_ticked_by_default"": null}, {""title"": ""Food Leadership"", ""is_strictly_necessary"": false, ""is_ticked_by_default"": null}, {""title"": ""Retail partners"", ""is_strictly_necessary"": false, ""is_ticked_by_default"": null}]",0.5,['No substantial legal text found'],,0,FALSE,FALSE,FALSE,[],0,0,TRUE,FALSE
https://www.carphonewarehouse.ie/,2025-06-22T16:57:35.134236,Failed,None,FALSE,FALSE,FALSE,FALSE,,FALSE,0,0,0,[],0,['Critical error: WebDriverException'],,0,FALSE,FALSE,FALSE,[],0,0,FALSE,FALSE
https://www.currys.ie/,2025-06-22T16:58:18.414448,Success,Onetrust,TRUE,TRUE,FALSE,TRUE,customise,TRUE,21,0,2,"[{""title"": ""Marketing Cookies"", ""is_strictly_necessary"": false, ""is_ticked_by_default"": null}, {""title"": ""checkbox label"", ""is_strictly_necessary"": false, ""is_ticked_by_default"": null}, {""title"": ""Marketing Cookies"", ""is_strictly_necessary"": false, ""is_ticked_by_default"": null}, {""title"": ""Functional Cookies"", ""is_strictly_necessary"": false, ""is_ticked_by_default"": null}, {""title"": ""Analytics"", ""is_strictly_necessary"": false, ""is_ticked_by_default"": null}, {""title"": ""Shop Top Deals"", ""is_strictly_necessary"": false, ""is_ticked_by_default"": null}, {""title"": ""First Party Performance Cookies"", ""is_strictly_necessary"": false, ""is_ticked_by_default"": null}, {""title"": ""Essential"", ""is_strictly_necessary"": true, ""is_ticked_by_default"": null}, {""title"": ""Analytics"", ""is_strictly_necessary"": false, ""is_ticked_by_default"": null}, {""title"": ""checkbox label"", ""is_strictly_necessary"": false, ""is_ticked_by_default"": null}, {""title"": ""Functional Cookies"", ""is_strictly_necessary"": false, ""is_ticked_by_default"": null}, {""title"": ""checkbox label"", ""is_strictly_necessary"": false, ""is_ticked_by_default"": null}, {""title"": ""First Party Performance Cookies"", ""is_strictly_necessary"": false, ""is_ticked_by_default"": null}, {""title"": ""checkbox label"", ""is_strictly_necessary"": false, ""is_ticked_by_default"": null}, {""title"": ""First Party Performance Cookies"", ""is_strictly_necessary"": false, ""is_ticked_by_default"": null}, {""title"": ""Join Currys PerksFor exclusive discounts, rewards, giveaways & lots more."", ""is_strictly_necessary"": false, ""is_ticked_by_default"": null}, {""title"": ""Essential"", ""is_strictly_necessary"": true, ""is_ticked_by_default"": null}, {""title"": ""Analytics"", ""is_strictly_necessary"": false, ""is_ticked_by_default"": null}, {""title"": ""Functional Cookies"", ""is_strictly_necessary"": false, ""is_ticked_by_default"": null}, {""title"": ""Your Privacy"", ""is_strictly_necessary"": false, ""is_ticked_by_default"": null}, {""title"": ""Marketing Cookies"", ""is_strictly_necessary"": false, ""is_ticked_by_default"": null}]",0.45999999999999996,[],"We use cookies - these small but mighty files allow us to deliver a functional and helpful experience, tailored specifically to you. Some cookies are used for ads personalisation. If you prefer to reject cookies, or manage which ones are used, that's cool too. Disabling cookies means your experience on our site will be limited to required functionality only.View our cookies policyView our privacy policy",0,FALSE,FALSE,FALSE,[],2,0.44400875000000006,TRUE,FALSE
https://www.harveynorman.ie/,2025-06-22T16:59:11.233515,Success,Onetrust,TRUE,TRUE,TRUE,TRUE,cookies settings,TRUE,23,0,2,"[{""title"": ""Social Media Cookies"", ""is_strictly_necessary"": false, ""is_ticked_by_default"": null}, {""title"": ""BICYCLING"", ""is_strictly_necessary"": false, ""is_ticked_by_default"": null}, {""title"": ""checkbox label"", ""is_strictly_necessary"": false, ""is_ticked_by_default"": null}, {""title"": ""Targeting Cookies"", ""is_strictly_necessary"": false, ""is_ticked_by_default"": null}, {""title"": ""Functional Cookies"", ""is_strictly_necessary"": false, ""is_ticked_by_default"": null}, {""title"": ""Social Media Cookies"", ""is_strictly_necessary"": false, ""is_ticked_by_default"": null}, {""title"": ""Strictly Necessary Cookies"", ""is_strictly_necessary"": true, ""is_ticked_by_default"": null}, {""title"": ""Performance Cookies"", ""is_strictly_necessary"": false, ""is_ticked_by_default"": null}, {""title"": ""Performance Cookies"", ""is_strictly_necessary"": false, ""is_ticked_by_default"": null}, {""title"": ""DRIVING"", ""is_strictly_necessary"": false, ""is_ticked_by_default"": null}, {""title"": ""WALKING"", ""is_strictly_necessary"": false, ""is_ticked_by_default"": null}, {""title"": ""checkbox label"", ""is_strictly_necessary"": false, ""is_ticked_by_default"": null}, {""title"": ""Functional Cookies"", ""is_strictly_necessary"": false, ""is_ticked_by_default"": null}, {""title"": ""Current Location"", ""is_strictly_necessary"": false, ""is_ticked_by_default"": null}, {""title"": ""checkbox label"", ""is_strictly_necessary"": false, ""is_ticked_by_default"": null}, {""title"": ""Targeting Cookies"", ""is_strictly_necessary"": false, ""is_ticked_by_default"": null}, {""title"": ""checkbox label"", ""is_strictly_necessary"": false, ""is_ticked_by_default"": null}, {""title"": ""Performance Cookies"", ""is_strictly_necessary"": false, ""is_ticked_by_default"": null}, {""title"": ""Targeting Cookies"", ""is_strictly_necessary"": false, ""is_ticked_by_default"": null}, {""title"": ""Your Privacy"", ""is_strictly_necessary"": false, ""is_ticked_by_default"": null}, {""title"": ""Strictly Necessary Cookies"", ""is_strictly_necessary"": true, ""is_ticked_by_default"": null}, {""title"": ""Social Media Cookies"", ""is_strictly_necessary"": false, ""is_ticked_by_default"": null}, {""title"": ""Functional Cookies"", ""is_strictly_necessary"": false, ""is_ticked_by_default"": null}]",0.6,['No substantial legal text found'],,0,FALSE,FALSE,FALSE,[],0,0,TRUE,FALSE
https://www.donegalcoco.ie/,2025-06-22T16:59:26.562806,Success,Cookiebot,TRUE,TRUE,FALSE,TRUE,use necessary cookies only,TRUE,13,6,1,"[{""title"": ""Necessary"", ""is_strictly_necessary"": true, ""is_ticked_by_default"": true}, {""title"": ""Necessary"", ""is_strictly_necessary"": false, ""is_ticked_by_default"": null}, {""title"": ""Statistics"", ""is_strictly_necessary"": false, ""is_ticked_by_default"": null}, {""title"": ""Marketing"", ""is_strictly_necessary"": false, ""is_ticked_by_default"": null}, {""title"": ""Search mobile site"", ""is_strictly_necessary"": false, ""is_ticked_by_default"": null}, {""title"": ""Necessary"", ""is_strictly_necessary"": false, ""is_ticked_by_default"": null}, {""title"": ""Do not sell or share my personal information"", ""is_strictly_necessary"": false, ""is_ticked_by_default"": null}, {""title"": ""Preferences"", ""is_strictly_necessary"": false, ""is_ticked_by_default"": null}, {""title"": ""Preferences"", ""is_strictly_necessary"": false, ""is_ticked_by_default"": null}, {""title"": ""Search the website"", ""is_strictly_necessary"": false, ""is_ticked_by_default"": null}, {""title"": ""Search"", ""is_strictly_necessary"": false, ""is_ticked_by_default"": null}, {""title"": ""Marketing"", ""is_strictly_necessary"": false, ""is_ticked_by_default"": null}, {""title"": ""Statistics"", ""is_strictly_necessary"": false, ""is_ticked_by_default"": null}]",0.44000000000000006,[],"Some of these cookies are essential, while others help us to improve your experience by providing insights into how the site is being used.. Necessary cookies help make a website usable by enabling basic functions like page navigation and access to secure areas of the website. The website cannot function properly without these cookies.. Helps prevent Cross-Site Request Forgery (CSRF) attacks.. Preserves the visitor's session state across page requests.",0,FALSE,FALSE,FALSE,[],3,0.46023855072463776,TRUE,FALSE
https://www.corkcity.ie/,2025-06-22T17:00:43.676300,Partial (Interaction Failed),Cookiebot,TRUE,FALSE,FALSE,FALSE,,FALSE,0,6,0,[],0,"['No substantial legal text found', 'No visible buttons found in banner.']",,0,FALSE,FALSE,FALSE,[],3,0,FALSE,FALSE
https://www.welfare.ie/,2025-06-22T17:00:58.572586,Partial (Interaction Failed),Didomi,TRUE,FALSE,FALSE,FALSE,,FALSE,0,0,0,[],0,"['No substantial legal text found', 'No visible buttons found in banner.']",,0,FALSE,FALSE,FALSE,[],3,0,FALSE,FALSE
https://www.spunout.ie/,2025-06-22T17:01:12.295077,Partial (Interaction Failed),Cookiebot,TRUE,FALSE,FALSE,FALSE,,FALSE,0,6,0,[],0,"['No substantial legal text found', 'No visible buttons found in banner.']",,0,FALSE,FALSE,FALSE,[],3,0,FALSE,FALSE
