url,timestamp,status,cmp_vendor,initial_banner_found,accept_all_present,reject_all_present,settings_button_present,settings_button_text,preference_center_accessed,total_purposes_count,pre_ticked_non_essential_count,strictly_necessary_count,purposes_json,compliance_score,error_log,legal_text_summary,vendor_count,data_retention_mentioned,user_rights_mentioned,legitimate_interest_present,purpose_categories,dark_pattern_score,legal_readability_score,has_granular_control,gdpr_article_13_compliance
https://eu.puma.com/ie/en/home,2025-06-22T17:31:56.266131,Success,OneTrust,TRUE,TRUE,FALSE,TRUE,"for more information, see our privacy policy.",TRUE,10,0,0,"[{""title"": ""About PUMAAbout PUMAGO WILDCompanyCorporate NewsPress CenterInvestorsSustainabilityCareers"", ""is_strictly_necessary"": false, ""is_ticked_by_default"": false}, {""title"": ""MOSTRO"", ""is_strictly_necessary"": false, ""is_ticked_by_default"": false}, {""title"": ""PALERMO"", ""is_strictly_necessary"": false, ""is_ticked_by_default"": false}, {""title"": ""SUEDE XL"", ""is_strictly_necessary"": false, ""is_ticked_by_default"": false}, {""title"": ""FRESHLY PAINTED"", ""is_strictly_necessary"": false, ""is_ticked_by_default"": false}, {""title"": ""PUMA x HELIOT EMIL"", ""is_strictly_necessary"": false, ""is_ticked_by_default"": false}, {""title"": ""KING INDOOR"", ""is_strictly_necessary"": false, ""is_ticked_by_default"": false}, {""title"": ""HAVE A BALL"", ""is_strictly_necessary"": false, ""is_ticked_by_default"": false}, {""title"": ""WE PLAY OUR WAY"", ""is_strictly_necessary"": false, ""is_ticked_by_default"": false}, {""title"": ""LAFRANC\u00c9 BUTTERFLY"", ""is_strictly_necessary"": false, ""is_ticked_by_default"": false}]",0.8333333333333334,[],"Our website by default only uses cookies and similar technology (hereinafter ""Cookies"") for basic website functions/settings. If you want to stay with this default setting, please click “NECESSARY COOKIES ONLY”. You can also change the default setting and allow cookies for comfort and personalization features and/or targeted advertising. To do this, click on “COOKIE SETTINGS” and select the Cookies you want to activate. Subsequently click “CONFIRM MY CHOICES”. By clicking on “ACCEPT ALL COOKIES” you allow cookies for ALL the purposes described in the ""COOKIE SETTINGS"".For more information, see our Privacy Policy.",2,FALSE,FALSE,FALSE,[],0,0,TRUE,FALSE
https://www.adobe.com/ie/,2025-06-22T17:32:15.386907,Success,OneTrust,TRUE,FALSE,FALSE,TRUE,don't enable,TRUE,23,0,0,"[{""title"": ""Cookie details\u200e"", ""is_strictly_necessary"": false, ""is_ticked_by_default"": false}, {""title"": ""Operate the site and core services"", ""is_strictly_necessary"": false, ""is_ticked_by_default"": false}, {""title"": ""Measure performance"", ""is_strictly_necessary"": false, ""is_ticked_by_default"": false}, {""title"": ""Extend functionality"", ""is_strictly_necessary"": false, ""is_ticked_by_default"": false}, {""title"": ""Personalize advertising"", ""is_strictly_necessary"": false, ""is_ticked_by_default"": false}, {""title"": ""Vendor Search"", ""is_strictly_necessary"": false, ""is_ticked_by_default"": false}, {""title"": ""Information storage and access"", ""is_strictly_necessary"": false, ""is_ticked_by_default"": false}, {""title"": ""Select All Vendors"", ""is_strictly_necessary"": false, ""is_ticked_by_default"": false}, {""title"": ""All Consent Allowed"", ""is_strictly_necessary"": false, ""is_ticked_by_default"": false}, {""title"": ""Work faster in Photoshop."", ""is_strictly_necessary"": false, ""is_ticked_by_default"": false}, {""title"": ""Enhance your creative content. Even faster."", ""is_strictly_necessary"": false, ""is_ticked_by_default"": false}, {""title"": ""The ultimate creative AI solution."", ""is_strictly_necessary"": false, ""is_ticked_by_default"": false}, {""title"": ""Meet Acrobat AI Assistant."", ""is_strictly_necessary"": false, ""is_ticked_by_default"": false}, {""title"": ""Creative Cloud"", ""is_strictly_necessary"": false, ""is_ticked_by_default"": false}, {""title"": ""Amazing apps. Endless possibilities."", ""is_strictly_necessary"": false, ""is_ticked_by_default"": false}, {""title"": ""Empower marketing teams."", ""is_strictly_necessary"": false, ""is_ticked_by_default"": false}, {""title"": ""Save -70% on Creative Cloud for the first year."", ""is_strictly_necessary"": false, ""is_ticked_by_default"": false}, {""title"": ""General information"", ""is_strictly_necessary"": false, ""is_ticked_by_default"": false}, {""title"": ""If enabled:"", ""is_strictly_necessary"": false, ""is_ticked_by_default"": false}, {""title"": ""If disabled:"", ""is_strictly_necessary"": false, ""is_ticked_by_default"": false}, {""title"": ""Performance Cookies"", ""is_strictly_necessary"": false, ""is_ticked_by_default"": false}, {""title"": ""Acrobat"", ""is_strictly_necessary"": false, ""is_ticked_by_default"": false}, {""title"": ""Explore"", ""is_strictly_necessary"": false, ""is_ticked_by_default"": false}]",0.6666666666666666,[],"Adobe and its vendors use cookies and similar technologies to improve your experience and measure your interactions with our websites, products and services. We also use them to provide you more relevant information in searches and in ads on this and other sites. If that’s okay, click “Enable all"". Clicking “Don’t enable” will set only cookies that are strictly necessary. You can also view our vendors and customize your choices by clicking ""Cookie Settings"".",5,FALSE,FALSE,FALSE,[],0,0,TRUE,FALSE
https://www2.hm.com/en_ie/index.html,2025-06-22T17:32:31.918866,Partial (Interaction Failed),OneTrust,TRUE,FALSE,FALSE,FALSE,,FALSE,0,0,0,[],0,['No clickable elements found in banner'],"We use first- and third-party cookies including other tracking technologies from third party publishers to give you the full functionality of our website, customize your user experience, perform analytics and deliver personalized advertising on our websites, apps and newsletters across internet and via social media platforms. For that purpose, we collect information about user, browsing patterns and device.

By clicking “Accept all cookies”, you accept and agree that we share this information with third parties, such as our advertising partners. By choosing ""Only required cookies"", optional cookies are blocked, limiting our delivery of tailored content and features. Click on “Cookie Settings” to customize your options. Visit our Cookie policy to learn more.

Cookie policy",0,FALSE,FALSE,FALSE,[],0,0,FALSE,FALSE
https://www.rte.ie/,2025-06-22T17:32:41.933910,Success,OneTrust,TRUE,FALSE,FALSE,TRUE,21,TRUE,144,0,1,"[{""title"": ""Performance Cookies"", ""is_strictly_necessary"": false, ""is_ticked_by_default"": false}, {""title"": ""Functional Cookies"", ""is_strictly_necessary"": false, ""is_ticked_by_default"": false}, {""title"": ""Targeting Cookies and Third-Party Embeds"", ""is_strictly_necessary"": false, ""is_ticked_by_default"": false}, {""title"": ""Store and/or access information on a device"", ""is_strictly_necessary"": false, ""is_ticked_by_default"": false}, {""title"": ""Develop and improve services"", ""is_strictly_necessary"": false, ""is_ticked_by_default"": false}, {""title"": ""Measure content performance"", ""is_strictly_necessary"": false, ""is_ticked_by_default"": false}, {""title"": ""Understand audiences through statistics or combinations of data from different sources"", ""is_strictly_necessary"": false, ""is_ticked_by_default"": false}, {""title"": ""Use limited data to select advertising"", ""is_strictly_necessary"": false, ""is_ticked_by_default"": false}, {""title"": ""Create profiles for personalised advertising"", ""is_strictly_necessary"": false, ""is_ticked_by_default"": false}, {""title"": ""Use profiles to select personalised advertising"", ""is_strictly_necessary"": false, ""is_ticked_by_default"": false}, {""title"": ""Create profiles to personalise content"", ""is_strictly_necessary"": false, ""is_ticked_by_default"": false}, {""title"": ""Use profiles to select personalised content"", ""is_strictly_necessary"": false, ""is_ticked_by_default"": false}, {""title"": ""Measure advertising performance"", ""is_strictly_necessary"": false, ""is_ticked_by_default"": false}, {""title"": ""Use precise geolocation data"", ""is_strictly_necessary"": false, ""is_ticked_by_default"": false}, {""title"": ""checkbox label"", ""is_strictly_necessary"": false, ""is_ticked_by_default"": false}, {""title"": ""LiveUS 'not seeking regime change' in Iran after strikes"", ""is_strictly_necessary"": false, ""is_ticked_by_default"": false}, {""title"": ""Iran says nuclear knowledge 'cannot be destroyed' by US"", ""is_strictly_necessary"": false, ""is_ticked_by_default"": false}, {""title"": ""After Iran attack, the question for Trump is how it ends"", ""is_strictly_necessary"": false, ""is_ticked_by_default"": false}, {""title"": ""US strikes on Iran: What we know"", ""is_strictly_necessary"": false, ""is_ticked_by_default"": false}, {""title"": ""UN Security Council to hold emergency Iran meeting"", ""is_strictly_necessary"": false, ""is_ticked_by_default"": false}, {""title"": ""Govt evacuating 15 Irish citizens from Israel - T\u00e1naiste"", ""is_strictly_necessary"": false, ""is_ticked_by_default"": false}, {""title"": ""LiveSunday's All-Ireland and Tailteann Cup updates"", ""is_strictly_necessary"": false, ""is_ticked_by_default"": false}, {""title"": ""LiveThe Sunday Game Live"", ""is_strictly_necessary"": false, ""is_ticked_by_default"": false}, {""title"": ""Man charged over attack on Belfast Islamic Centre"", ""is_strictly_necessary"": false, ""is_ticked_by_default"": false}, {""title"": ""Thousands take part in separate protests in Dublin"", ""is_strictly_necessary"": false, ""is_ticked_by_default"": false}, {""title"": ""Duff makes shock exit from Shelbourne"", ""is_strictly_necessary"": false, ""is_ticked_by_default"": false}, {""title"": ""Govt concerned UNIFIL's Lebanon mandate won't be renewed"", ""is_strictly_necessary"": false, ""is_ticked_by_default"": false}, {""title"": ""Pope Leo gifted GAA jersey during audience at the Vatican"", ""is_strictly_necessary"": false, ""is_ticked_by_default"": false}, {""title"": ""Pope Leo sends 'good wishes' to Knock Shrine gatherers"", ""is_strictly_necessary"": false, ""is_ticked_by_default"": false}, {""title"": ""How Joe Duffy changed Irish radio forever"", ""is_strictly_necessary"": false, ""is_ticked_by_default"": false}, {""title"": ""LiveWest Side Story"", ""is_strictly_necessary"": false, ""is_ticked_by_default"": false}, {""title"": ""Too. Much. Content. Are you suffering from cultural burnout?"", ""is_strictly_necessary"": false, ""is_ticked_by_default"": false}, {""title"": ""The Kingdom 'have room for improvement' - O'Connor"", ""is_strictly_necessary"": false, ""is_ticked_by_default"": false}, {""title"": ""Starmer claims Kneecap Glastonbury set 'not appropriate'"", ""is_strictly_necessary"": false, ""is_ticked_by_default"": false}, {""title"": ""Jennifer Rock on endometriosis and undergoing a hysterectomy"", ""is_strictly_necessary"": false, ""is_ticked_by_default"": false}, {""title"": ""Motorcyclist dies after single-vehicle crash near Cork"", ""is_strictly_necessary"": false, ""is_ticked_by_default"": false}, {""title"": ""Why summertime is the right time to help children move better"", ""is_strictly_necessary"": false, ""is_ticked_by_default"": false}, {""title"": ""How secure is your banking app?"", ""is_strictly_necessary"": false, ""is_ticked_by_default"": false}, {""title"": ""Get Creative: On writing a novel - go find your tribe"", ""is_strictly_necessary"": false, ""is_ticked_by_default"": false}, {""title"": ""'Urgent need for de-escalation, diplomacy' in Middle East"", ""is_strictly_necessary"": false, ""is_ticked_by_default"": false}, {""title"": ""Galway survive late Down rally for quarter-final place"", ""is_strictly_necessary"": false, ""is_ticked_by_default"": false}, {""title"": ""Limerick come from seven down to reach Tailteann final"", ""is_strictly_necessary"": false, ""is_ticked_by_default"": false}, {""title"": ""Cillian Murphy will return in next 28 Years Later movie"", ""is_strictly_necessary"": false, ""is_ticked_by_default"": false}, {""title"": ""Call for more thatching courses to save 'unique' craft"", ""is_strictly_necessary"": false, ""is_ticked_by_default"": false}, {""title"": ""Decline in holidaymakers going to hotter destinations"", ""is_strictly_necessary"": false, ""is_ticked_by_default"": false}, {""title"": ""Why a 115kg stone from Waterford is finding a new home in Boston"", ""is_strictly_necessary"": false, ""is_ticked_by_default"": false}, {""title"": ""Ireland's Islands: 15 stunning locations to discover"", ""is_strictly_necessary"": false, ""is_ticked_by_default"": false}, {""title"": ""Marius Monaghan's guide to camping in rural Ireland"", ""is_strictly_necessary"": false, ""is_ticked_by_default"": false}, {""title"": ""Donegal in 24 hours: Live music, fresh seafood & stunning views"", ""is_strictly_necessary"": false, ""is_ticked_by_default"": false}, {""title"": ""8 outdoor activity resorts and parks to visit around Ireland"", ""is_strictly_necessary"": false, ""is_ticked_by_default"": false}, {""title"": ""Watch: The story and music of the Stolen Sister podcast"", ""is_strictly_necessary"": false, ""is_ticked_by_default"": false}, {""title"": ""Stolen Sister: 04 - Confessions"", ""is_strictly_necessary"": false, ""is_ticked_by_default"": false}, {""title"": ""Queer History Lesson: LGBTQ+ nightlife in Ireland"", ""is_strictly_necessary"": false, ""is_ticked_by_default"": false}, {""title"": ""Irish Drag Queens on their most chaotic nights of performing"", ""is_strictly_necessary"": false, ""is_ticked_by_default"": false}, {""title"": ""Serving Pride: 20 Irish LGBTQ+ cafes and restaurants to support"", ""is_strictly_necessary"": false, ""is_ticked_by_default"": false}, {""title"": ""RT\u00c9jr Book Club: Read with Pride this month"", ""is_strictly_necessary"": false, ""is_ticked_by_default"": false}, {""title"": ""News"", ""is_strictly_necessary"": false, ""is_ticked_by_default"": false}, {""title"": ""Sport"", ""is_strictly_necessary"": false, ""is_ticked_by_default"": false}, {""title"": ""John O'Mahony - A life of football in his own words"", ""is_strictly_necessary"": false, ""is_ticked_by_default"": false}, {""title"": ""Time to reclaim the internet from #GAAdopes"", ""is_strictly_necessary"": false, ""is_ticked_by_default"": false}, {""title"": ""Dangerous Animals is a rager of an Oz survival horror"", ""is_strictly_necessary"": false, ""is_ticked_by_default"": false}, {""title"": ""Tom Cruise hunts the Mission pieces in Final Reckoning"", ""is_strictly_necessary"": false, ""is_ticked_by_default"": false}, {""title"": ""The Wedding Banquet: Old, borrowed, yet still new"", ""is_strictly_necessary"": false, ""is_ticked_by_default"": false}, {""title"": ""The Ballad of Wallis Island is a big hug of a movie"", ""is_strictly_necessary"": false, ""is_ticked_by_default"": false}, {""title"": ""Newsletters"", ""is_strictly_necessary"": false, ""is_ticked_by_default"": false}, {""title"": ""Games"", ""is_strictly_necessary"": false, ""is_ticked_by_default"": false}, {""title"": ""Archives"", ""is_strictly_necessary"": false, ""is_ticked_by_default"": false}, {""title"": ""Competitions"", ""is_strictly_necessary"": false, ""is_ticked_by_default"": false}, {""title"": ""Weather"", ""is_strictly_necessary"": false, ""is_ticked_by_default"": false}, {""title"": ""Sunday Sport"", ""is_strictly_necessary"": false, ""is_ticked_by_default"": false}, {""title"": ""2FM Weekend Drive with Emma & Graham"", ""is_strictly_necessary"": false, ""is_ticked_by_default"": false}, {""title"": ""Weekend Classics with Claudia Boyle"", ""is_strictly_necessary"": false, ""is_ticked_by_default"": false}, {""title"": ""Sp\u00f3rt an Lae"", ""is_strictly_necessary"": false, ""is_ticked_by_default"": false}, {""title"": ""Golden Years"", ""is_strictly_necessary"": false, ""is_ticked_by_default"": false}, {""title"": ""Pulse Music Mix"", ""is_strictly_necessary"": false, ""is_ticked_by_default"": false}, {""title"": ""2XM Rocks"", ""is_strictly_necessary"": false, ""is_ticked_by_default"": false}, {""title"": ""Radioactive"", ""is_strictly_necessary"": false, ""is_ticked_by_default"": false}, {""title"": ""Documentary on One - Leaving Care (2009)"", ""is_strictly_necessary"": false, ""is_ticked_by_default"": false}, {""title"": ""Let's-a-go! Mario Kart World and the latest video games reviewed"", ""is_strictly_necessary"": false, ""is_ticked_by_default"": false}, {""title"": ""Will tougher loot box and currency rules create fairer gaming?"", ""is_strictly_necessary"": false, ""is_ticked_by_default"": false}, {""title"": ""A celebration of Irish video games - inside the F\u00cdS Games Summit"", ""is_strictly_necessary"": false, ""is_ticked_by_default"": false}, {""title"": ""Why is Irish mythology so prevalent in Japanese videogames?"", ""is_strictly_necessary"": false, ""is_ticked_by_default"": false}, {""title"": ""First new Gaelic football video game in 20 years set for summer"", ""is_strictly_necessary"": false, ""is_ticked_by_default"": false}, {""title"": ""Apocalypse Now"", ""is_strictly_necessary"": false, ""is_ticked_by_default"": false}, {""title"": ""Death on the Nile"", ""is_strictly_necessary"": false, ""is_ticked_by_default"": false}, {""title"": ""Poltergeist"", ""is_strictly_necessary"": false, ""is_ticked_by_default"": false}, {""title"": ""Don't Worry Darling"", ""is_strictly_necessary"": false, ""is_ticked_by_default"": false}, {""title"": ""The Courier"", ""is_strictly_necessary"": false, ""is_ticked_by_default"": false}, {""title"": ""Hillwalkers"", ""is_strictly_necessary"": false, ""is_ticked_by_default"": false}, {""title"": ""Romancing the Stone"", ""is_strictly_necessary"": false, ""is_ticked_by_default"": false}, {""title"": ""End Of Days"", ""is_strictly_necessary"": false, ""is_ticked_by_default"": false}, {""title"": ""The Railway Children Return"", ""is_strictly_necessary"": false, ""is_ticked_by_default"": false}, {""title"": ""The Bad Guys"", ""is_strictly_necessary"": false, ""is_ticked_by_default"": false}, {""title"": ""The Gathering"", ""is_strictly_necessary"": false, ""is_ticked_by_default"": false}, {""title"": ""Liveline"", ""is_strictly_necessary"": false, ""is_ticked_by_default"": false}, {""title"": ""Ireland second most expensive country in EU"", ""is_strictly_necessary"": false, ""is_ticked_by_default"": false}, {""title"": ""Trump\u2019s two week pause to consider US action in Israel-Iran conflict"", ""is_strictly_necessary"": false, ""is_ticked_by_default"": false}, {""title"": ""Salvage Operation to recover Mike Lynch\u2019s Superyacht"", ""is_strictly_necessary"": false, ""is_ticked_by_default"": false}, {""title"": ""Today with Claire Byrne"", ""is_strictly_necessary"": false, ""is_ticked_by_default"": false}, {""title"": ""Can the Beckham brand survive reports of family feud?"", ""is_strictly_necessary"": false, ""is_ticked_by_default"": false}, {""title"": ""Attacks in Dublin City"", ""is_strictly_necessary"": false, ""is_ticked_by_default"": false}, {""title"": ""The Waterford man\u2019s song that changed hip hop music forever"", ""is_strictly_necessary"": false, ""is_ticked_by_default"": false}, {""title"": ""Trump says US attack \u2018obliterated\u2019 Iran nuclear sites"", ""is_strictly_necessary"": false, ""is_ticked_by_default"": false}, {""title"": ""POPE LEO GAA TOP"", ""is_strictly_necessary"": false, ""is_ticked_by_default"": false}, {""title"": ""Eight people dead after Brazil hot-air balloon accident"", ""is_strictly_necessary"": false, ""is_ticked_by_default"": false}, {""title"": ""Israel, US crossed very big red line with attack Iranian FM"", ""is_strictly_necessary"": false, ""is_ticked_by_default"": false}, {""title"": ""\u2018It\u2019s terrifying\u2019 - Man arrested after Islamic centre attack"", ""is_strictly_necessary"": false, ""is_ticked_by_default"": false}, {""title"": ""Investigation after ambulance destroyed by fire in Castlebar"", ""is_strictly_necessary"": false, ""is_ticked_by_default"": false}, {""title"": ""Kneecap's Mo Chara tells Dublin crowd 'I'm a free man!'"", ""is_strictly_necessary"": false, ""is_ticked_by_default"": false}, {""title"": ""\u2018A fine young man\u2019 - Tributes paid after teen dies while swimming in Meath"", ""is_strictly_necessary"": false, ""is_ticked_by_default"": false}, {""title"": ""What would U.S. involvement in Israel attacks on Iran look like? Jackie Fox explains"", ""is_strictly_necessary"": false, ""is_ticked_by_default"": false}, {""title"": ""Dublin 2-24 Limerick 0-28 | SHC Quarter-Final"", ""is_strictly_necessary"": false, ""is_ticked_by_default"": false}, {""title"": ""Kiely: Today Dublin should be the story, not Limerick"", ""is_strictly_necessary"": false, ""is_ticked_by_default"": false}, {""title"": ""We and our partners process data to provide:"", ""is_strictly_necessary"": false, ""is_ticked_by_default"": false}, {""title"": ""Manage Consent Preferences"", ""is_strictly_necessary"": false, ""is_ticked_by_default"": false}, {""title"": ""Cookie List"", ""is_strictly_necessary"": false, ""is_ticked_by_default"": false}, {""title"": ""Playlist"", ""is_strictly_necessary"": false, ""is_ticked_by_default"": false}, {""title"": ""Strictly Necessary Cookies"", ""is_strictly_necessary"": true, ""is_ticked_by_default"": false}, {""title"": ""Store and/or access information on a device17 partners can use this purpose"", ""is_strictly_necessary"": false, ""is_ticked_by_default"": false}, {""title"": ""Develop and improve services17 partners can use this purpose"", ""is_strictly_necessary"": false, ""is_ticked_by_default"": false}, {""title"": ""Measure content performance6 partners can use this purpose"", ""is_strictly_necessary"": false, ""is_ticked_by_default"": false}, {""title"": ""Understand audiences through statistics or combinations of data from different sources11 partners can use this purpose"", ""is_strictly_necessary"": false, ""is_ticked_by_default"": false}, {""title"": ""Use limited data to select advertising17 partners can use this purpose"", ""is_strictly_necessary"": false, ""is_ticked_by_default"": false}, {""title"": ""Create profiles for personalised advertising14 partners can use this purpose"", ""is_strictly_necessary"": false, ""is_ticked_by_default"": false}, {""title"": ""Use profiles to select personalised advertising13 partners can use this purpose"", ""is_strictly_necessary"": false, ""is_ticked_by_default"": false}, {""title"": ""Create profiles to personalise content3 partners can use this purpose"", ""is_strictly_necessary"": false, ""is_ticked_by_default"": false}, {""title"": ""Use profiles to select personalised content3 partners can use this purpose"", ""is_strictly_necessary"": false, ""is_ticked_by_default"": false}, {""title"": ""Measure advertising performance20 partners can use this purpose"", ""is_strictly_necessary"": false, ""is_ticked_by_default"": false}, {""title"": ""Use precise geolocation data7 partners can use this special feature"", ""is_strictly_necessary"": false, ""is_ticked_by_default"": false}, {""title"": ""Ensure security, prevent and detect fraud, and fix errors16 partners can use this special purpose"", ""is_strictly_necessary"": false, ""is_ticked_by_default"": false}, {""title"": ""Deliver and present advertising and content17 partners can use this special purpose"", ""is_strictly_necessary"": false, ""is_ticked_by_default"": false}, {""title"": ""Match and combine data from other data sources12 partners can use this feature"", ""is_strictly_necessary"": false, ""is_ticked_by_default"": false}, {""title"": ""Link different devices13 partners can use this feature"", ""is_strictly_necessary"": false, ""is_ticked_by_default"": false}, {""title"": ""Identify devices based on information transmitted automatically17 partners can use this feature"", ""is_strictly_necessary"": false, ""is_ticked_by_default"": false}, {""title"": ""US strikes on Iran nuclear sites 'overwhelming success' - Hegseth"", ""is_strictly_necessary"": false, ""is_ticked_by_default"": false}, {""title"": ""Taoiseach says all 'actors' in Middle East nee to de-escalate conflict"", ""is_strictly_necessary"": false, ""is_ticked_by_default"": false}, {""title"": ""John O'Mahony - A life of Gaelic football in his own words"", ""is_strictly_necessary"": false, ""is_ticked_by_default"": false}, {""title"": ""What to expect in the All-Ireland SHC semi-finals"", ""is_strictly_necessary"": false, ""is_ticked_by_default"": false}, {""title"": ""\u00d3 Ceallach\u00e1in 'very proud' of his Dublin team"", ""is_strictly_necessary"": false, ""is_ticked_by_default"": false}, {""title"": ""Kiely: Dublin deserved their win completely"", ""is_strictly_necessary"": false, ""is_ticked_by_default"": false}, {""title"": ""Minister pays tribute to teenager who died while swimming in Meath"", ""is_strictly_necessary"": false, ""is_ticked_by_default"": false}, {""title"": ""'I was crestfallen' - Taoiseach jokes about not winning EuroMillions"", ""is_strictly_necessary"": false, ""is_ticked_by_default"": false}, {""title"": ""Irish embassy in Tehran temporarily closed, says T\u00e1naiste"", ""is_strictly_necessary"": false, ""is_ticked_by_default"": false}, {""title"": ""Cork City locals on mystery EuroMillions winner"", ""is_strictly_necessary"": false, ""is_ticked_by_default"": false}]",0.6666666666666666,[],"Use precise geolocation data. Actively scan device characteristics for identification. Store and/or access information on a device. Develop and improve services. Measure content performance. Understand audiences through statistics or combinations of data from different sources. Use limited data to select advertising. Create profiles for personalised advertising. Use profiles to select personalised advertising. Create profiles to personalise content. Use profiles to select personalised content. Measure advertising performance. Use limited data to select content.
List of Partners (vendors)",23,FALSE,FALSE,FALSE,[],0,0,TRUE,FALSE
https://www.did.ie/,2025-06-22T17:33:09.454513,Success,OneTrust,TRUE,FALSE,FALSE,TRUE,"consent selection
necessary
preferences
statistics
marketing
show details",TRUE,21,0,0,"[{""title"": ""Search language"", ""is_strictly_necessary"": false, ""is_ticked_by_default"": false}, {""title"": ""Necessary"", ""is_strictly_necessary"": false, ""is_ticked_by_default"": false}, {""title"": ""Preferences"", ""is_strictly_necessary"": false, ""is_ticked_by_default"": false}, {""title"": ""Statistics"", ""is_strictly_necessary"": false, ""is_ticked_by_default"": false}, {""title"": ""Marketing"", ""is_strictly_necessary"": false, ""is_ticked_by_default"": false}, {""title"": ""Do not sell or share my personal information"", ""is_strictly_necessary"": false, ""is_ticked_by_default"": false}, {""title"": ""Home Appliances"", ""is_strictly_necessary"": false, ""is_ticked_by_default"": false}, {""title"": ""Small Appliances"", ""is_strictly_necessary"": false, ""is_ticked_by_default"": false}, {""title"": ""TV & Audio"", ""is_strictly_necessary"": false, ""is_ticked_by_default"": false}, {""title"": ""Laptops & Gaming"", ""is_strictly_necessary"": false, ""is_ticked_by_default"": false}, {""title"": ""Smartphones & Tech"", ""is_strictly_necessary"": false, ""is_ticked_by_default"": false}, {""title"": ""Accessories"", ""is_strictly_necessary"": false, ""is_ticked_by_default"": false}, {""title"": ""Brands"", ""is_strictly_necessary"": false, ""is_ticked_by_default"": false}, {""title"": ""Gifts"", ""is_strictly_necessary"": false, ""is_ticked_by_default"": false}, {""title"": ""Outlet"", ""is_strictly_necessary"": false, ""is_ticked_by_default"": false}, {""title"": ""Big Summer Sale"", ""is_strictly_necessary"": false, ""is_ticked_by_default"": false}, {""title"": ""Search"", ""is_strictly_necessary"": false, ""is_ticked_by_default"": false}, {""title"": ""Consent Selection"", ""is_strictly_necessary"": false, ""is_ticked_by_default"": false}, {""title"": ""Heading Off to College? The Ultimate Student Appliance Checklist for 2025"", ""is_strictly_necessary"": false, ""is_ticked_by_default"": false}, {""title"": ""How to Choose the Right Coffee Machine: From Pods to Barista-Style"", ""is_strictly_necessary"": false, ""is_ticked_by_default"": false}, {""title"": ""Top Tech Gifts for Father\u2019s Day: 2025 Gift Guide"", ""is_strictly_necessary"": false, ""is_ticked_by_default"": false}]",0.6666666666666666,[],"We use cookies to personalise content and ads, to provide social media features and to analyse our traffic. We also share information about your use of our site with our social media, advertising and analytics partners who may combine it with other information that you’ve provided to them or that they’ve collected from your use of their services.",4,FALSE,FALSE,FALSE,[],0,0,TRUE,FALSE
https://www.amazon.ie/,2025-06-22T17:33:44.575019,Success,Unknown/Custom,TRUE,FALSE,FALSE,TRUE,"rotation: on
previous slide
next slide",TRUE,16,0,0,"[{""title"": ""Select the department you want to search in"", ""is_strictly_necessary"": false, ""is_ticked_by_default"": false}, {""title"": ""Search Amazon.ie"", ""is_strictly_necessary"": false, ""is_ticked_by_default"": false}, {""title"": ""Color"", ""is_strictly_necessary"": false, ""is_ticked_by_default"": false}, {""title"": ""Transparency"", ""is_strictly_necessary"": false, ""is_ticked_by_default"": false}, {""title"": ""Text"", ""is_strictly_necessary"": false, ""is_ticked_by_default"": false}, {""title"": ""Background"", ""is_strictly_necessary"": false, ""is_ticked_by_default"": false}, {""title"": ""Window"", ""is_strictly_necessary"": false, ""is_ticked_by_default"": false}, {""title"": ""Font Size"", ""is_strictly_necessary"": false, ""is_ticked_by_default"": false}, {""title"": ""Text Edge Style"", ""is_strictly_necessary"": false, ""is_ticked_by_default"": false}, {""title"": ""Font Family"", ""is_strictly_necessary"": false, ""is_ticked_by_default"": false}, {""title"": ""Today's Deals"", ""is_strictly_necessary"": false, ""is_ticked_by_default"": false}, {""title"": ""Cookies and advertising choices"", ""is_strictly_necessary"": false, ""is_ticked_by_default"": false}, {""title"": ""Kindle Direct Publishing"", ""is_strictly_necessary"": false, ""is_ticked_by_default"": false}, {""title"": ""IMDb"", ""is_strictly_necessary"": false, ""is_ticked_by_default"": false}, {""title"": ""Goodreads"", ""is_strictly_necessary"": false, ""is_ticked_by_default"": false}, {""title"": ""Amazon Web Services"", ""is_strictly_necessary"": false, ""is_ticked_by_default"": false}]",0.6666666666666666,[],"In addition, if you agree, we’ll also use cookies to complement your shopping experience across the Amazon stores as described in our Cookie notice. Your choice applies to using first-party and third-party advertising cookies on this service. Cookies store or access standard device information such as a unique identifier. The 96 third parties who use cookies on this service do so for their purposes of displaying and measuring personalised ads, generating audience insights, and developing and improving products.. In any case, we use cookies and similar tools that are necessary to enable you to make purchases, to enhance your shopping experiences and to provide our services, as detailed in our Cookie notice. We also use these cookies to understand how customers use our services (for example, by measuring site visits) so we can make improvements. Click “Decline” to reject, or “Customise” to make more detailed advertising choices, or learn more. You can change your choices at any time by visiting Cookies and advertising choices. To learn more about how and for what purposes Amazon uses personal information (such as Store order history or Prime Video Watch history) and cookies, please visit our Privacy notice and our Cookie notice.",1,FALSE,FALSE,FALSE,[],0,0,TRUE,FALSE
https://www.zalando.ie/,2025-06-22T17:34:07.317200,Success,Unknown/Custom,TRUE,FALSE,FALSE,TRUE,"try the new ai-powered fashion assistant
get style ideas, or talk sportswear, shoes and more.
chat now
maybe later",TRUE,13,0,0,"[{""title"": ""Your email address"", ""is_strictly_necessary"": false, ""is_ticked_by_default"": false}, {""title"": ""Women\u2019s fashion"", ""is_strictly_necessary"": false, ""is_ticked_by_default"": false}, {""title"": ""Men\u2019s fashion"", ""is_strictly_necessary"": false, ""is_ticked_by_default"": false}, {""title"": ""Your item alerts"", ""is_strictly_necessary"": false, ""is_ticked_by_default"": false}, {""title"": ""Your fashion fix"", ""is_strictly_necessary"": false, ""is_ticked_by_default"": false}, {""title"": ""Your brands and creators"", ""is_strictly_necessary"": false, ""is_ticked_by_default"": false}, {""title"": ""Size Reminder Confirmation"", ""is_strictly_necessary"": false, ""is_ticked_by_default"": false}, {""title"": ""Your recommendations"", ""is_strictly_necessary"": false, ""is_ticked_by_default"": false}, {""title"": ""Stories"", ""is_strictly_necessary"": false, ""is_ticked_by_default"": false}, {""title"": ""Your offers & sales"", ""is_strictly_necessary"": false, ""is_ticked_by_default"": false}, {""title"": ""Surveys"", ""is_strictly_necessary"": false, ""is_ticked_by_default"": false}, {""title"": ""Manage your preferences"", ""is_strictly_necessary"": false, ""is_ticked_by_default"": false}, {""title"": ""Content options"", ""is_strictly_necessary"": false, ""is_ticked_by_default"": false}]",0.6666666666666666,[],"Get style ideas, or talk sportswear, shoes and more.",2,FALSE,FALSE,FALSE,[],0,0,TRUE,FALSE
https://deliveroo.ie/,2025-06-22T17:34:24.449967,Success,OneTrust,TRUE,TRUE,FALSE,TRUE,customise,TRUE,12,0,1,"[{""title"": ""Enter your address to find local restaurants"", ""is_strictly_necessary"": false, ""is_ticked_by_default"": false}, {""title"": ""Analytics Cookies"", ""is_strictly_necessary"": false, ""is_ticked_by_default"": false}, {""title"": ""Functional Cookies"", ""is_strictly_necessary"": false, ""is_ticked_by_default"": false}, {""title"": ""Advertising Cookies"", ""is_strictly_necessary"": false, ""is_ticked_by_default"": false}, {""title"": ""checkbox label"", ""is_strictly_necessary"": false, ""is_ticked_by_default"": false}, {""title"": ""Discover Deliveroo"", ""is_strictly_necessary"": false, ""is_ticked_by_default"": false}, {""title"": ""Legal"", ""is_strictly_necessary"": false, ""is_ticked_by_default"": false}, {""title"": ""Help"", ""is_strictly_necessary"": false, ""is_ticked_by_default"": false}, {""title"": ""Take Deliveroo with you"", ""is_strictly_necessary"": false, ""is_ticked_by_default"": false}, {""title"": ""Manage Consent Preferences"", ""is_strictly_necessary"": false, ""is_ticked_by_default"": false}, {""title"": ""Vendors List"", ""is_strictly_necessary"": false, ""is_ticked_by_default"": false}, {""title"": ""Strictly Necessary Cookies"", ""is_strictly_necessary"": true, ""is_ticked_by_default"": false}]",0.8333333333333334,[],"We and our partners use cookies and similar technologies to analyse traffic, tailor and improve our content and services (like showing you great restaurants and shops we’d think you’d like), serve relevant ads and measure their effectiveness on other apps and websites. To help make ads relevant we may also share your data with advertising partners. You can accept, reject or customise our use of such cookies for these purposes, or select ‘Cookies’ in our Sites footer at any time, to choose which cookies we can use. To learn more see our Cookie Policy.",9,FALSE,FALSE,FALSE,[],0,0,TRUE,FALSE
https://www.irishtimes.com/,2025-06-22T17:34:44.849882,Success,OneTrust,TRUE,TRUE,FALSE,TRUE,78,TRUE,174,0,1,"[{""title"": ""Functional Cookies"", ""is_strictly_necessary"": false, ""is_ticked_by_default"": false}, {""title"": ""Performance Cookies"", ""is_strictly_necessary"": false, ""is_ticked_by_default"": false}, {""title"": ""Targeting Cookies"", ""is_strictly_necessary"": false, ""is_ticked_by_default"": false}, {""title"": ""Social Media Cookies"", ""is_strictly_necessary"": false, ""is_ticked_by_default"": false}, {""title"": ""Switch Label"", ""is_strictly_necessary"": false, ""is_ticked_by_default"": false}, {""title"": ""Personalised advertising and content, advertising and content measurement, audience research and services development"", ""is_strictly_necessary"": false, ""is_ticked_by_default"": false}, {""title"": ""Store and/or access information on a device"", ""is_strictly_necessary"": false, ""is_ticked_by_default"": false}, {""title"": ""Use precise geolocation data"", ""is_strictly_necessary"": false, ""is_ticked_by_default"": false}, {""title"": ""Actively scan device characteristics for identification"", ""is_strictly_necessary"": false, ""is_ticked_by_default"": false}, {""title"": ""checkbox label"", ""is_strictly_necessary"": false, ""is_ticked_by_default"": false}, {""title"": ""US attack on Iran \u2018not about regime change\u2019, says defence secretary after Trump hails \u2018spectacular military success\u2019"", ""is_strictly_necessary"": false, ""is_ticked_by_default"": false}, {""title"": ""This is the moment when we find out just how mad a king Donald is"", ""is_strictly_necessary"": false, ""is_ticked_by_default"": false}, {""title"": ""Explainer: How Iran could hit back at the US and what that could mean"", ""is_strictly_necessary"": false, ""is_ticked_by_default"": false}, {""title"": ""Analysis: Strikes on Iran mark Trump\u2019s biggest, and riskiest, foreign policy gamble"", ""is_strictly_necessary"": false, ""is_ticked_by_default"": false}, {""title"": ""GAA live updates: Donegal take slim lead over Louth, Galway through to quarter-final"", ""is_strictly_necessary"": false, ""is_ticked_by_default"": false}, {""title"": ""Irish protesters on march to Gaza recall \u2018sinister\u2019 detention and armed \u2018paid locals\u2019 surrounding them"", ""is_strictly_necessary"": false, ""is_ticked_by_default"": false}, {""title"": ""\u2018We don\u2019t know what to expect tomorrow\u2019: Ukrainians in Trump stronghold fear deportation as refugee scheme halted"", ""is_strictly_necessary"": false, ""is_ticked_by_default"": false}, {""title"": ""Boston rape case: The full story of Dublin firefighter Terence Crosbie\u2019s trial"", ""is_strictly_necessary"": false, ""is_ticked_by_default"": false}, {""title"": ""I\u2019m always telling Sorcha to tone down the southside when we come out to Bray but she never listens"", ""is_strictly_necessary"": false, ""is_ticked_by_default"": false}, {""title"": ""Family fallouts: \u2018I can\u2019t describe the heartache of not having a relationship with my sister\u2019"", ""is_strictly_necessary"": false, ""is_ticked_by_default"": false}, {""title"": ""Motorcyclist (50s) dies in single-vehicle crash in Co Cork"", ""is_strictly_necessary"": false, ""is_ticked_by_default"": false}, {""title"": ""Damien Duff resigns as Shelbourne manager, club confirms"", ""is_strictly_necessary"": false, ""is_ticked_by_default"": false}, {""title"": ""Three men hospitalised following violent clashes in Limerick city"", ""is_strictly_necessary"": false, ""is_ticked_by_default"": false}, {""title"": ""Irish influencers trolled on Tattle life: \u2018The link to my dad's funeral was posted and all my trolls watched it\u2019"", ""is_strictly_necessary"": false, ""is_ticked_by_default"": false}, {""title"": ""Analysis: EU may be finally approaching \u2018point of departure\u2019 on Gaza war"", ""is_strictly_necessary"": false, ""is_ticked_by_default"": false}, {""title"": ""The victim delivered a searing impact statement. Just one thing felt off \u2013 he was dead"", ""is_strictly_necessary"": false, ""is_ticked_by_default"": false}, {""title"": ""House raffles are a big, beautiful, awful sign of the times"", ""is_strictly_necessary"": false, ""is_ticked_by_default"": false}, {""title"": ""Capitalism is incompatible with any kind of human flourishing on this planet"", ""is_strictly_necessary"": false, ""is_ticked_by_default"": false}, {""title"": ""Martyn Turner"", ""is_strictly_necessary"": false, ""is_ticked_by_default"": false}, {""title"": ""Dignity, gratitude and respect must underpin care for the elderly"", ""is_strictly_necessary"": false, ""is_ticked_by_default"": false}, {""title"": ""The summer solstice and your wild and precious life"", ""is_strictly_necessary"": false, ""is_ticked_by_default"": false}, {""title"": ""Memories of a summer solstice"", ""is_strictly_necessary"": false, ""is_ticked_by_default"": false}, {""title"": ""LATEST STORIES"", ""is_strictly_necessary"": false, ""is_ticked_by_default"": false}, {""title"": ""Relentless Down give Galway huge test but experience sees P\u00e1draic Joyce\u2019s contenders through"", ""is_strictly_necessary"": false, ""is_ticked_by_default"": false}, {""title"": ""US-Iran live updates: Pentagon reveals details of US strikes on nuclear sites as UN Security Council to hold emergency meeting"", ""is_strictly_necessary"": false, ""is_ticked_by_default"": false}, {""title"": ""Three sporting events to watch this week: Your handy guide to sport on television"", ""is_strictly_necessary"": false, ""is_ticked_by_default"": false}, {""title"": ""MOST READ"", ""is_strictly_necessary"": false, ""is_ticked_by_default"": false}, {""title"": ""Irish influencers trolled on Tattle Life: \u2018They said I\u2019m a bad mum. That I\u2019m ugly. They wrote my address on it\u2019"", ""is_strictly_necessary"": false, ""is_ticked_by_default"": false}, {""title"": ""Israel\u2019s secret intelligence operations in Iran: Hacked phones, deep-cover agents and covert warehouses"", ""is_strictly_necessary"": false, ""is_ticked_by_default"": false}, {""title"": ""The bond between John Lennon and Paul McCartney: \u2018For sure they loved each other... they found a way to share that love with the world\u2019"", ""is_strictly_necessary"": false, ""is_ticked_by_default"": false}, {""title"": ""Annie McCarrick\u2019s family in Long Island: \u2018The garda\u00ed did not investigate who we thought was guilty in the very beginning\u2019"", ""is_strictly_necessary"": false, ""is_ticked_by_default"": false}, {""title"": ""Transforming and personalising old furniture: \u2018If things go wrong, it can be easily rectified\u2019"", ""is_strictly_necessary"": false, ""is_ticked_by_default"": false}, {""title"": ""Fitness concerns for Jamison Gibson-Park and Hugo Keenan as Lions land in Australia"", ""is_strictly_necessary"": false, ""is_ticked_by_default"": false}, {""title"": ""Nicky English: I have never seen Dublin hurl better in adversity"", ""is_strictly_necessary"": false, ""is_ticked_by_default"": false}, {""title"": ""Dessie Farrell hopeful Con O\u2019Callaghan will be fighting fit for quarter-final"", ""is_strictly_necessary"": false, ""is_ticked_by_default"": false}, {""title"": ""Fast and furious rise of Alex Dunne: \u2018I always wanted to be an F1 driver. I\u2019m not that far away\u2019"", ""is_strictly_necessary"": false, ""is_ticked_by_default"": false}, {""title"": ""Leona Maguire back in form as she heads into Women\u2019s PGA final round in tied sixth"", ""is_strictly_necessary"": false, ""is_ticked_by_default"": false}, {""title"": ""Oil prices expected to jump after US attacks on Iran"", ""is_strictly_necessary"": false, ""is_ticked_by_default"": false}, {""title"": ""The Irish firms seen as safe from Trump\u2019s planned \u2018revenge tax\u2019"", ""is_strictly_necessary"": false, ""is_ticked_by_default"": false}, {""title"": ""Wills and spouses: Why you cannot just cut a wife out of your will"", ""is_strictly_necessary"": false, ""is_ticked_by_default"": false}, {""title"": ""\u2018Amsterdam is a whole lot easier to get around than Dublin ... You get a much better quality of life here\u2019"", ""is_strictly_necessary"": false, ""is_ticked_by_default"": false}, {""title"": ""In today\u2019s US, saying \u2018be careful with crypto\u2019 sounds like socialism"", ""is_strictly_necessary"": false, ""is_ticked_by_default"": false}, {""title"": ""Australian investor sells Irish social housing portfolio at a loss"", ""is_strictly_necessary"": false, ""is_ticked_by_default"": false}, {""title"": ""Fingal council not only party to blame for farce of Dublin Airport passenger cap"", ""is_strictly_necessary"": false, ""is_ticked_by_default"": false}, {""title"": ""Ask Roe: I have met someone who should be the ideal man for me - but I'm not physically attracted to him"", ""is_strictly_necessary"": false, ""is_ticked_by_default"": false}, {""title"": ""Rev Philip McKinley: \u2018My children call me silly, old and rusty. I\u2019m only 44\u2032"", ""is_strictly_necessary"": false, ""is_ticked_by_default"": false}, {""title"": ""Se\u00e1n Moncrieff: An encounter near Barcelona's Sagrada Fam\u00edlia taught me a lesson about other tourists"", ""is_strictly_necessary"": false, ""is_ticked_by_default"": false}, {""title"": ""How can I resuscitate my dying roses?"", ""is_strictly_necessary"": false, ""is_ticked_by_default"": false}, {""title"": ""TV guide: The Bear returns, and the other best new shows to watch on RT\u00c9, Disney+, and Netflix this week"", ""is_strictly_necessary"": false, ""is_ticked_by_default"": false}, {""title"": ""Iron Maiden at Dublin\u2019s Malahide Castle: Stage times, set list, ticket information, how to get there and more"", ""is_strictly_necessary"": false, ""is_ticked_by_default"": false}, {""title"": ""In 28 Years Later, Brexit Britain runs screaming towards its Apocalypse Now. What took it so long?"", ""is_strictly_necessary"": false, ""is_ticked_by_default"": false}, {""title"": ""Olivia Rodrigo at Marlay Park in Dublin: Stage times, set list, ticket information, how to get there and more"", ""is_strictly_necessary"": false, ""is_ticked_by_default"": false}, {""title"": ""Israel recovers bodies of three hostages from Gaza"", ""is_strictly_necessary"": false, ""is_ticked_by_default"": false}, {""title"": ""EU may be finally approaching \u2018point of departure\u2019 on Gaza war"", ""is_strictly_necessary"": false, ""is_ticked_by_default"": false}, {""title"": ""PSNI investigate if Belfast Islamic Centre attack was a hate crime"", ""is_strictly_necessary"": false, ""is_ticked_by_default"": false}, {""title"": ""Aircraft leasing executive Paul Barton left \u20ac17.5m estate"", ""is_strictly_necessary"": false, ""is_ticked_by_default"": false}, {""title"": ""Man gets protection order after alleging ex has sent him more than 1,000 messages and follows him"", ""is_strictly_necessary"": false, ""is_ticked_by_default"": false}, {""title"": ""Cannabis worth \u20ac2m seized during search of Ballyfermot business premises"", ""is_strictly_necessary"": false, ""is_ticked_by_default"": false}, {""title"": ""Man who anally raped woman who told him he did not have consent  jailed for five years"", ""is_strictly_necessary"": false, ""is_ticked_by_default"": false}, {""title"": ""\u2018I have no rights to him\u2019: mothers of children through surrogacy wait in legal limbo"", ""is_strictly_necessary"": false, ""is_ticked_by_default"": false}, {""title"": ""\u2018My drinking had always been too heavy. I had my first drink at 14\u2019: Sin\u00e9ad Gibney on giving up alcohol"", ""is_strictly_necessary"": false, ""is_ticked_by_default"": false}, {""title"": ""Arts Council was stopped three times from spending money on outside partners after botched IT project"", ""is_strictly_necessary"": false, ""is_ticked_by_default"": false}, {""title"": ""If our Geraldine can thrive in Trump\u2019s Washington, she might be a worthy winner of the race for the \u00c1ras"", ""is_strictly_necessary"": false, ""is_ticked_by_default"": false}, {""title"": ""Irish Embassy in Tehran closed due to \u2018deteriorating situation\u2019"", ""is_strictly_necessary"": false, ""is_ticked_by_default"": false}, {""title"": ""AG says he cannot help on legal query over Shannon flights that may aid Israel\u2019s Gaza war"", ""is_strictly_necessary"": false, ""is_ticked_by_default"": false}, {""title"": ""Delays to housing plan could push it back to September"", ""is_strictly_necessary"": false, ""is_ticked_by_default"": false}, {""title"": ""Minimum pay for childcare workers to rise to \u20ac15 an hour"", ""is_strictly_necessary"": false, ""is_ticked_by_default"": false}, {""title"": ""Between the sheets glamour: Helen McAlinden on how to make your bed summer ready"", ""is_strictly_necessary"": false, ""is_ticked_by_default"": false}, {""title"": ""Median value of homes bought by first-time buyers has risen to nearly \u20ac372,000"", ""is_strictly_necessary"": false, ""is_ticked_by_default"": false}, {""title"": ""From layout to lighting: an interior designer\u2019s non-negotiables"", ""is_strictly_necessary"": false, ""is_ticked_by_default"": false}, {""title"": ""Why the record-breaking heights of Mondo Duplantis are truly out of this world"", ""is_strictly_necessary"": false, ""is_ticked_by_default"": false}, {""title"": ""Jennifer O'Connell: House raffles are a big, beautiful, awful sign of the times"", ""is_strictly_necessary"": false, ""is_ticked_by_default"": false}, {""title"": ""\u2018We\u2019ve dropped the ball\u2019: Ireland\u2019s infrastructure crunch means State can\u2019t deliver on housing"", ""is_strictly_necessary"": false, ""is_ticked_by_default"": false}, {""title"": ""YOUR MONEY"", ""is_strictly_necessary"": false, ""is_ticked_by_default"": false}, {""title"": ""Will part-time work or staying at home with children leave you poorer in old age? Here\u2019s what to do now"", ""is_strictly_necessary"": false, ""is_ticked_by_default"": false}, {""title"": ""FOOD"", ""is_strictly_necessary"": false, ""is_ticked_by_default"": false}, {""title"": ""What is clean wine and will it help me avoid a hangover?"", ""is_strictly_necessary"": false, ""is_ticked_by_default"": false}, {""title"": ""Living with a professional cook: \u2018We don\u2019t have a dishwasher. It\u2019s me. I am the dishwasher\u2019"", ""is_strictly_necessary"": false, ""is_ticked_by_default"": false}, {""title"": ""Two fast and easy midweek dinners that don\u2019t scrimp on flavour"", ""is_strictly_necessary"": false, ""is_ticked_by_default"": false}, {""title"": ""IRELAND"", ""is_strictly_necessary"": false, ""is_ticked_by_default"": false}, {""title"": ""Jennifer Carroll MacNeill to deliver annual Michael Collins address at B\u00e9al na Bl\u00e1th"", ""is_strictly_necessary"": false, ""is_ticked_by_default"": false}, {""title"": ""ABROAD"", ""is_strictly_necessary"": false, ""is_ticked_by_default"": false}, {""title"": ""How the death of an \u2018old boy from Ireland\u2019 in London-Irish suburb sparked a misguided viral appeal"", ""is_strictly_necessary"": false, ""is_ticked_by_default"": false}, {""title"": ""Flying to Spain for medical care: \u2018The Irish really appreciate the services; they are easy patients\u2019"", ""is_strictly_necessary"": false, ""is_ticked_by_default"": false}, {""title"": ""CLIMATE CRISIS"", ""is_strictly_necessary"": false, ""is_ticked_by_default"": false}, {""title"": ""How yellow rattle can inject new life into Ireland\u2019s green spaces"", ""is_strictly_necessary"": false, ""is_ticked_by_default"": false}, {""title"": ""Moneypoint power station ends coal use ahead of schedule"", ""is_strictly_necessary"": false, ""is_ticked_by_default"": false}, {""title"": ""EDUCATION"", ""is_strictly_necessary"": false, ""is_ticked_by_default"": false}, {""title"": ""Leaving Cert physical education (PE): Students pushed for time with longer questions"", ""is_strictly_necessary"": false, ""is_ticked_by_default"": false}, {""title"": ""Leaving Cert economics: A \u2018great paper\u2019 with topical questions"", ""is_strictly_necessary"": false, ""is_ticked_by_default"": false}, {""title"": ""Carl O\u2019Brien: \u2018Why many of today\u2019s apprentices are out-earning college graduates\u2019"", ""is_strictly_necessary"": false, ""is_ticked_by_default"": false}, {""title"": ""Could the Israel-Iran war completely destabilise the Middle East?"", ""is_strictly_necessary"": false, ""is_ticked_by_default"": false}, {""title"": ""Israel needs Trump\u2019s \u2018bunker buster\u2019 but will US enter the war?"", ""is_strictly_necessary"": false, ""is_ticked_by_default"": false}, {""title"": ""Marian Keyes on casting The Walsh Sisters: \u2018The big worry was who is playing Luke Costello?\u2019"", ""is_strictly_necessary"": false, ""is_ticked_by_default"": false}, {""title"": ""The Women\u2019s Podcast Book Club: Summer reading recommendations"", ""is_strictly_necessary"": false, ""is_ticked_by_default"": false}, {""title"": ""Trump: 'Iran must now make peace'"", ""is_strictly_necessary"": false, ""is_ticked_by_default"": false}, {""title"": ""DUBLIN"", ""is_strictly_necessary"": false, ""is_ticked_by_default"": false}, {""title"": ""Man (20s) in critical condition after e-scooter crash in Dublin"", ""is_strictly_necessary"": false, ""is_ticked_by_default"": false}, {""title"": ""Garda\u00ed arrest man in his 20s in Finglas after seizing drugs worth an estimated \u20ac119,000"", ""is_strictly_necessary"": false, ""is_ticked_by_default"": false}, {""title"": ""Love Lane in Temple Bar: Restored street a \u2018must-do when in Dublin\u2019"", ""is_strictly_necessary"": false, ""is_ticked_by_default"": false}, {""title"": ""SOCIAL AFFAIRS"", ""is_strictly_necessary"": false, ""is_ticked_by_default"": false}, {""title"": ""More than 130 properties offered for IP accommodation as Government looks to buy, not rent"", ""is_strictly_necessary"": false, ""is_ticked_by_default"": false}, {""title"": ""Palestine GAA club\u2019s planned tour of Ireland \u2018under serious threat\u2019 due to visa delays"", ""is_strictly_necessary"": false, ""is_ticked_by_default"": false}, {""title"": ""Supermarket cleared of discrimination in row over paying for groceries with 10c and 20c coins"", ""is_strictly_necessary"": false, ""is_ticked_by_default"": false}, {""title"": ""TECHNOLOGY"", ""is_strictly_necessary"": false, ""is_ticked_by_default"": false}, {""title"": ""Ebo Air 2 review: Is this pet toy worth \u20ac230?"", ""is_strictly_necessary"": false, ""is_ticked_by_default"": false}, {""title"": ""'It could change everything': Are fears of an AI slash and burn of white-collar roles well founded?"", ""is_strictly_necessary"": false, ""is_ticked_by_default"": false}, {""title"": ""Is the text scammer era at an end? Comreg implements SMS registry for firms"", ""is_strictly_necessary"": false, ""is_ticked_by_default"": false}, {""title"": ""TRANSPORT"", ""is_strictly_necessary"": false, ""is_ticked_by_default"": false}, {""title"": ""Dublin airport operator warned over passenger cap breach"", ""is_strictly_necessary"": false, ""is_ticked_by_default"": false}, {""title"": ""Irish ports handle 12.9m tonnes of goods in the first quarter"", ""is_strictly_necessary"": false, ""is_ticked_by_default"": false}, {""title"": ""Dart delays in south Dublin due to vehicle striking bridge"", ""is_strictly_necessary"": false, ""is_ticked_by_default"": false}, {""title"": ""HISTORY"", ""is_strictly_necessary"": false, ""is_ticked_by_default"": false}, {""title"": ""Glasnevin Cemetery\u2019s Queer History Tour: \u2018If you\u2019re here for the drama, you\u2019ll get it\u2019"", ""is_strictly_necessary"": false, ""is_ticked_by_default"": false}, {""title"": ""The truth behind the Normans and Ireland: \u2018They abolished slavery\u2019"", ""is_strictly_necessary"": false, ""is_ticked_by_default"": false}, {""title"": ""Rare book shrine goes on display for the first time after 39 years of conservation"", ""is_strictly_necessary"": false, ""is_ticked_by_default"": false}, {""title"": ""OBITUARIES"", ""is_strictly_necessary"": false, ""is_ticked_by_default"": false}, {""title"": ""Obituary: Sly Stone, funk-rock star who changed the direction  of African-American music"", ""is_strictly_necessary"": false, ""is_ticked_by_default"": false}, {""title"": ""Henry Mount Charles obituary: Affable, striking figure who brought rock music to Slane"", ""is_strictly_necessary"": false, ""is_ticked_by_default"": false}, {""title"": ""Carmencita Hederman: Former Dublin lord mayor who restored pride in the city during its millennium year"", ""is_strictly_necessary"": false, ""is_ticked_by_default"": false}, {""title"": ""TUARASC\u00c1IL"", ""is_strictly_necessary"": false, ""is_ticked_by_default"": false}, {""title"": ""Polaiteoir go smior"", ""is_strictly_necessary"": false, ""is_ticked_by_default"": false}, {""title"": ""More college graduates go straight into jobs as fewer opt for postgraduate studies"", ""is_strictly_necessary"": false, ""is_ticked_by_default"": false}, {""title"": ""Iarmhairt\u00ed na r\u00e9abhl\u00f3ide: an imirce"", ""is_strictly_necessary"": false, ""is_ticked_by_default"": false}, {""title"": ""MOTORS"", ""is_strictly_necessary"": false, ""is_ticked_by_default"": false}, {""title"": ""Toyota\u2019s new Land Cruiser: Still apocalypse-ready but now Instagram-approved"", ""is_strictly_necessary"": false, ""is_ticked_by_default"": false}, {""title"": ""New Leaf of life for Nissan: Can 604km-range EV revive the struggling giant?"", ""is_strictly_necessary"": false, ""is_ticked_by_default"": false}, {""title"": ""Should electric car incentives be more creative?"", ""is_strictly_necessary"": false, ""is_ticked_by_default"": false}, {""title"": ""YOU MAY ALSO LIKE..."", ""is_strictly_necessary"": false, ""is_ticked_by_default"": false}, {""title"": ""Crosswords & Puzzles"", ""is_strictly_necessary"": false, ""is_ticked_by_default"": false}, {""title"": ""Common Ground"", ""is_strictly_necessary"": false, ""is_ticked_by_default"": false}, {""title"": ""The GlossOpens in new window"", ""is_strictly_necessary"": false, ""is_ticked_by_default"": false}, {""title"": ""Family NoticesOpens in new window"", ""is_strictly_necessary"": false, ""is_ticked_by_default"": false}, {""title"": ""Subscribe"", ""is_strictly_necessary"": false, ""is_ticked_by_default"": false}, {""title"": ""Support"", ""is_strictly_necessary"": false, ""is_ticked_by_default"": false}, {""title"": ""About Us"", ""is_strictly_necessary"": false, ""is_ticked_by_default"": false}, {""title"": ""Irish Times Products & Services"", ""is_strictly_necessary"": false, ""is_ticked_by_default"": false}, {""title"": ""OUR PARTNERS:"", ""is_strictly_necessary"": false, ""is_ticked_by_default"": false}, {""title"": ""We and our partners collect and use data"", ""is_strictly_necessary"": false, ""is_ticked_by_default"": false}, {""title"": ""Manage your settings"", ""is_strictly_necessary"": false, ""is_ticked_by_default"": false}, {""title"": ""Vendor list"", ""is_strictly_necessary"": false, ""is_ticked_by_default"": false}, {""title"": ""Strictly Necessary Cookies"", ""is_strictly_necessary"": true, ""is_ticked_by_default"": false}, {""title"": ""IAB Features"", ""is_strictly_necessary"": false, ""is_ticked_by_default"": false}, {""title"": ""IAB Special Purposes"", ""is_strictly_necessary"": false, ""is_ticked_by_default"": false}, {""title"": ""Personalised advertising and content, advertising and content measurement, audience research and services development77 partners can use this purpose"", ""is_strictly_necessary"": false, ""is_ticked_by_default"": false}, {""title"": ""Store and/or access information on a device68 partners can use this purpose"", ""is_strictly_necessary"": false, ""is_ticked_by_default"": false}, {""title"": ""Use precise geolocation data29 partners can use this purpose"", ""is_strictly_necessary"": false, ""is_ticked_by_default"": false}, {""title"": ""Actively scan device characteristics for identification11 partners can use this purpose"", ""is_strictly_necessary"": false, ""is_ticked_by_default"": false}, {""title"": ""Match and combine data from other data sources50 partners can use this purpose"", ""is_strictly_necessary"": false, ""is_ticked_by_default"": false}, {""title"": ""Link different devices48 partners can use this purpose"", ""is_strictly_necessary"": false, ""is_ticked_by_default"": false}, {""title"": ""Identify devices based on information transmitted automatically50 partners can use this purpose"", ""is_strictly_necessary"": false, ""is_ticked_by_default"": false}, {""title"": ""Ensure security, prevent and detect fraud, and fix errors51 partners can use this purpose"", ""is_strictly_necessary"": false, ""is_ticked_by_default"": false}, {""title"": ""Deliver and present advertising and content52 partners can use this purpose"", ""is_strictly_necessary"": false, ""is_ticked_by_default"": false}, {""title"": ""Save and communicate privacy choices46 partners can use this purpose"", ""is_strictly_necessary"": false, ""is_ticked_by_default"": false}, {""title"": ""Use limited data to select advertising64 partners can use this purpose"", ""is_strictly_necessary"": false, ""is_ticked_by_default"": false}, {""title"": ""Create profiles for personalised advertising61 partners can use this purpose"", ""is_strictly_necessary"": false, ""is_ticked_by_default"": false}, {""title"": ""Use profiles to select personalised advertising60 partners can use this purpose"", ""is_strictly_necessary"": false, ""is_ticked_by_default"": false}, {""title"": ""Create profiles to personalise content24 partners can use this purpose"", ""is_strictly_necessary"": false, ""is_ticked_by_default"": false}, {""title"": ""Use profiles to select personalised content21 partners can use this purpose"", ""is_strictly_necessary"": false, ""is_ticked_by_default"": false}, {""title"": ""Measure advertising performance72 partners can use this purpose"", ""is_strictly_necessary"": false, ""is_ticked_by_default"": false}, {""title"": ""Measure content performance33 partners can use this purpose"", ""is_strictly_necessary"": false, ""is_ticked_by_default"": false}, {""title"": ""Understand audiences through statistics or combinations of data from different sources54 partners can use this purpose"", ""is_strictly_necessary"": false, ""is_ticked_by_default"": false}, {""title"": ""Develop and improve services65 partners can use this purpose"", ""is_strictly_necessary"": false, ""is_ticked_by_default"": false}, {""title"": ""Use limited data to select content17 partners can use this purpose"", ""is_strictly_necessary"": false, ""is_ticked_by_default"": false}]",0.8333333333333334,[],"Use precise geolocation data. Actively scan device characteristics for identification. Store and/or access information on a device. Personalised advertising and content, advertising and content measurement, audience research and services development.
List of Partners (vendors)",29,FALSE,FALSE,FALSE,[],0,0,TRUE,FALSE
https://www.independent.ie/,2025-06-22T17:35:06.550463,Success,Didomi,TRUE,FALSE,FALSE,TRUE,privacy,TRUE,128,0,0,"[{""title"": ""You allowDisagree to allAgree to all"", ""is_strictly_necessary"": false, ""is_ticked_by_default"": false}, {""title"": ""Disagree to allAgree to all"", ""is_strictly_necessary"": false, ""is_ticked_by_default"": false}, {""title"": ""+Measure advertising performance"", ""is_strictly_necessary"": false, ""is_ticked_by_default"": false}, {""title"": ""+Measure content performance"", ""is_strictly_necessary"": false, ""is_ticked_by_default"": false}, {""title"": ""+Understand audiences through statistics or combinations of data from different sources"", ""is_strictly_necessary"": false, ""is_ticked_by_default"": false}, {""title"": ""+Develop and improve services"", ""is_strictly_necessary"": false, ""is_ticked_by_default"": false}, {""title"": ""+Create profiles to personalise content"", ""is_strictly_necessary"": false, ""is_ticked_by_default"": false}, {""title"": ""+Use profiles to select personalised content"", ""is_strictly_necessary"": false, ""is_ticked_by_default"": false}, {""title"": ""+Use limited data to select advertising"", ""is_strictly_necessary"": false, ""is_ticked_by_default"": false}, {""title"": ""+Create profiles for personalised advertising"", ""is_strictly_necessary"": false, ""is_ticked_by_default"": false}, {""title"": ""+Use profiles to select personalised advertising"", ""is_strictly_necessary"": false, ""is_ticked_by_default"": false}, {""title"": ""+Store and/or access information on a device"", ""is_strictly_necessary"": false, ""is_ticked_by_default"": false}, {""title"": ""+Social media"", ""is_strictly_necessary"": false, ""is_ticked_by_default"": false}, {""title"": ""+Use limited data to select content"", ""is_strictly_necessary"": false, ""is_ticked_by_default"": false}, {""title"": ""We value your privacy\u00d7"", ""is_strictly_necessary"": false, ""is_ticked_by_default"": false}, {""title"": ""We value your privacy"", ""is_strictly_necessary"": false, ""is_ticked_by_default"": false}, {""title"": ""DisagreeAgree"", ""is_strictly_necessary"": false, ""is_ticked_by_default"": false}, {""title"": ""Disagree to allAgree to allSaveSet all your preferences to save and continue"", ""is_strictly_necessary"": false, ""is_ticked_by_default"": false}, {""title"": ""Search for articles"", ""is_strictly_necessary"": false, ""is_ticked_by_default"": false}, {""title"": ""Latest NewsMore"", ""is_strictly_necessary"": false, ""is_ticked_by_default"": false}, {""title"": ""Top Stories"", ""is_strictly_necessary"": false, ""is_ticked_by_default"": false}, {""title"": ""VideosMore"", ""is_strictly_necessary"": false, ""is_ticked_by_default"": false}, {""title"": ""Featured"", ""is_strictly_necessary"": false, ""is_ticked_by_default"": false}, {""title"": ""Most Read"", ""is_strictly_necessary"": false, ""is_ticked_by_default"": false}, {""title"": ""Property"", ""is_strictly_necessary"": false, ""is_ticked_by_default"": false}, {""title"": ""World NewsEuropeBritainNorth AmericaMore"", ""is_strictly_necessary"": false, ""is_ticked_by_default"": false}, {""title"": ""Opinion & AnalysisLettersEditorialAnalysisCommentMore"", ""is_strictly_necessary"": false, ""is_ticked_by_default"": false}, {""title"": ""Editor's Choice"", ""is_strictly_necessary"": false, ""is_ticked_by_default"": false}, {""title"": ""SportGAARugbySoccerGolfMore"", ""is_strictly_necessary"": false, ""is_ticked_by_default"": false}, {""title"": ""Farming IndependentFarming NewsAgri- BusinessDairyTillageBeef"", ""is_strictly_necessary"": false, ""is_ticked_by_default"": false}, {""title"": ""Dublin NewsMore"", ""is_strictly_necessary"": false, ""is_ticked_by_default"": false}, {""title"": ""PodcastsThe Indo DailyThe Left WingThe Big Tech ShowReal HealthMore"", ""is_strictly_necessary"": false, ""is_ticked_by_default"": false}, {""title"": ""EntertainmentMoviesTelevisionMusicGamesPuzzlesCompetitionsMore"", ""is_strictly_necessary"": false, ""is_ticked_by_default"": false}, {""title"": ""StyleCelebrityFashionBeautySex & RelationshipsMore"", ""is_strictly_necessary"": false, ""is_ticked_by_default"": false}, {""title"": ""LifeHealth & WellbeingHome & GardenFamilyParentingFood & DrinkMotoringMore"", ""is_strictly_necessary"": false, ""is_ticked_by_default"": false}, {""title"": ""TravelTravel NewsIrelandReviewsMore"", ""is_strictly_necessary"": false, ""is_ticked_by_default"": false}, {""title"": ""Cookies and data processing on The Irish Independent"", ""is_strictly_necessary"": false, ""is_ticked_by_default"": false}, {""title"": ""\u2018Graham Dwyer is one of the most dangerous men this island has ever produced\u2019 \u2013 senior garda\u00ed on how they caught murderer"", ""is_strictly_necessary"": false, ""is_ticked_by_default"": false}, {""title"": ""\u2018It is 10 years of living on a building site\u2019 \u2013 apartment owners raise \u20ac600k between them to fix defects"", ""is_strictly_necessary"": false, ""is_ticked_by_default"": false}, {""title"": ""Live|GAA Championship: Donegal v Louth, Kildare v Fermanagh \u2013 catch all the action as it happens"", ""is_strictly_necessary"": false, ""is_ticked_by_default"": false}, {""title"": ""US Embassy issues stark DEI warning letters to companies in Ireland"", ""is_strictly_necessary"": false, ""is_ticked_by_default"": false}, {""title"": ""Breaking|Damien Duff leaves Shelbourne as club \u2018regretfully\u2019 confirms manager\u2019s departure"", ""is_strictly_necessary"": false, ""is_ticked_by_default"": false}, {""title"": ""\u2018He was a great big brother\u2019 \u2013 Ian Bailey\u2019s sister pays tribute as his ashes are scattered off a secluded pier in West Cork"", ""is_strictly_necessary"": false, ""is_ticked_by_default"": false}, {""title"": ""Conor McGregor seeks to introduce new evidence on Nikita Hand\u2019s injuries to support credibility of witnesses"", ""is_strictly_necessary"": false, ""is_ticked_by_default"": false}, {""title"": ""Eamonn Sweeney: It\u2019s lonely in RT\u00c9\u2019s ivory tower, they should stop lecturing people forced to live in the real world"", ""is_strictly_necessary"": false, ""is_ticked_by_default"": false}, {""title"": ""Sarah McInerney case set for High Court as RT\u00c9 appeals PRSI ruling"", ""is_strictly_necessary"": false, ""is_ticked_by_default"": false}, {""title"": ""Number of Irish J1 students travelling to US drops by 25pc as social media vetting kicks in"", ""is_strictly_necessary"": false, ""is_ticked_by_default"": false}, {""title"": ""AIB likely to quadruple chief executive Colin Hunt\u2019s pay package to \u20ac2m after government exit"", ""is_strictly_necessary"": false, ""is_ticked_by_default"": false}, {""title"": ""Why being a millionaire in Ireland ain\u2019t what it used to be..."", ""is_strictly_necessary"": false, ""is_ticked_by_default"": false}, {""title"": ""Any other business: The Economist stutters its way through Irish history with some linguistic gymnastics"", ""is_strictly_necessary"": false, ""is_ticked_by_default"": false}, {""title"": ""Revealed: The IRFU\u2019s multi-million euro Dublin 4 property spree"", ""is_strictly_necessary"": false, ""is_ticked_by_default"": false}, {""title"": ""How strikes on Iran mark Trump's biggest, and riskiest, foreign policy gamble"", ""is_strictly_necessary"": false, ""is_ticked_by_default"": false}, {""title"": ""Weight loss of 15pc recorded in new obesity drug trials, involving UCD professor"", ""is_strictly_necessary"": false, ""is_ticked_by_default"": false}, {""title"": ""Hotel alibi for suspect in Annie McCarrick murder investigation has been withdrawn"", ""is_strictly_necessary"": false, ""is_ticked_by_default"": false}, {""title"": ""Adrian Weckler: Can Sky really use its broadband to find out who is actually using a dodgy box?"", ""is_strictly_necessary"": false, ""is_ticked_by_default"": false}, {""title"": ""A minister\u2019s private struggle: How one TD lives with a restrictive condition and other people\u2019s misconceptions about him"", ""is_strictly_necessary"": false, ""is_ticked_by_default"": false}, {""title"": ""Paul Kimmage: Old friends Geordan Murphy and Matt Hampson are still bringing out the best in each other"", ""is_strictly_necessary"": false, ""is_ticked_by_default"": false}, {""title"": ""Pippa O'Connor Ormond: \u2018I think it\u2019s a bit of a superpower to be a little bit underestimated\u2019"", ""is_strictly_necessary"": false, ""is_ticked_by_default"": false}, {""title"": ""Dear Mary: I\u2019m separated but stuck living with my rude and mean husband due to the housing crisis"", ""is_strictly_necessary"": false, ""is_ticked_by_default"": false}, {""title"": ""IRFU's multi-million property portfolio surrounging Aviva Stadium revealed"", ""is_strictly_necessary"": false, ""is_ticked_by_default"": false}, {""title"": ""Graham Dwyer was one of the most dangerous men this country ever produced"", ""is_strictly_necessary"": false, ""is_ticked_by_default"": false}, {""title"": ""We'll be sure to give him a good Rock'n'Roll sendoff"", ""is_strictly_necessary"": false, ""is_ticked_by_default"": false}, {""title"": ""Air India disaster - 'The day that changed us'"", ""is_strictly_necessary"": false, ""is_ticked_by_default"": false}, {""title"": ""\u2018Unconditional bail never felt so good\u2019: Barry Egan watches Kneecap celebrate freedom with hip-hop hymns for the Dublin faithful"", ""is_strictly_necessary"": false, ""is_ticked_by_default"": false}, {""title"": ""R\u00faaidhr\u00ed O\u2019Connor: The IRFU need to balance their books while protecting the golden goose"", ""is_strictly_necessary"": false, ""is_ticked_by_default"": false}, {""title"": ""\u2018The greatest workforce transition ever will happen within the next two years\u2019 \u2013 Why AI is the workplace Trojan horse"", ""is_strictly_necessary"": false, ""is_ticked_by_default"": false}, {""title"": ""Your questions answered: \u2018My brand new \u20ac46,000 car constantly needs repairs. What are my options?\u2019"", ""is_strictly_necessary"": false, ""is_ticked_by_default"": false}, {""title"": ""My favourite room: \u2018My home is like a Mediterranean\u2013Caribbean glow up\u2019 \u2013 Inside fashion expert Aisling Cooney\u2019s colourful house"", ""is_strictly_necessary"": false, ""is_ticked_by_default"": false}, {""title"": ""My Money: \u2018I was raised in a single-parent family \u2013 so I\u2019ve always had an awareness of the value of money\u2019"", ""is_strictly_necessary"": false, ""is_ticked_by_default"": false}, {""title"": ""For buyers seeking a heavenly home steeped in history, this Co Wexford abode could be the answer to their prayers"", ""is_strictly_necessary"": false, ""is_ticked_by_default"": false}, {""title"": ""Planners insisted this ultra-modern, zinc-topped pad on a Co Kerry golf course be \u2018disguised\u2019 as a bungalow"", ""is_strictly_necessary"": false, ""is_ticked_by_default"": false}, {""title"": ""A walk-in ready family home with extras in Dublin 3\u2019s Clontarf Park on the market for \u20ac795k"", ""is_strictly_necessary"": false, ""is_ticked_by_default"": false}, {""title"": ""\u2018We used a saw to cut a hole into the wall and realised it was an old back stairs area\u2019 \u2013 hidden tunnels and secret rooms in Co Cork"", ""is_strictly_necessary"": false, ""is_ticked_by_default"": false}, {""title"": ""Fix it up: Pub and five-bed home in Portarlington, Co Laois is waiting to be repurposed"", ""is_strictly_necessary"": false, ""is_ticked_by_default"": false}, {""title"": ""The benefits of kitchen rescue, from cost savings to sustainability"", ""is_strictly_necessary"": false, ""is_ticked_by_default"": false}, {""title"": ""Israel-Iran conflict: A timeline of how the attacks unfolded"", ""is_strictly_necessary"": false, ""is_ticked_by_default"": false}, {""title"": ""Kneecap Glastonbury slot \u2018not appropriate\u2019, says Keir Starmer"", ""is_strictly_necessary"": false, ""is_ticked_by_default"": false}, {""title"": ""LATEST|Irish tech tycoon Mike Lynch\u2019s sunken Bayesian yacht now taken to Sicilian town for full investigation"", ""is_strictly_necessary"": false, ""is_ticked_by_default"": false}, {""title"": ""\u2018Prolonged campaign\u2019 could be on the cards for Israelis as Iranian nuclear research facility is hit"", ""is_strictly_necessary"": false, ""is_ticked_by_default"": false}, {""title"": ""Golf events and fireside chats \u2014 Sinn F\u00e9in\u2019s Canadian fundraising arm sees more donations \u2018for the Irish peace process\u2019"", ""is_strictly_necessary"": false, ""is_ticked_by_default"": false}, {""title"": ""Eilis O\u2019Hanlon: Now he has all the answers, does Leo Varadkar plan to go from pub bore to president?"", ""is_strictly_necessary"": false, ""is_ticked_by_default"": false}, {""title"": ""Julia Molony: Unmasking of Tattle Life\u2019s \u2018king of trolls\u2019 is a small step towards a kinder internet"", ""is_strictly_necessary"": false, ""is_ticked_by_default"": false}, {""title"": ""Bel Trew: \u2018He went to get food for his family and came back in a coffin and a death shroud\u2019"", ""is_strictly_necessary"": false, ""is_ticked_by_default"": false}, {""title"": ""Brendan O\u2019Connor: There\u2019s only one person who could handle that Euromillions win and each of us knows who it is"", ""is_strictly_necessary"": false, ""is_ticked_by_default"": false}, {""title"": ""Letter from Jerusalem: We need more than missile defences \u2014 we need a sense that something else is possible for all of us in this region"", ""is_strictly_necessary"": false, ""is_ticked_by_default"": false}, {""title"": ""Sam McBride: AI is sold to us as progress but it is built on theft \u2014 and I am a victim"", ""is_strictly_necessary"": false, ""is_ticked_by_default"": false}, {""title"": ""Should I be worried about new, more contagious Covid strain circulating, and what are Nimbus variant symptoms?"", ""is_strictly_necessary"": false, ""is_ticked_by_default"": false}, {""title"": ""Ireland\u2019s 60 best beer gardens \u2013 from proper pubs to trendy rooftops and sunny terraces"", ""is_strictly_necessary"": false, ""is_ticked_by_default"": false}, {""title"": ""Vaginal mesh surgery: I had to go abroad and pay thousands for surgery that, up until 2018, was free to women in this country\u2019"", ""is_strictly_necessary"": false, ""is_ticked_by_default"": false}, {""title"": ""Galway weather Down storm to advance to All-Ireland SFC quarter-finals"", ""is_strictly_necessary"": false, ""is_ticked_by_default"": false}, {""title"": ""Tailteann Cup final beckons for Limerick as second-half onslaught puts Wicklow to the sword"", ""is_strictly_necessary"": false, ""is_ticked_by_default"": false}, {""title"": ""John Aldridge: FIFA made some big mistakes with their Club World Cup \u2013 but they will get it right"", ""is_strictly_necessary"": false, ""is_ticked_by_default"": false}, {""title"": ""25ac of Wicklow land rewilded for 20 years on market for \u20ac225,000"", ""is_strictly_necessary"": false, ""is_ticked_by_default"": false}, {""title"": ""IFA raises alarm over CAP as Germany pushes back on bigger EU budget"", ""is_strictly_necessary"": false, ""is_ticked_by_default"": false}, {""title"": ""Co Meath dairy farm to go under the hammer with guide price of \u20ac2.3m"", ""is_strictly_necessary"": false, ""is_ticked_by_default"": false}, {""title"": ""Peter Hynes: How a controlled calf-rearing system boosted our heifer performance"", ""is_strictly_necessary"": false, ""is_ticked_by_default"": false}, {""title"": ""\u2018There\u2019s a real lawlessness now on Henry Street \u2013 it\u2019s not what it was,\u2019 says trader after news River Island store is set to close"", ""is_strictly_necessary"": false, ""is_ticked_by_default"": false}, {""title"": ""\u2018I am the queen of being ghosted,\u2019 says Love Island\u2019s Dubliner Megan Forte Clarke"", ""is_strictly_necessary"": false, ""is_ticked_by_default"": false}, {""title"": ""\u2018We need someone to carry the torch,\u2019 says Dublin dad with MND urging for new Irish voice in fight against disease"", ""is_strictly_necessary"": false, ""is_ticked_by_default"": false}, {""title"": ""South Dublin council urged to stop use of controversial weedkiller glyphosate"", ""is_strictly_necessary"": false, ""is_ticked_by_default"": false}, {""title"": ""Kingfishr at Fairview Park: Everything you need to know from stage times to last minute tickets"", ""is_strictly_necessary"": false, ""is_ticked_by_default"": false}, {""title"": ""Kneecap Dublin review: Rap trio use controversy to their advantage as they hit the peak of their powers in sold-out show"", ""is_strictly_necessary"": false, ""is_ticked_by_default"": false}, {""title"": ""Louth property marking project aimed at reducing theft and burglary"", ""is_strictly_necessary"": false, ""is_ticked_by_default"": false}, {""title"": ""Meet the people behind Galway\u2019s most eye-catching barbershop \u2013 \u2018We\u2019ll cut the hair off anyone\u2019s head\u2019"", ""is_strictly_necessary"": false, ""is_ticked_by_default"": false}, {""title"": ""Iconic Wexford storytelling house celebrates 25 years \u2013 \u2018The success is all down to those that attend\u2019"", ""is_strictly_necessary"": false, ""is_ticked_by_default"": false}, {""title"": ""Cork woman fined \u20ac50 for drunken behaviour \u2018is not dealing with the problem\u2019 says Judge"", ""is_strictly_necessary"": false, ""is_ticked_by_default"": false}, {""title"": ""Sligo concert raises a fantastic \u20ac7,000 for local branch of Parkinsons Ireland"", ""is_strictly_necessary"": false, ""is_ticked_by_default"": false}, {""title"": ""Over \u20ac30k boost for Limerick parents will \u2018make a real difference\u2019"", ""is_strictly_necessary"": false, ""is_ticked_by_default"": false}, {""title"": ""Wicklow artist takes work to Dublin gallery for first time"", ""is_strictly_necessary"": false, ""is_ticked_by_default"": false}, {""title"": ""The Indo Daily: Noraid- The IRA and Sinn F\u00e9in\u2019s American funding wing - where all those dollars went"", ""is_strictly_necessary"": false, ""is_ticked_by_default"": false}, {""title"": ""Indo Sport podcast: Lions reaction | Shock in Dublin as Argentina leave with famous win"", ""is_strictly_necessary"": false, ""is_ticked_by_default"": false}, {""title"": ""The Indo Daily: Election promises under scrutiny- The Government\u2019s six-month report card"", ""is_strictly_necessary"": false, ""is_ticked_by_default"": false}, {""title"": ""Indo Sport podcast: Rob Kearney in studio | Life as a Lion and that day in South Africa"", ""is_strictly_necessary"": false, ""is_ticked_by_default"": false}, {""title"": ""\u2018I didn\u2019t know that I was going to be an alcoholic.\u2019 John Taylor on sex, drugs and Duran Duran"", ""is_strictly_necessary"": false, ""is_ticked_by_default"": false}, {""title"": ""Today\u2019s top TV and streaming picks: From that Small Island, Saltburn and The Waterfront"", ""is_strictly_necessary"": false, ""is_ticked_by_default"": false}, {""title"": ""Notions and necessities: From yoga, food and jazz festivals to beautiful bags and pottery, it\u2019s all here"", ""is_strictly_necessary"": false, ""is_ticked_by_default"": false}, {""title"": ""Imagining Oz\u2019s Auntie Em as an Irish emigrant in Chicago"", ""is_strictly_necessary"": false, ""is_ticked_by_default"": false}, {""title"": ""The life of a film intimacy coordinator: \u2018Everyday sex doesn\u2019t always have to be bells and whistles\u2019"", ""is_strictly_necessary"": false, ""is_ticked_by_default"": false}, {""title"": ""Triona McCarthy: Having a bad hair day? Transform your locks with the latest mists, treatments and straighteners"", ""is_strictly_necessary"": false, ""is_ticked_by_default"": false}, {""title"": ""The new life of Ryan Tubridy \u2013 finding love, a home in London and moving on from RT\u00c9 payments scandal"", ""is_strictly_necessary"": false, ""is_ticked_by_default"": false}, {""title"": ""\u2018People can start to lie almost automatically, to avoid being embarrassed, get attention or feel in control.\u2019 Is someone you know a pathological liar?"", ""is_strictly_necessary"": false, ""is_ticked_by_default"": false}, {""title"": ""\u2018We all have our failings and he never said he was perfect\u2019 \u2013 granddaughter of historian Robert Dudley Edwards on her revealing new book"", ""is_strictly_necessary"": false, ""is_ticked_by_default"": false}, {""title"": ""Auto advice: What do you need to know before buying a campervan?"", ""is_strictly_necessary"": false, ""is_ticked_by_default"": false}, {""title"": ""Dacia Bigster review: Looking for a family SUV with an upscale feel but not an upscale price tag? The Bigster might offer a solution"", ""is_strictly_necessary"": false, ""is_ticked_by_default"": false}, {""title"": ""\u2018There\u2019s a magic in Dundalk\u2019 \u2013 is the border town once known as El Paso one of Ireland\u2019s best travel secrets?"", ""is_strictly_necessary"": false, ""is_ticked_by_default"": false}, {""title"": ""First Look: Inside Dublin Airport\u2019s new Platinum VIP suites \u2013 with a chauffeur drive to your flight"", ""is_strictly_necessary"": false, ""is_ticked_by_default"": false}, {""title"": ""Hotel review: \u2018This is never going to be the coolest hotel in Dublin, but that\u2019s not a bad thing\u2019"", ""is_strictly_necessary"": false, ""is_ticked_by_default"": false}, {""title"": ""Ireland\u2019s Fab 50 places to stay in 2025: \u2018Maybe it\u2019s a bit romantic, but I like the idea of redefining what a B&B is'"", ""is_strictly_necessary"": false, ""is_ticked_by_default"": false}]",0.6666666666666666,[],"If you allow such use, click ""Accept"". If you do not want to allow all purposes, select ""Manage"".You can manage your preferences and object to processing based on legitimate interest at any time in your privacy settings. We will share your privacy preferences – for which purposes and partners you provided consent - with our partners.. Would you like more explanation about our use of your data? Read our privacy policy and cookie policy. More information on the use of your data by our partners you find here.",31,FALSE,FALSE,TRUE,[],0,0,TRUE,FALSE
https://www.breakingnews.ie/,2025-06-22T17:35:28.169506,Success,OneTrust,TRUE,TRUE,FALSE,TRUE,76,TRUE,2,0,0,"[{""title"": ""Sign up for our newsletter"", ""is_strictly_necessary"": false, ""is_ticked_by_default"": false}, {""title"": ""We and our partners collect and use data"", ""is_strictly_necessary"": false, ""is_ticked_by_default"": false}]",0.5,[],"Use precise geolocation data. Actively scan device characteristics for identification. Store and/or access information on a device. Personalised advertising and content, advertising and content measurement, audience research and services development.
List of Partners (vendors)",4,FALSE,FALSE,FALSE,[],0,0,FALSE,FALSE
https://www.joe.ie/,2025-06-22T17:35:45.071068,Success,Unknown/Custom,TRUE,FALSE,FALSE,TRUE,we value your privacy,TRUE,144,0,0,"[{""title"": ""CATEGORIES"", ""is_strictly_necessary"": false, ""is_ticked_by_default"": false}, {""title"": ""More"", ""is_strictly_necessary"": false, ""is_ticked_by_default"": false}, {""title"": ""Our Brands"", ""is_strictly_necessary"": false, ""is_ticked_by_default"": false}, {""title"": ""One of the most iconic thrillers of the decade is on TV tonight"", ""is_strictly_necessary"": false, ""is_ticked_by_default"": false}, {""title"": ""Three dead and more than 70 injured after fans fall from stands in football stadium disaster"", ""is_strictly_necessary"": false, ""is_ticked_by_default"": false}, {""title"": ""Keir Starmer says Kneecap performing at Glastonbury is \u2018not appropriate\u2019"", ""is_strictly_necessary"": false, ""is_ticked_by_default"": false}, {""title"": ""Bride and guest shot dead after gunmen open fire at wedding"", ""is_strictly_necessary"": false, ""is_ticked_by_default"": false}, {""title"": ""Air India warned by watchdog over serious violations of pilot oversight on London flights"", ""is_strictly_necessary"": false, ""is_ticked_by_default"": false}, {""title"": ""Iran warns of \u2018everlasting consequences\u2019 after US bombs three Iranian nuclear sites"", ""is_strictly_necessary"": false, ""is_ticked_by_default"": false}, {""title"": ""Video shows Benidorm \u2018mad sunbed dash\u2019 where every lounger is taken three minutes after pool opens"", ""is_strictly_necessary"": false, ""is_ticked_by_default"": false}, {""title"": ""A supremely underrated thriller movie is airing on TV tonight"", ""is_strictly_necessary"": false, ""is_ticked_by_default"": false}, {""title"": ""HEADLINES"", ""is_strictly_necessary"": false, ""is_ticked_by_default"": false}, {""title"": ""Putin declares 'all of Ukraine is ours' and threatens nuclear strike"", ""is_strictly_necessary"": false, ""is_ticked_by_default"": false}, {""title"": ""Gory moment cut from 'thrilling' new sequel over censor/studio pushback, says director"", ""is_strictly_necessary"": false, ""is_ticked_by_default"": false}, {""title"": ""At least eight dead after hot air balloon catches fire and plummets from sky"", ""is_strictly_necessary"": false, ""is_ticked_by_default"": false}, {""title"": ""Netflix is about to remove a crime drama based on heartbreaking true events"", ""is_strictly_necessary"": false, ""is_ticked_by_default"": false}, {""title"": ""MOST POPULAR"", ""is_strictly_necessary"": false, ""is_ticked_by_default"": false}, {""title"": ""Spiderman and Friends actor Jack Betts dies as tributes pour in"", ""is_strictly_necessary"": false, ""is_ticked_by_default"": false}, {""title"": ""'Excellent, comfortable' noise cancelling headphones on offer for bargain price"", ""is_strictly_necessary"": false, ""is_ticked_by_default"": false}, {""title"": ""Hottest city in the world sees fish boil in the sea and birds drop from the sky"", ""is_strictly_necessary"": false, ""is_ticked_by_default"": false}, {""title"": ""Babyshambles guitarist Patrick Walden dies aged 46"", ""is_strictly_necessary"": false, ""is_ticked_by_default"": false}, {""title"": ""The JOE quick-fire general knowledge quiz: Day 473"", ""is_strictly_necessary"": false, ""is_ticked_by_default"": false}, {""title"": ""Earthquake hits Iran near nuclear testing site and capital Tehran"", ""is_strictly_necessary"": false, ""is_ticked_by_default"": false}, {""title"": ""Donegal man deported from US after 15 years"", ""is_strictly_necessary"": false, ""is_ticked_by_default"": false}, {""title"": ""Why a heatwave in Ireland feels hotter than 30C heat abroad"", ""is_strictly_necessary"": false, ""is_ticked_by_default"": false}, {""title"": ""New crime thriller series featuring Kin star could be your next TV obsession"", ""is_strictly_necessary"": false, ""is_ticked_by_default"": false}, {""title"": ""Irish EuroMillions winner said jackpot 'destroyed her life'"", ""is_strictly_necessary"": false, ""is_ticked_by_default"": false}, {""title"": ""Russia sends warning to US after Trump considers using tactical nuke in Iran"", ""is_strictly_necessary"": false, ""is_ticked_by_default"": false}, {""title"": ""A gripping cat-and-mouse action thriller movie is on TV tonight"", ""is_strictly_necessary"": false, ""is_ticked_by_default"": false}, {""title"": ""Netflix has just added one of the best action movies of recent years"", ""is_strictly_necessary"": false, ""is_ticked_by_default"": false}, {""title"": ""Pro-Palestine protesters break into UK air base and damage two military planes"", ""is_strictly_necessary"": false, ""is_ticked_by_default"": false}, {""title"": ""Christy Moore releases spoken word tribute to President Michael D. Higgins"", ""is_strictly_necessary"": false, ""is_ticked_by_default"": false}, {""title"": ""Multiple injured as tram derails and crashes into pizzeria in major European city"", ""is_strictly_necessary"": false, ""is_ticked_by_default"": false}, {""title"": ""Everything you need to know ahead of Zach Bryan\u2019s Phoenix Park gigs"", ""is_strictly_necessary"": false, ""is_ticked_by_default"": false}, {""title"": ""How hot is too hot to work under Irish law?"", ""is_strictly_necessary"": false, ""is_ticked_by_default"": false}, {""title"": ""Iran\u2019s top secret nuclear site that only a US bomb could hit"", ""is_strictly_necessary"": false, ""is_ticked_by_default"": false}, {""title"": ""National Lottery confirms exact shop where \u20ac250 million winning EuroMillions ticket was sold"", ""is_strictly_necessary"": false, ""is_ticked_by_default"": false}, {""title"": ""Gareth Bale fronting shock takeover of English club"", ""is_strictly_necessary"": false, ""is_ticked_by_default"": false}, {""title"": ""Palestine\u2019s first GAA club to bring over 30 children to Ireland for tour"", ""is_strictly_necessary"": false, ""is_ticked_by_default"": false}, {""title"": ""Palestine's first GAA club to bring over 30 children to Ireland for tour"", ""is_strictly_necessary"": false, ""is_ticked_by_default"": false}, {""title"": ""Former Premier League footballer facing 13 years in prison after being accused of smuggling \u00a348m of cocaine"", ""is_strictly_necessary"": false, ""is_ticked_by_default"": false}, {""title"": ""Major island nation banned from the World Cup after application rejected"", ""is_strictly_necessary"": false, ""is_ticked_by_default"": false}, {""title"": ""114-year-old Italian club goes bankrupt and faces expulsion from league"", ""is_strictly_necessary"": false, ""is_ticked_by_default"": false}, {""title"": ""Michael Schumacher's son gave heartbreaking update on his father's condition"", ""is_strictly_necessary"": false, ""is_ticked_by_default"": false}, {""title"": ""Ange Postecoglou sacked as Tottenham Hotspur manager"", ""is_strictly_necessary"": false, ""is_ticked_by_default"": false}, {""title"": ""Openly gay Armagh player explains the 'cost' of not coming out sooner"", ""is_strictly_necessary"": false, ""is_ticked_by_default"": false}, {""title"": ""Kate Scott praised for reaction after Khabib refuses to shake her hand on live TV"", ""is_strictly_necessary"": false, ""is_ticked_by_default"": false}, {""title"": ""PSG v Inter: Follow all of the action in the Champions League final"", ""is_strictly_necessary"": false, ""is_ticked_by_default"": false}, {""title"": ""Transfer Hub Live: Follow Here"", ""is_strictly_necessary"": false, ""is_ticked_by_default"": false}, {""title"": ""The JOE Film Club Quiz: Week 51"", ""is_strictly_necessary"": false, ""is_ticked_by_default"": false}, {""title"": ""One of the best thriller movies of the decade so far is on TV tonight"", ""is_strictly_necessary"": false, ""is_ticked_by_default"": false}, {""title"": ""Irish writer's novel to be adapted for TV after 'fierce bidding war'"", ""is_strictly_necessary"": false, ""is_ticked_by_default"": false}, {""title"": ""Prime Video has just added a new twisty psychological thriller series"", ""is_strictly_necessary"": false, ""is_ticked_by_default"": false}, {""title"": ""A very fun thriller movie starring a legendary actor is on TV tonight"", ""is_strictly_necessary"": false, ""is_ticked_by_default"": false}, {""title"": ""One of the best Irish movies ever is airing on TV tonight"", ""is_strictly_necessary"": false, ""is_ticked_by_default"": false}, {""title"": ""Tense and twisty new thriller from Mare of Easttown creator is streaming now"", ""is_strictly_necessary"": false, ""is_ticked_by_default"": false}, {""title"": ""Prime Video has just added an extremely tense war action thriller movie"", ""is_strictly_necessary"": false, ""is_ticked_by_default"": false}, {""title"": ""A very fun, new Ireland-shot adventure movie is available to watch now"", ""is_strictly_necessary"": false, ""is_ticked_by_default"": false}, {""title"": ""An excellent Denzel Washington sci-fi movie is on TV tonight"", ""is_strictly_necessary"": false, ""is_ticked_by_default"": false}, {""title"": ""An underrated, hard-hitting action thriller movie is on TV tonight"", ""is_strictly_necessary"": false, ""is_ticked_by_default"": false}, {""title"": ""Experts issue warning that Putin could attack the UK by blocking the sun"", ""is_strictly_necessary"": false, ""is_ticked_by_default"": false}, {""title"": ""Donald Trump\u2019s military parade mocked for \u2018worst and sloppiest marching ever witnessed\u2019"", ""is_strictly_necessary"": false, ""is_ticked_by_default"": false}, {""title"": ""Donald Trump's military parade mocked for 'worst and sloppiest marching ever witnessed'"", ""is_strictly_necessary"": false, ""is_ticked_by_default"": false}, {""title"": ""Trump caught 'dropping off' during his own military parade for 79th birthday"", ""is_strictly_necessary"": false, ""is_ticked_by_default"": false}, {""title"": ""UK say they're not ruling out helping Israel against Iran"", ""is_strictly_necessary"": false, ""is_ticked_by_default"": false}, {""title"": ""Trump threatens to respond 'at levels never seen before' if Iran attacks US"", ""is_strictly_necessary"": false, ""is_ticked_by_default"": false}, {""title"": ""Iran sends threat to Israel after former 'fail to meet nuclear obligations'"", ""is_strictly_necessary"": false, ""is_ticked_by_default"": false}, {""title"": ""Russia offers Elon Musk political asylum amid Trump fallout"", ""is_strictly_necessary"": false, ""is_ticked_by_default"": false}, {""title"": ""Ex-CIA boss reveals next country he thinks Putin will attack"", ""is_strictly_necessary"": false, ""is_ticked_by_default"": false}, {""title"": ""Emmanuel Macron speaks out after video shows wife 'slapping him' on Vietnam tour"", ""is_strictly_necessary"": false, ""is_ticked_by_default"": false}, {""title"": ""Donald Trump reveals plans for \u20ac150m 'Golden Dome' inspired by Israel's defence system"", ""is_strictly_necessary"": false, ""is_ticked_by_default"": false}, {""title"": ""Airlines are preparing for nuclear war amid international conflicts"", ""is_strictly_necessary"": false, ""is_ticked_by_default"": false}, {""title"": ""The beautiful Irish name that\u2019s going extinct"", ""is_strictly_necessary"": false, ""is_ticked_by_default"": false}, {""title"": ""Aldi bringing back popular pet range to keep your dogs cool this summer"", ""is_strictly_necessary"": false, ""is_ticked_by_default"": false}, {""title"": ""One in four adults will stay single for life, study says"", ""is_strictly_necessary"": false, ""is_ticked_by_default"": false}, {""title"": ""Portable BBQ that folds completely flat is the ultimate festival and camping hack"", ""is_strictly_necessary"": false, ""is_ticked_by_default"": false}, {""title"": ""Best ways to keep your dogs cool in hot weather as experts issue warning"", ""is_strictly_necessary"": false, ""is_ticked_by_default"": false}, {""title"": ""Woman says HR refuses to use her name in emails due to her unfortunate initials"", ""is_strictly_necessary"": false, ""is_ticked_by_default"": false}, {""title"": ""Woman who 'died for three days' reveals the terrifying message she saw on the other side"", ""is_strictly_necessary"": false, ""is_ticked_by_default"": false}, {""title"": ""Men with beards make better long-term partners, study finds"", ""is_strictly_necessary"": false, ""is_ticked_by_default"": false}, {""title"": ""The Irish baby boy's name that is about to become 'extinct'"", ""is_strictly_necessary"": false, ""is_ticked_by_default"": false}, {""title"": ""'My aunt chose to name her baby after a disease rather than the Irish names I suggested'"", ""is_strictly_necessary"": false, ""is_ticked_by_default"": false}, {""title"": ""Best-selling Ninja products have huge discounts as part of an Amazon sale"", ""is_strictly_necessary"": false, ""is_ticked_by_default"": false}, {""title"": ""The JOE Friday Pub Quiz: week 456"", ""is_strictly_necessary"": false, ""is_ticked_by_default"": false}, {""title"": ""Ryanair flight from UK crashes into barrier leaving wing in shreds"", ""is_strictly_necessary"": false, ""is_ticked_by_default"": false}, {""title"": ""Met \u00c9ireann issues warning as hottest day of the year looms"", ""is_strictly_necessary"": false, ""is_ticked_by_default"": false}, {""title"": ""National Lottery confirms county where \u20ac250 million winning EuroMillions ticket was sold"", ""is_strictly_necessary"": false, ""is_ticked_by_default"": false}, {""title"": ""Lady Gaga fans mortified after learning what the lyrics to Poker Face actually say"", ""is_strictly_necessary"": false, ""is_ticked_by_default"": false}, {""title"": ""The JOE quick-fire general knowledge quiz: Day 472"", ""is_strictly_necessary"": false, ""is_ticked_by_default"": false}, {""title"": ""Ciara Doherty announces career move after surprise exit from Virgin Media"", ""is_strictly_necessary"": false, ""is_ticked_by_default"": false}, {""title"": ""Knifeman storms Andrew Tate\u2019s home leaving one person injured"", ""is_strictly_necessary"": false, ""is_ticked_by_default"": false}, {""title"": ""Woman left shocked after being hit with \u20ac5400 fine for two hours parking"", ""is_strictly_necessary"": false, ""is_ticked_by_default"": false}, {""title"": ""We\u2019re on the hunt for the country\u2019s weirdest talents \u2013 show us your party trick to win big"", ""is_strictly_necessary"": false, ""is_ticked_by_default"": false}, {""title"": ""\u2018Stunning\u2019 five-star earphones see massive price drop of over 35%"", ""is_strictly_necessary"": false, ""is_ticked_by_default"": false}, {""title"": ""National Lottery confirms where \u20ac250 million winning EuroMillions ticket was sold"", ""is_strictly_necessary"": false, ""is_ticked_by_default"": false}, {""title"": ""Here\u2019s the punishment Kneecap\u2019s Mo Chara could face for alleged terror offence"", ""is_strictly_necessary"": false, ""is_ticked_by_default"": false}, {""title"": ""Garron Noone explains why he\u2019s taking a break from social media"", ""is_strictly_necessary"": false, ""is_ticked_by_default"": false}, {""title"": ""The JOE quick-fire general knowledge quiz: Day 471"", ""is_strictly_necessary"": false, ""is_ticked_by_default"": false}, {""title"": ""Urologist reveals truth behind \u2018Ozempic penis\u2019 after men report side effect of weight loss jabs"", ""is_strictly_necessary"": false, ""is_ticked_by_default"": false}, {""title"": ""Categories"", ""is_strictly_necessary"": false, ""is_ticked_by_default"": false}, {""title"": ""Iran warns of 'everlasting consequences' after US bombs three Iranian nuclear sites"", ""is_strictly_necessary"": false, ""is_ticked_by_default"": false}, {""title"": ""Video shows Benidorm 'mad sunbed dash' where every lounger is taken three minutes after pool opens"", ""is_strictly_necessary"": false, ""is_ticked_by_default"": false}, {""title"": ""Putin declares \u2018all of Ukraine is ours\u2019 and threatens nuclear strike"", ""is_strictly_necessary"": false, ""is_ticked_by_default"": false}, {""title"": ""Gory moment cut from \u2018thrilling\u2019 new sequel over censor/studio pushback, says director"", ""is_strictly_necessary"": false, ""is_ticked_by_default"": false}, {""title"": ""1. Spiderman and Friends actor Jack Betts dies as tributes pour in"", ""is_strictly_necessary"": false, ""is_ticked_by_default"": false}, {""title"": ""2. \u2018Excellent, comfortable\u2019 noise cancelling headphones on offer for bargain price"", ""is_strictly_necessary"": false, ""is_ticked_by_default"": false}, {""title"": ""3. Hottest city in the world sees fish boil in the sea and birds drop from the sky"", ""is_strictly_necessary"": false, ""is_ticked_by_default"": false}, {""title"": ""4. Babyshambles guitarist Patrick Walden dies aged 46"", ""is_strictly_necessary"": false, ""is_ticked_by_default"": false}, {""title"": ""5. The JOE quick-fire general knowledge quiz: Day 473"", ""is_strictly_necessary"": false, ""is_ticked_by_default"": false}, {""title"": ""6. Earthquake hits Iran near nuclear testing site and capital Tehran"", ""is_strictly_necessary"": false, ""is_ticked_by_default"": false}, {""title"": ""7. Donegal man deported from US after 15 years"", ""is_strictly_necessary"": false, ""is_ticked_by_default"": false}, {""title"": ""8. Why a heatwave in Ireland feels hotter than 30C heat abroad"", ""is_strictly_necessary"": false, ""is_ticked_by_default"": false}, {""title"": ""9. New crime thriller series featuring Kin star could be your next TV obsession"", ""is_strictly_necessary"": false, ""is_ticked_by_default"": false}, {""title"": ""10. Irish EuroMillions winner said jackpot \u2018destroyed her life\u2019"", ""is_strictly_necessary"": false, ""is_ticked_by_default"": false}, {""title"": ""Michael Schumacher\u2019s son gave heartbreaking update on his father\u2019s condition"", ""is_strictly_necessary"": false, ""is_ticked_by_default"": false}, {""title"": ""Openly gay Armagh player explains the \u2018cost\u2019 of not coming out sooner"", ""is_strictly_necessary"": false, ""is_ticked_by_default"": false}, {""title"": ""Irish writer\u2019s novel to be adapted for TV after \u2018fierce bidding war\u2019"", ""is_strictly_necessary"": false, ""is_ticked_by_default"": false}, {""title"": ""\u2018Thrilling\u2019 sequel to classic post-apocalyptic movie lands very high Rotten Tomatoes score"", ""is_strictly_necessary"": false, ""is_ticked_by_default"": false}, {""title"": ""Trump caught \u2018dropping off\u2019 during his own military parade for 79th birthday"", ""is_strictly_necessary"": false, ""is_ticked_by_default"": false}, {""title"": ""UK say they\u2019re not ruling out helping Israel against Iran"", ""is_strictly_necessary"": false, ""is_ticked_by_default"": false}, {""title"": ""Trump threatens to respond \u2018at levels never seen before\u2019 if Iran attacks US"", ""is_strictly_necessary"": false, ""is_ticked_by_default"": false}, {""title"": ""Iran sends threat to Israel after former \u2018fail to meet nuclear obligations\u2019"", ""is_strictly_necessary"": false, ""is_ticked_by_default"": false}, {""title"": ""Emmanuel Macron speaks out after video shows wife \u2018slapping him\u2019 on Vietnam tour"", ""is_strictly_necessary"": false, ""is_ticked_by_default"": false}, {""title"": ""Donald Trump reveals plans for \u20ac150m \u2018Golden Dome\u2019 inspired by Israel\u2019s defence system"", ""is_strictly_necessary"": false, ""is_ticked_by_default"": false}, {""title"": ""Trump unveils $499 gold mobile phones for \u2018real Americans\u2019"", ""is_strictly_necessary"": false, ""is_ticked_by_default"": false}, {""title"": ""Woman who \u2018died for three days\u2019 reveals the terrifying message she saw on the other side"", ""is_strictly_necessary"": false, ""is_ticked_by_default"": false}, {""title"": ""The Irish baby boy\u2019s name that is about to become \u2018extinct\u2019"", ""is_strictly_necessary"": false, ""is_ticked_by_default"": false}, {""title"": ""\u2018My aunt chose to name her baby after a disease rather than the Irish names I suggested\u2019"", ""is_strictly_necessary"": false, ""is_ticked_by_default"": false}, {""title"": ""Kneecap rapper Mo Chara arrives at Court wearing a keffiyeh"", ""is_strictly_necessary"": false, ""is_ticked_by_default"": false}, {""title"": ""EuroMillions player in Ireland wins record-breaking \u20ac250 million jackpot"", ""is_strictly_necessary"": false, ""is_ticked_by_default"": false}, {""title"": ""Send us in your unique sambo combos and you could win \u20ac1,000"", ""is_strictly_necessary"": false, ""is_ticked_by_default"": false}, {""title"": ""R Kelly rushed to hospital after overdosing in prison"", ""is_strictly_necessary"": false, ""is_ticked_by_default"": false}, {""title"": ""Cause of death confirmed for mum whose heart was removed after dying on holiday"", ""is_strictly_necessary"": false, ""is_ticked_by_default"": false}, {""title"": ""The JOE quick-fire general knowledge quiz: Day 470"", ""is_strictly_necessary"": false, ""is_ticked_by_default"": false}, {""title"": ""Miche\u00e1l Martin gives update on increasing child benefit in Budget 2026"", ""is_strictly_necessary"": false, ""is_ticked_by_default"": false}, {""title"": ""Lilo & Stitch star David Hekili Kenui Bell dies weeks after film\u2019s release"", ""is_strictly_necessary"": false, ""is_ticked_by_default"": false}, {""title"": ""Amazon breaks its own rules to leak Prime Day brands and start time"", ""is_strictly_necessary"": false, ""is_ticked_by_default"": false}, {""title"": ""How Clean is Your House star Kim Woodburn dies aged 83"", ""is_strictly_necessary"": false, ""is_ticked_by_default"": false}, {""title"": ""Israeli president says they had \u2018no choice\u2019 but to attack Iran"", ""is_strictly_necessary"": false, ""is_ticked_by_default"": false}, {""title"": ""Brian Dowling breaks silence after lengthy battle with gossip site Tattle Life"", ""is_strictly_necessary"": false, ""is_ticked_by_default"": false}, {""title"": ""Opt-out organ donation system to be introduced in Ireland this week"", ""is_strictly_necessary"": false, ""is_ticked_by_default"": false}, {""title"": ""EasyJet flight bound for UK forced to make emergency landing"", ""is_strictly_necessary"": false, ""is_ticked_by_default"": false}, {""title"": ""Blankety Blank viewers heartbroken as they find out winner died aged 39"", ""is_strictly_necessary"": false, ""is_ticked_by_default"": false}, {""title"": ""Daughter of Irish sporting legend crowned Miss Ireland 2025"", ""is_strictly_necessary"": false, ""is_ticked_by_default"": false}]",0.6666666666666666,[],Please note that this website/app uses one or more Google services and may gather and store information including but not limited to your visit or usage behaviour. You may click to grant or deny consent to Google and its third-party tags to use your data for below specified purposes in below Google consent section.,7,FALSE,FALSE,FALSE,[],0,0,TRUE,FALSE
https://www.her.ie/,2025-06-22T17:36:03.888527,Success,Unknown/Custom,TRUE,FALSE,FALSE,TRUE,we value your privacy,TRUE,217,0,1,"[{""title"": ""CATEGORIES"", ""is_strictly_necessary"": false, ""is_ticked_by_default"": false}, {""title"": ""More"", ""is_strictly_necessary"": false, ""is_ticked_by_default"": false}, {""title"": ""Our Brands"", ""is_strictly_necessary"": false, ""is_ticked_by_default"": false}, {""title"": ""This two-syllable name is a perfect choice for your baby girl"", ""is_strictly_necessary"": false, ""is_ticked_by_default"": false}, {""title"": ""Adriana Smith\u2019s life support switched off after son\u2019s delivery"", ""is_strictly_necessary"": false, ""is_ticked_by_default"": false}, {""title"": ""The Compound is the eye-opening book Love Island viewers need to read"", ""is_strictly_necessary"": false, ""is_ticked_by_default"": false}, {""title"": ""Let\u2019s talk about the smear test: What to expect and why it\u2019s important"", ""is_strictly_necessary"": false, ""is_ticked_by_default"": false}, {""title"": ""Kelsey Parker under fire after admitting she doesn\u2019t use SPF on her kids"", ""is_strictly_necessary"": false, ""is_ticked_by_default"": false}, {""title"": ""How sea swimming improves our mental wellbeing"", ""is_strictly_necessary"": false, ""is_ticked_by_default"": false}, {""title"": ""The SPF that sells every 28 seconds is essential for summer"", ""is_strictly_necessary"": true, ""is_ticked_by_default"": false}, {""title"": ""Irish EuroMillions winner said jackpot \u2018destroyed her life\u2019"", ""is_strictly_necessary"": false, ""is_ticked_by_default"": false}, {""title"": ""HEADLINES"", ""is_strictly_necessary"": false, ""is_ticked_by_default"": false}, {""title"": ""The Dunnes Stores swimsuit everyone needs for summer"", ""is_strictly_necessary"": false, ""is_ticked_by_default"": false}, {""title"": ""Victoria Beckham unveils surprising new short hairstyle"", ""is_strictly_necessary"": false, ""is_ticked_by_default"": false}, {""title"": ""Jess Redden reveals she suffered baby loss before current pregnancy"", ""is_strictly_necessary"": false, ""is_ticked_by_default"": false}, {""title"": ""Lizzo reveals she used Ozempic at the start of her weight-loss journey"", ""is_strictly_necessary"": false, ""is_ticked_by_default"": false}, {""title"": ""MOST POPULAR"", ""is_strictly_necessary"": false, ""is_ticked_by_default"": false}, {""title"": ""How hot is too hot to work under Irish law?"", ""is_strictly_necessary"": false, ""is_ticked_by_default"": false}, {""title"": ""National Lottery confirms county where \u20ac250 million winning EuroMillions ticket was sold"", ""is_strictly_necessary"": false, ""is_ticked_by_default"": false}, {""title"": ""Grace Mongey says this nursing top is a 'dream for feeding in public\u2019"", ""is_strictly_necessary"": false, ""is_ticked_by_default"": false}, {""title"": ""Annie McCarrick tried to end secret relationship before disappearance"", ""is_strictly_necessary"": false, ""is_ticked_by_default"": false}, {""title"": ""Lorraine Kelly called out for 'pathetic' tribute to Kim Woodburn"", ""is_strictly_necessary"": false, ""is_ticked_by_default"": false}, {""title"": ""Ciara Doherty announces career move after surprise exit from Virgin Media"", ""is_strictly_necessary"": false, ""is_ticked_by_default"": false}, {""title"": ""What we know about the ongoing Tattle Life scandal"", ""is_strictly_necessary"": false, ""is_ticked_by_default"": false}, {""title"": ""Mankeeping is the new reason women are giving up on dating"", ""is_strictly_necessary"": false, ""is_ticked_by_default"": false}, {""title"": ""Why Kate Middleton cancelled Ascot appearance at last minute"", ""is_strictly_necessary"": false, ""is_ticked_by_default"": false}, {""title"": ""Prime Video has just added a new twisty psychological thriller series"", ""is_strictly_necessary"": false, ""is_ticked_by_default"": false}, {""title"": ""Irish writer\u2019s novel to be adapted for TV after \u2018fierce bidding war\u2019"", ""is_strictly_necessary"": false, ""is_ticked_by_default"": false}, {""title"": ""Garron Noone explains why he\u2019s taking a break from social media"", ""is_strictly_necessary"": false, ""is_ticked_by_default"": false}, {""title"": ""Skincare experts warn against salt water tanning TikTok trend"", ""is_strictly_necessary"": false, ""is_ticked_by_default"": false}, {""title"": ""Machine Gun Kelly and Megan Fox reveal daughter\u2019s unusual name"", ""is_strictly_necessary"": false, ""is_ticked_by_default"": false}, {""title"": ""The signs of ADHD in women you might not know"", ""is_strictly_necessary"": false, ""is_ticked_by_default"": false}, {""title"": ""Hazel Behan praised following powerful Ireland AM appearance"", ""is_strictly_necessary"": false, ""is_ticked_by_default"": false}, {""title"": ""Teenager dies in tragic drowning incident in Co. Carlow"", ""is_strictly_necessary"": false, ""is_ticked_by_default"": false}, {""title"": ""Falling back asleep after hitting the snooze button makes you feel worse"", ""is_strictly_necessary"": false, ""is_ticked_by_default"": false}, {""title"": ""Why everyone needs to know about the game-chaning Joii period app"", ""is_strictly_necessary"": false, ""is_ticked_by_default"": false}, {""title"": ""Graham Norton reveals he was stabbed and \u2018left for dead\u2019 in London street"", ""is_strictly_necessary"": false, ""is_ticked_by_default"": false}, {""title"": ""Jess Redden and Rob Kearney are expecting their second child together"", ""is_strictly_necessary"": false, ""is_ticked_by_default"": false}, {""title"": ""Ryan Tubridy announces his engagement to Dr Clare Kambamettu"", ""is_strictly_necessary"": false, ""is_ticked_by_default"": false}, {""title"": ""Eric Dane breaks down in tears as he opens up about his ALS diagnosis"", ""is_strictly_necessary"": false, ""is_ticked_by_default"": false}, {""title"": ""Brian Dowling breaks silence after lengthy battle with gossip site Tattle Life"", ""is_strictly_necessary"": false, ""is_ticked_by_default"": false}, {""title"": ""Daughter of Irish sporting legend crowned Miss Ireland 2025"", ""is_strictly_necessary"": false, ""is_ticked_by_default"": false}, {""title"": ""Eva Mendes reveals she banned her and Ryan Gosling's kids from having phones"", ""is_strictly_necessary"": false, ""is_ticked_by_default"": false}, {""title"": ""Jessie J shares emotional message during final show before her breast cancer surgery"", ""is_strictly_necessary"": false, ""is_ticked_by_default"": false}, {""title"": ""'Made to be a dad' \u2013 Molly-Mae Hague shares sweet Father's Day tribute"", ""is_strictly_necessary"": false, ""is_ticked_by_default"": false}, {""title"": ""Rachel Gorry is 'beyond grateful' after pregnancy health scare"", ""is_strictly_necessary"": false, ""is_ticked_by_default"": false}, {""title"": ""The perfumes loved by your favourite celebrities Nicola Coughlan, Sabrina Carpenter and more"", ""is_strictly_necessary"": false, ""is_ticked_by_default"": false}, {""title"": ""RT\u00c9 presenter Bl\u00e1thnaid Treacy confirms she has been diagnosed with ADHD"", ""is_strictly_necessary"": false, ""is_ticked_by_default"": false}, {""title"": ""Netflix is about to remove a hidden gem comedy series"", ""is_strictly_necessary"": false, ""is_ticked_by_default"": false}, {""title"": ""Everyone is talking about the new Netflix rom-com series Too Much"", ""is_strictly_necessary"": false, ""is_ticked_by_default"": false}, {""title"": ""One of the best Irish movies ever made is airing on TV tonight"", ""is_strictly_necessary"": false, ""is_ticked_by_default"": false}, {""title"": ""Mean Girls the Musical announces first ever UK and Ireland tour \u2013 and this is how to get tickets"", ""is_strictly_necessary"": false, ""is_ticked_by_default"": false}, {""title"": ""Everyone is saying the same thing about last night's Love Island"", ""is_strictly_necessary"": false, ""is_ticked_by_default"": false}, {""title"": ""Pretty Little Liars fans are going to love this new show"", ""is_strictly_necessary"": false, ""is_ticked_by_default"": false}, {""title"": ""Irish rugby player set to join the cast of Love Island"", ""is_strictly_necessary"": false, ""is_ticked_by_default"": false}, {""title"": ""Everyone is saying the same thing about the Wicked: For Good trailer"", ""is_strictly_necessary"": false, ""is_ticked_by_default"": false}, {""title"": ""Love Island 2025 star axed from show just hours after announcement"", ""is_strictly_necessary"": false, ""is_ticked_by_default"": false}, {""title"": ""Seven moments from The Secret Lives of Mormon Wives I'm still thinking about today"", ""is_strictly_necessary"": false, ""is_ticked_by_default"": false}, {""title"": ""Pierce Brosnan speaks out in defence of his accent as viewers make same complaint"", ""is_strictly_necessary"": false, ""is_ticked_by_default"": false}, {""title"": ""Study says that husbands stress women out twice as much as their kids do"", ""is_strictly_necessary"": false, ""is_ticked_by_default"": false}, {""title"": ""What you need to know about \u2018revenge quitting\u2019 and why it\u2019s popular"", ""is_strictly_necessary"": false, ""is_ticked_by_default"": false}, {""title"": ""What you need to know about 'revenge quitting' and why it's popular"", ""is_strictly_necessary"": false, ""is_ticked_by_default"": false}, {""title"": ""The beautiful Irish name that\u2019s going extinct"", ""is_strictly_necessary"": false, ""is_ticked_by_default"": false}, {""title"": ""Psychologist reveals biggest red flags that someone is a narcissist"", ""is_strictly_necessary"": false, ""is_ticked_by_default"": false}, {""title"": ""Dunnes Stores launches affordable school uniform collection"", ""is_strictly_necessary"": false, ""is_ticked_by_default"": false}, {""title"": ""Controversial baby names that have been banned around the world"", ""is_strictly_necessary"": false, ""is_ticked_by_default"": false}, {""title"": ""How to cope with the friendship wage gap, according to experts"", ""is_strictly_necessary"": false, ""is_ticked_by_default"": false}, {""title"": ""People are only just learning what WC toilet sign actually means"", ""is_strictly_necessary"": false, ""is_ticked_by_default"": false}, {""title"": ""'My friend is getting married and has a bizarre demand for her bridesmaids'"", ""is_strictly_necessary"": false, ""is_ticked_by_default"": false}, {""title"": ""The baby girl name that has been popular for 100 years"", ""is_strictly_necessary"": false, ""is_ticked_by_default"": false}, {""title"": ""Marriage is actually twice as stressful as raising children, study finds"", ""is_strictly_necessary"": false, ""is_ticked_by_default"": false}, {""title"": ""This full coverage foundation is a perfect Charlotte Tilbury dupe"", ""is_strictly_necessary"": false, ""is_ticked_by_default"": false}, {""title"": ""The biggest fake tan mistake Irish women are making"", ""is_strictly_necessary"": false, ""is_ticked_by_default"": false}, {""title"": ""Ariana Grande's 'perfect' perfume with thousands of five-star ratings has price cut"", ""is_strictly_necessary"": false, ""is_ticked_by_default"": false}, {""title"": ""Angela Scanlon reveals the one beauty treatment she swears by"", ""is_strictly_necessary"": false, ""is_ticked_by_default"": false}, {""title"": ""Rhode teams up with Harris Dickinson for new 'Glazing Mist' launch"", ""is_strictly_necessary"": false, ""is_ticked_by_default"": false}, {""title"": ""'The GHD dupe that has tamed my frizzy hair'"", ""is_strictly_necessary"": false, ""is_ticked_by_default"": false}, {""title"": ""The Ordinary brings back 'new and improved' fan-favourite sunscreen"", ""is_strictly_necessary"": false, ""is_ticked_by_default"": false}, {""title"": ""POCO Beauty launches its first self-tanning collection"", ""is_strictly_necessary"": false, ""is_ticked_by_default"": false}, {""title"": ""'I got so many compliments on my skin after using these sheet masks'"", ""is_strictly_necessary"": false, ""is_ticked_by_default"": false}, {""title"": ""This is one thing hairdressers absolutely hate hearing from customers"", ""is_strictly_necessary"": false, ""is_ticked_by_default"": false}, {""title"": ""Expert issues health warning to people who get their nails done frequently"", ""is_strictly_necessary"": false, ""is_ticked_by_default"": false}, {""title"": ""The \u20ac40 Dunnes Stores dress is perfect for your summer holiday"", ""is_strictly_necessary"": false, ""is_ticked_by_default"": false}, {""title"": ""Dunnes Stores has the perfect wedding guest dress for \u20ac35"", ""is_strictly_necessary"": false, ""is_ticked_by_default"": false}, {""title"": ""Shoppers say the new Dunnes Stores summer collection 'can't come quick enough'"", ""is_strictly_necessary"": false, ""is_ticked_by_default"": false}, {""title"": ""This \u20ac10 Dunnes Stores waistcoat is perfect for festival season"", ""is_strictly_necessary"": false, ""is_ticked_by_default"": false}, {""title"": ""Final call for designer applications ahead of the inaugural Ireland Fashion Week"", ""is_strictly_necessary"": false, ""is_ticked_by_default"": false}, {""title"": ""Dunnes shoppers furious as brand increases price of new fan favourite item"", ""is_strictly_necessary"": false, ""is_ticked_by_default"": false}, {""title"": ""The \u20ac10 Dunnes Stores shorts are being swiped up for summer"", ""is_strictly_necessary"": false, ""is_ticked_by_default"": false}, {""title"": ""Dunnes Stores launches \u20ac8 Cos t-shirt dupe"", ""is_strictly_necessary"": false, ""is_ticked_by_default"": false}, {""title"": ""The \u20ac25 Dunnes Stores skirt everyone will be wearing this summer"", ""is_strictly_necessary"": false, ""is_ticked_by_default"": false}, {""title"": ""Dunnes Stores has the perfect Arket jacket dupe for \u20ac35"", ""is_strictly_necessary"": false, ""is_ticked_by_default"": false}, {""title"": ""Topshop fans go wild as brand teases major comeback"", ""is_strictly_necessary"": false, ""is_ticked_by_default"": false}, {""title"": ""Government announce massive funding boost for Women in Sport programme"", ""is_strictly_necessary"": false, ""is_ticked_by_default"": false}, {""title"": ""Tributes pour in after passing of Clare minor star \u00c9anna Rouine"", ""is_strictly_necessary"": false, ""is_ticked_by_default"": false}, {""title"": ""Camogie Association votes in favour of letting players wear shorts"", ""is_strictly_necessary"": false, ""is_ticked_by_default"": false}, {""title"": ""Aisling Maher on the importance of taking a stand against skorts"", ""is_strictly_necessary"": false, ""is_ticked_by_default"": false}, {""title"": ""Michael Schumacher insider issues heartbreaking update on F1 legend\u2019s condition"", ""is_strictly_necessary"": false, ""is_ticked_by_default"": false}, {""title"": ""Heartbreak as sporting legend's 14-year-old son dies after sudden illness on holiday"", ""is_strictly_necessary"": false, ""is_ticked_by_default"": false}, {""title"": ""Taylor Swift has priceless reaction to being booed at the Super Bowl"", ""is_strictly_necessary"": false, ""is_ticked_by_default"": false}, {""title"": ""Michael Schumacher's friend gives rare update on F1 legend"", ""is_strictly_necessary"": false, ""is_ticked_by_default"": false}, {""title"": ""Conor McGregor accused of sexually assaulting woman in VIP bathroom"", ""is_strictly_necessary"": false, ""is_ticked_by_default"": false}, {""title"": ""Three million dogs could be killed in Morocco ahead of FIFA World Cup"", ""is_strictly_necessary"": false, ""is_ticked_by_default"": false}, {""title"": ""'I definitely want to be a mother' \u2013 Sharlene Mawdsley opens up about retirement plans"", ""is_strictly_necessary"": false, ""is_ticked_by_default"": false}, {""title"": ""Opt-out organ donation system to be introduced in Ireland this week"", ""is_strictly_necessary"": false, ""is_ticked_by_default"": false}, {""title"": ""Partner of mum-of-four who died in skydiving accident watched her fall to death"", ""is_strictly_necessary"": false, ""is_ticked_by_default"": false}, {""title"": ""Expert reveals the biggest difference between boy and girl pregnancies"", ""is_strictly_necessary"": false, ""is_ticked_by_default"": false}, {""title"": ""One in five tanning salons reportedly accepting minors in Ireland"", ""is_strictly_necessary"": false, ""is_ticked_by_default"": false}, {""title"": ""'Game-changer' \u2013 A new test for coeliac disease has been discovered"", ""is_strictly_necessary"": false, ""is_ticked_by_default"": false}, {""title"": ""The full moon can cause a hormonal changes, experts say"", ""is_strictly_necessary"": false, ""is_ticked_by_default"": false}, {""title"": ""This morning ritual will help you sleep better at festivals"", ""is_strictly_necessary"": false, ""is_ticked_by_default"": false}, {""title"": ""Viral TikTok grandma Norma Burton dies aged 91"", ""is_strictly_necessary"": false, ""is_ticked_by_default"": false}, {""title"": ""Norma Foley speaks out in support of paid miscarriage leave"", ""is_strictly_necessary"": false, ""is_ticked_by_default"": false}, {""title"": ""Sleep expert reveals why you're not sleeping well in June"", ""is_strictly_necessary"": false, ""is_ticked_by_default"": false}, {""title"": ""Is drinking coffee making my period cramps worse?"", ""is_strictly_necessary"": false, ""is_ticked_by_default"": false}, {""title"": ""Meghan Markle tipped to release her own memoir"", ""is_strictly_necessary"": false, ""is_ticked_by_default"": false}, {""title"": ""Irish novel hailed \u2018the best book of 2025\u2019"", ""is_strictly_necessary"": false, ""is_ticked_by_default"": false}, {""title"": ""Irish novel hailed 'the best book of 2025'"", ""is_strictly_necessary"": false, ""is_ticked_by_default"": false}, {""title"": ""Poor by Katriona O\u2019Sullivan to be adapted for stage"", ""is_strictly_necessary"": false, ""is_ticked_by_default"": false}, {""title"": ""Vicki Notaro on writing for Irish women and having Marian Keyes' support"", ""is_strictly_necessary"": false, ""is_ticked_by_default"": false}, {""title"": ""The biggest-selling book of 2025 so far has been revealed"", ""is_strictly_necessary"": false, ""is_ticked_by_default"": false}, {""title"": ""The Names is the one book everyone needs to read this summer"", ""is_strictly_necessary"": false, ""is_ticked_by_default"": false}, {""title"": ""Irish readers are raving about Andrea Mara's new novel"", ""is_strictly_necessary"": false, ""is_ticked_by_default"": false}, {""title"": ""'Magnificent' \u2013 Irish readers are raving about this #1 thriller novel"", ""is_strictly_necessary"": false, ""is_ticked_by_default"": false}, {""title"": ""One of the biggest selling novels of the year is being made into a movie"", ""is_strictly_necessary"": false, ""is_ticked_by_default"": false}, {""title"": ""The one book everyone is going to be talking about this week"", ""is_strictly_necessary"": false, ""is_ticked_by_default"": false}, {""title"": ""The best books to buy for your sun holiday as Amazon launches huge 70% off sale"", ""is_strictly_necessary"": false, ""is_ticked_by_default"": false}, {""title"": ""The Ooni pizza oven alternative that costs less than \u20ac70"", ""is_strictly_necessary"": false, ""is_ticked_by_default"": false}, {""title"": ""Doctor issues warning over heating up food in plastic containers in the microwave"", ""is_strictly_necessary"": false, ""is_ticked_by_default"": false}, {""title"": ""Turns out we've all been drinking pornstar martinis wrong"", ""is_strictly_necessary"": false, ""is_ticked_by_default"": false}, {""title"": ""Your coffee could actually be making you feel tired"", ""is_strictly_necessary"": false, ""is_ticked_by_default"": false}, {""title"": ""How to make Baby Guinness at home for St Patrick's Day"", ""is_strictly_necessary"": false, ""is_ticked_by_default"": false}, {""title"": ""Four Irish pubs named in the top 100 best in Europe"", ""is_strictly_necessary"": false, ""is_ticked_by_default"": false}, {""title"": ""Gordon Ramsay names the part of a menu you should never order from"", ""is_strictly_necessary"": false, ""is_ticked_by_default"": false}, {""title"": ""Historic Dublin pub goes up for sale at an eye-watering \u20ac4.25 million"", ""is_strictly_necessary"": false, ""is_ticked_by_default"": false}, {""title"": ""Doctor says eating cheese before a night out can prevent you having a hangover"", ""is_strictly_necessary"": false, ""is_ticked_by_default"": false}, {""title"": ""Top of the range coffee machines given major discount for limited time"", ""is_strictly_necessary"": false, ""is_ticked_by_default"": false}, {""title"": ""Irish cafe named in list of world's 100 best coffee shops"", ""is_strictly_necessary"": false, ""is_ticked_by_default"": false}, {""title"": ""Sleep expert reveals why you\u2019re not sleeping well in June"", ""is_strictly_necessary"": false, ""is_ticked_by_default"": false}, {""title"": ""Irish cafe named in list of world\u2019s 100 best coffee shops"", ""is_strictly_necessary"": false, ""is_ticked_by_default"": false}, {""title"": ""Urgent fire warning issued to anyone who owns an air fryer"", ""is_strictly_necessary"": false, ""is_ticked_by_default"": false}, {""title"": ""Single bite of popular Thai dish can give you liver cancer"", ""is_strictly_necessary"": false, ""is_ticked_by_default"": false}, {""title"": ""The heartbreaking historical fiction novel is a must-read for Irish women"", ""is_strictly_necessary"": false, ""is_ticked_by_default"": false}, {""title"": ""The belly pudge dress trend is helping women embrace their bodies"", ""is_strictly_necessary"": false, ""is_ticked_by_default"": false}, {""title"": ""The \u20ac40 Dunnes Stores dress that is perfect for spring"", ""is_strictly_necessary"": false, ""is_ticked_by_default"": false}, {""title"": ""Addison Rae announces Dublin date on first ever headline tour \u2013 how to get tickets"", ""is_strictly_necessary"": false, ""is_ticked_by_default"": false}, {""title"": ""Natasha O\u2019Brien documentary to air on RT\u00c9 next week"", ""is_strictly_necessary"": false, ""is_ticked_by_default"": false}, {""title"": ""Taoiseach Miche\u00e1l Martin gives update on on increasing child benefit in Budget 2026"", ""is_strictly_necessary"": false, ""is_ticked_by_default"": false}, {""title"": ""Lilo & Stitch star David Hekili Kenui Bell dies weeks after film\u2019s release"", ""is_strictly_necessary"": false, ""is_ticked_by_default"": false}, {""title"": ""Reality star Kim Woodburn has sadly died aged 83"", ""is_strictly_necessary"": false, ""is_ticked_by_default"": false}, {""title"": ""Tributes paid to Berkeley balcony collapse victims on 10th anniversary"", ""is_strictly_necessary"": false, ""is_ticked_by_default"": false}, {""title"": ""New Confirmation pledge will include a ban on vaping"", ""is_strictly_necessary"": false, ""is_ticked_by_default"": false}, {""title"": ""The top baby names of summer 2025 have been revealed"", ""is_strictly_necessary"": false, ""is_ticked_by_default"": false}, {""title"": ""EasyJet flight forced to make emergency landing"", ""is_strictly_necessary"": false, ""is_ticked_by_default"": false}, {""title"": ""Dig for remains of almost 800 babies begins at former \u2018mother and baby home\u2019"", ""is_strictly_necessary"": false, ""is_ticked_by_default"": false}, {""title"": ""Annie McCarrick\u2019s family fear she was killed by someone she knew"", ""is_strictly_necessary"": false, ""is_ticked_by_default"": false}, {""title"": ""Warning issued to couples who have sex less than once a week"", ""is_strictly_necessary"": false, ""is_ticked_by_default"": false}, {""title"": ""Heartbreaking reason your dog looks at you while they\u2019re having a poo"", ""is_strictly_necessary"": false, ""is_ticked_by_default"": false}, {""title"": ""Planning a solo trip? Here are some of the safest places to travel to"", ""is_strictly_necessary"": false, ""is_ticked_by_default"": false}, {""title"": ""Survivor of Air India flight reveals what happened in final moments before plane crashed"", ""is_strictly_necessary"": false, ""is_ticked_by_default"": false}, {""title"": ""Karen Millen responds to backlash after saying breastfeeding after six months is \u2018not normal\u2019"", ""is_strictly_necessary"": false, ""is_ticked_by_default"": false}, {""title"": ""Categories"", ""is_strictly_necessary"": false, ""is_ticked_by_default"": false}, {""title"": ""Kelsey Parker under fire after admitting she doesn't use SPF on her kids"", ""is_strictly_necessary"": false, ""is_ticked_by_default"": false}, {""title"": ""Irish EuroMillions winner said jackpot 'destroyed her life'"", ""is_strictly_necessary"": false, ""is_ticked_by_default"": false}, {""title"": ""1. How hot is too hot to work under Irish law?"", ""is_strictly_necessary"": false, ""is_ticked_by_default"": false}, {""title"": ""2. National Lottery confirms county where \u20ac250 million winning EuroMillions ticket was sold"", ""is_strictly_necessary"": false, ""is_ticked_by_default"": false}, {""title"": ""3. Grace Mongey says this nursing top is a \u2018dream for feeding in public\u2019"", ""is_strictly_necessary"": false, ""is_ticked_by_default"": false}, {""title"": ""4. Annie McCarrick tried to end secret relationship before disappearance"", ""is_strictly_necessary"": false, ""is_ticked_by_default"": false}, {""title"": ""5. Lorraine Kelly called out for \u2018pathetic\u2019 tribute to Kim Woodburn"", ""is_strictly_necessary"": false, ""is_ticked_by_default"": false}, {""title"": ""6. Ciara Doherty announces career move after surprise exit from Virgin Media"", ""is_strictly_necessary"": false, ""is_ticked_by_default"": false}, {""title"": ""7. What we know about the ongoing Tattle Life scandal"", ""is_strictly_necessary"": false, ""is_ticked_by_default"": false}, {""title"": ""8. Mankeeping is the new reason women are giving up on dating"", ""is_strictly_necessary"": false, ""is_ticked_by_default"": false}, {""title"": ""9. Why Kate Middleton cancelled Ascot appearance at last minute"", ""is_strictly_necessary"": false, ""is_ticked_by_default"": false}, {""title"": ""10. Prime Video has just added a new twisty psychological thriller series"", ""is_strictly_necessary"": false, ""is_ticked_by_default"": false}, {""title"": ""Eva Mendes reveals she banned her and Ryan Gosling\u2019s kids from having phones"", ""is_strictly_necessary"": false, ""is_ticked_by_default"": false}, {""title"": ""\u2018Made to be a dad\u2019 \u2013 Molly-Mae Hague shares sweet Father\u2019s Day tribute"", ""is_strictly_necessary"": false, ""is_ticked_by_default"": false}, {""title"": ""Rachel Gorry is \u2018beyond grateful\u2019 after pregnancy health scare"", ""is_strictly_necessary"": false, ""is_ticked_by_default"": false}, {""title"": ""Arnold Schwarzenegger refused to financially support his son after he graduated university"", ""is_strictly_necessary"": false, ""is_ticked_by_default"": false}, {""title"": ""Everyone is saying the same thing about last night\u2019s Love Island"", ""is_strictly_necessary"": false, ""is_ticked_by_default"": false}, {""title"": ""Seven moments from The Secret Lives of Mormon Wives I\u2019m still thinking about today"", ""is_strictly_necessary"": false, ""is_ticked_by_default"": false}, {""title"": ""Everything you need to know ahead of Zach Bryan\u2019s Phoenix Park gigs"", ""is_strictly_necessary"": false, ""is_ticked_by_default"": false}, {""title"": ""\u2018My friend is getting married and has a bizarre demand for her bridesmaids\u2019"", ""is_strictly_necessary"": false, ""is_ticked_by_default"": false}, {""title"": ""Vet\u2019s heartbreaking plea to owners putting pets to sleep"", ""is_strictly_necessary"": false, ""is_ticked_by_default"": false}, {""title"": ""Ariana Grande\u2019s \u2018perfect\u2019 perfume with thousands of five-star ratings has price cut"", ""is_strictly_necessary"": false, ""is_ticked_by_default"": false}, {""title"": ""Rhode teams up with Harris Dickinson for new \u2018Glazing Mist\u2019 launch"", ""is_strictly_necessary"": false, ""is_ticked_by_default"": false}, {""title"": ""\u2018The GHD dupe that has tamed my frizzy hair\u2019"", ""is_strictly_necessary"": false, ""is_ticked_by_default"": false}, {""title"": ""The Ordinary brings back \u2018new and improved\u2019 fan-favourite sunscreen"", ""is_strictly_necessary"": false, ""is_ticked_by_default"": false}, {""title"": ""\u2018I got so many compliments on my skin after using these sheet masks\u2019"", ""is_strictly_necessary"": false, ""is_ticked_by_default"": false}, {""title"": ""The cleanser that finally started to clear up my cystic acne"", ""is_strictly_necessary"": false, ""is_ticked_by_default"": false}, {""title"": ""Shoppers say the new Dunnes Stores summer collection \u2018can\u2019t come quick enough\u2019"", ""is_strictly_necessary"": false, ""is_ticked_by_default"": false}, {""title"": ""Heartbreak as sporting legend\u2019s 14-year-old son dies after sudden illness on holiday"", ""is_strictly_necessary"": false, ""is_ticked_by_default"": false}, {""title"": ""Michael Schumacher\u2019s friend gives rare update on F1 legend"", ""is_strictly_necessary"": false, ""is_ticked_by_default"": false}, {""title"": ""\u2018I definitely want to be a mother\u2019 \u2013 Sharlene Mawdsley opens up about retirement plans"", ""is_strictly_necessary"": false, ""is_ticked_by_default"": false}, {""title"": ""\u2018Game-changer\u2019 \u2013 A new test for coeliac disease has been discovered"", ""is_strictly_necessary"": false, ""is_ticked_by_default"": false}, {""title"": ""Cause of death confirmed for mum whose heart was removed after dying on holiday"", ""is_strictly_necessary"": false, ""is_ticked_by_default"": false}, {""title"": ""Vicki Notaro on writing for Irish women and having Marian Keyes\u2019 support"", ""is_strictly_necessary"": false, ""is_ticked_by_default"": false}, {""title"": ""Irish readers are raving about Andrea Mara\u2019s new novel"", ""is_strictly_necessary"": false, ""is_ticked_by_default"": false}, {""title"": ""\u2018Magnificent\u2019 \u2013 Irish readers are raving about this #1 thriller novel"", ""is_strictly_necessary"": false, ""is_ticked_by_default"": false}, {""title"": ""One of the best books of the year is being made into a movie with Saoirse Ronan"", ""is_strictly_necessary"": false, ""is_ticked_by_default"": false}, {""title"": ""Turns out we\u2019ve all been drinking pornstar martinis wrong"", ""is_strictly_necessary"": false, ""is_ticked_by_default"": false}, {""title"": ""How to make Baby Guinness at home for St Patrick\u2019s Day"", ""is_strictly_necessary"": false, ""is_ticked_by_default"": false}, {""title"": ""The surprising wedding superstition people still believe in"", ""is_strictly_necessary"": false, ""is_ticked_by_default"": false}, {""title"": ""Experts are warning people against buying trendy Dubai Chocolate"", ""is_strictly_necessary"": false, ""is_ticked_by_default"": false}, {""title"": ""Irish couples can\u2019t get enough of this Wicklow wedding venue"", ""is_strictly_necessary"": false, ""is_ticked_by_default"": false}, {""title"": ""Tom Fletcher apologises for \u2018insensitive\u2019 post following Air India plane crash"", ""is_strictly_necessary"": false, ""is_ticked_by_default"": false}, {""title"": ""Family took heartbreaking final selfie before Air India plane crash"", ""is_strictly_necessary"": false, ""is_ticked_by_default"": false}, {""title"": ""Sabrina Carpenter speaks out about Barry Keoghan split for the first time"", ""is_strictly_necessary"": false, ""is_ticked_by_default"": false}, {""title"": ""Air India pilot \u2018sent desperate mayday call\u2019 before crash that killed 241 passengers"", ""is_strictly_necessary"": false, ""is_ticked_by_default"": false}, {""title"": ""Ryanair set to introduce \u20ac500 fine against \u2018disruptive passengers\u2019"", ""is_strictly_necessary"": false, ""is_ticked_by_default"": false}, {""title"": ""Dua Lipa and Callum Turner have confirmed their engagement"", ""is_strictly_necessary"": false, ""is_ticked_by_default"": false}, {""title"": ""British passenger survives Air India crash that killed hundreds"", ""is_strictly_necessary"": false, ""is_ticked_by_default"": false}, {""title"": ""Irish first name is the most mispronounced in the world"", ""is_strictly_necessary"": false, ""is_ticked_by_default"": false}, {""title"": ""Colin Farrell reveals heartbreaking reason he has to put his son into care"", ""is_strictly_necessary"": false, ""is_ticked_by_default"": false}, {""title"": ""When will the Back-To-School payment be paid this summer?"", ""is_strictly_necessary"": false, ""is_ticked_by_default"": false}, {""title"": ""Ed Sheeran addresses comments about his Irish identity"", ""is_strictly_necessary"": false, ""is_ticked_by_default"": false}, {""title"": ""Passenger plane heading to London has crashed in India"", ""is_strictly_necessary"": false, ""is_ticked_by_default"": false}, {""title"": ""Sabrina Carpenter fans slam star for \u2018disturbing\u2019 new album cover"", ""is_strictly_necessary"": false, ""is_ticked_by_default"": false}]",0.6666666666666666,[],Please note that this website/app uses one or more Google services and may gather and store information including but not limited to your visit or usage behaviour. You may click to grant or deny consent to Google and its third-party tags to use your data for below specified purposes in below Google consent section.,7,FALSE,FALSE,FALSE,[],0,0,TRUE,FALSE
https://www.thejournal.ie/,2025-06-22T17:36:23.776326,Success,OneTrust,TRUE,TRUE,FALSE,TRUE,198,TRUE,45,0,0,"[{""title"": ""Custom VendorsCustom VendorsNon-TCF/GVL VendorsView Vendor Details\u200e"", ""is_strictly_necessary"": false, ""is_ticked_by_default"": false}, {""title"": ""Yes, I'm going to a concert/match/protest/all-of-the-above"", ""is_strictly_necessary"": false, ""is_ticked_by_default"": false}, {""title"": ""Yes, I live in Dublin"", ""is_strictly_necessary"": false, ""is_ticked_by_default"": false}, {""title"": ""No, I'm staying at home this weekend"", ""is_strictly_necessary"": false, ""is_ticked_by_default"": false}, {""title"": ""Message:"", ""is_strictly_necessary"": false, ""is_ticked_by_default"": false}, {""title"": ""Your Email (optional)"", ""is_strictly_necessary"": false, ""is_ticked_by_default"": false}, {""title"": ""Email Address"", ""is_strictly_necessary"": false, ""is_ticked_by_default"": false}, {""title"": ""One email every morning"", ""is_strictly_necessary"": false, ""is_ticked_by_default"": false}, {""title"": ""As soon as new articles come online"", ""is_strictly_necessary"": false, ""is_ticked_by_default"": false}, {""title"": ""Social Media Cookies"", ""is_strictly_necessary"": false, ""is_ticked_by_default"": false}, {""title"": ""Targeting Cookies"", ""is_strictly_necessary"": false, ""is_ticked_by_default"": false}, {""title"": ""Functional Cookies"", ""is_strictly_necessary"": false, ""is_ticked_by_default"": false}, {""title"": ""Performance Cookies"", ""is_strictly_necessary"": false, ""is_ticked_by_default"": false}, {""title"": ""Store and/or access information on a device"", ""is_strictly_necessary"": false, ""is_ticked_by_default"": false}, {""title"": ""Personalised advertising and content, advertising and content measurement, audience research and services development"", ""is_strictly_necessary"": false, ""is_ticked_by_default"": false}, {""title"": ""Switch Label"", ""is_strictly_necessary"": false, ""is_ticked_by_default"": false}, {""title"": ""Use precise geolocation data"", ""is_strictly_necessary"": false, ""is_ticked_by_default"": false}, {""title"": ""Actively scan device characteristics for identification"", ""is_strictly_necessary"": false, ""is_ticked_by_default"": false}, {""title"": ""Custom Vendors"", ""is_strictly_necessary"": false, ""is_ticked_by_default"": false}, {""title"": ""checkbox label"", ""is_strictly_necessary"": false, ""is_ticked_by_default"": false}, {""title"": ""We and our vendors process data for the following purposes:"", ""is_strictly_necessary"": false, ""is_ticked_by_default"": false}, {""title"": ""Manage Consent Preferences"", ""is_strictly_necessary"": false, ""is_ticked_by_default"": false}, {""title"": ""Vendors List"", ""is_strictly_necessary"": false, ""is_ticked_by_default"": false}, {""title"": ""Sunday 22 June"", ""is_strictly_necessary"": false, ""is_ticked_by_default"": false}, {""title"": ""Necessary Cookies"", ""is_strictly_necessary"": false, ""is_ticked_by_default"": false}, {""title"": ""Store and/or access information on a device137 partners can use this purpose"", ""is_strictly_necessary"": false, ""is_ticked_by_default"": false}, {""title"": ""Personalised advertising and content, advertising and content measurement, audience research and services development178 partners can use this purpose"", ""is_strictly_necessary"": false, ""is_ticked_by_default"": false}, {""title"": ""Use precise geolocation data60 partners can use this special feature"", ""is_strictly_necessary"": false, ""is_ticked_by_default"": false}, {""title"": ""Actively scan device characteristics for identification30 partners can use this special feature"", ""is_strictly_necessary"": false, ""is_ticked_by_default"": false}, {""title"": ""Ensure security, prevent and detect fraud, and fix errors114 partners can use this special purpose"", ""is_strictly_necessary"": false, ""is_ticked_by_default"": false}, {""title"": ""Deliver and present advertising and content116 partners can use this special purpose"", ""is_strictly_necessary"": false, ""is_ticked_by_default"": false}, {""title"": ""Match and combine data from other data sources85 partners can use this feature"", ""is_strictly_necessary"": false, ""is_ticked_by_default"": false}, {""title"": ""Link different devices62 partners can use this feature"", ""is_strictly_necessary"": false, ""is_ticked_by_default"": false}, {""title"": ""Identify devices based on information transmitted automatically108 partners can use this feature"", ""is_strictly_necessary"": false, ""is_ticked_by_default"": false}, {""title"": ""Save and communicate privacy choices92 partners can use this special purpose"", ""is_strictly_necessary"": false, ""is_ticked_by_default"": false}, {""title"": ""Use limited data to select advertising142 partners can use this purpose"", ""is_strictly_necessary"": false, ""is_ticked_by_default"": false}, {""title"": ""Create profiles for personalised advertising104 partners can use this purpose"", ""is_strictly_necessary"": false, ""is_ticked_by_default"": false}, {""title"": ""Use profiles to select personalised advertising105 partners can use this purpose"", ""is_strictly_necessary"": false, ""is_ticked_by_default"": false}, {""title"": ""Create profiles to personalise content46 partners can use this purpose"", ""is_strictly_necessary"": false, ""is_ticked_by_default"": false}, {""title"": ""Use profiles to select personalised content42 partners can use this purpose"", ""is_strictly_necessary"": false, ""is_ticked_by_default"": false}, {""title"": ""Measure advertising performance162 partners can use this purpose"", ""is_strictly_necessary"": false, ""is_ticked_by_default"": false}, {""title"": ""Measure content performance71 partners can use this purpose"", ""is_strictly_necessary"": false, ""is_ticked_by_default"": false}, {""title"": ""Understand audiences through statistics or combinations of data from different sources98 partners can use this purpose"", ""is_strictly_necessary"": false, ""is_ticked_by_default"": false}, {""title"": ""Develop and improve services101 partners can use this purpose"", ""is_strictly_necessary"": false, ""is_ticked_by_default"": false}, {""title"": ""Use limited data to select content45 partners can use this purpose"", ""is_strictly_necessary"": false, ""is_ticked_by_default"": false}]",0.8333333333333334,[],"Use precise geolocation data. Actively scan device characteristics for identification. Store and/or access information on a device. Personalised advertising and content, advertising and content measurement, audience research and services development.
List of Vendors",25,FALSE,FALSE,FALSE,[],0,0,TRUE,FALSE
https://www.rsvplive.ie/,2025-06-22T17:36:43.900519,Success,Quantcast,TRUE,FALSE,FALSE,TRUE,we value your privacy,TRUE,7,0,0,"[{""title"": ""Real Life"", ""is_strictly_necessary"": false, ""is_ticked_by_default"": false}, {""title"": ""Celebs"", ""is_strictly_necessary"": false, ""is_ticked_by_default"": false}, {""title"": ""Fashion"", ""is_strictly_necessary"": false, ""is_ticked_by_default"": false}, {""title"": ""Beauty"", ""is_strictly_necessary"": false, ""is_ticked_by_default"": false}, {""title"": ""Weddings"", ""is_strictly_necessary"": false, ""is_ticked_by_default"": false}, {""title"": ""Travel"", ""is_strictly_necessary"": false, ""is_ticked_by_default"": false}, {""title"": ""Follow usFollow us"", ""is_strictly_necessary"": false, ""is_ticked_by_default"": false}]",0.6666666666666666,[],,7,FALSE,FALSE,FALSE,[],0,0,TRUE,FALSE
https://www.eir.ie/,2025-06-22T17:37:03.233062,Success,OneTrust,TRUE,TRUE,TRUE,TRUE,privacy policy,TRUE,14,0,1,"[{""title"": ""Targeting Cookies"", ""is_strictly_necessary"": false, ""is_ticked_by_default"": false}, {""title"": ""Performance Cookies"", ""is_strictly_necessary"": false, ""is_ticked_by_default"": false}, {""title"": ""Strictly Necessary Cookies"", ""is_strictly_necessary"": true, ""is_ticked_by_default"": false}, {""title"": ""Functional Cookies"", ""is_strictly_necessary"": false, ""is_ticked_by_default"": false}, {""title"": ""Your Privacy"", ""is_strictly_necessary"": false, ""is_ticked_by_default"": false}, {""title"": ""checkbox label"", ""is_strictly_necessary"": false, ""is_ticked_by_default"": false}, {""title"": ""Apple"", ""is_strictly_necessary"": false, ""is_ticked_by_default"": false}, {""title"": ""Samsung"", ""is_strictly_necessary"": false, ""is_ticked_by_default"": false}, {""title"": ""Cookie List"", ""is_strictly_necessary"": false, ""is_ticked_by_default"": false}, {""title"": ""Back"", ""is_strictly_necessary"": false, ""is_ticked_by_default"": false}, {""title"": ""Totally unlimited 5G data for all."", ""is_strictly_necessary"": false, ""is_ticked_by_default"": false}, {""title"": ""Get Ireland's fastest fibre broadband today."", ""is_strictly_necessary"": false, ""is_ticked_by_default"": false}, {""title"": ""Join our team and transform Irish homes with gigabit fibre"", ""is_strictly_necessary"": false, ""is_ticked_by_default"": false}, {""title"": ""Monday to Friday - 9am to 6pm. Saturday - 9am to 5.30pm."", ""is_strictly_necessary"": false, ""is_ticked_by_default"": false}]",1,[],"eir uses cookies for functionality, performance and marketing purposes. By clicking “Accept All”, you agree to the storing of cookies on your device to enhance your on-site experience and assist in our marketing efforts. We also use cookies to analyse aggregated site usage, which is retained only by eir. To find out more or to opt out of our analytics cookies, visit our Privacy Policy",2,FALSE,FALSE,FALSE,[],0,0,TRUE,FALSE
https://www.aerlingus.com/,2025-06-22T17:37:32.588925,Success,OneTrust,TRUE,TRUE,FALSE,TRUE,privacy statement,TRUE,8,0,1,"[{""title"": ""First Party Performance Cookies"", ""is_strictly_necessary"": false, ""is_ticked_by_default"": false}, {""title"": ""Performance Cookies"", ""is_strictly_necessary"": false, ""is_ticked_by_default"": false}, {""title"": ""Functional Cookies"", ""is_strictly_necessary"": false, ""is_ticked_by_default"": false}, {""title"": ""Targeting Cookies"", ""is_strictly_necessary"": false, ""is_ticked_by_default"": false}, {""title"": ""checkbox label"", ""is_strictly_necessary"": false, ""is_ticked_by_default"": false}, {""title"": ""Manage Consent Preferences"", ""is_strictly_necessary"": false, ""is_ticked_by_default"": false}, {""title"": ""Cookie List"", ""is_strictly_necessary"": false, ""is_ticked_by_default"": false}, {""title"": ""Strictly Necessary"", ""is_strictly_necessary"": true, ""is_ticked_by_default"": false}]",0.8333333333333334,[],"By clicking “Accept All Cookies”, you agree to the storing of cookies on your device which allows us to collect and use data to enhance your browsing experience, analyse traffic, and assist in our marketing efforts. We may also share data with our advertising and social media partners enabling more targeted and personalised advertising. 
For more information see privacy statement and cookie policy.",2,FALSE,FALSE,FALSE,[],0,0,TRUE,FALSE
https://www.ryanair.com/ie/en,2025-06-22T17:37:49.695919,Success,Unknown/Custom,TRUE,FALSE,FALSE,TRUE,we value your privacy,TRUE,4,0,0,"[{""title"": ""Return trip"", ""is_strictly_necessary"": false, ""is_ticked_by_default"": false}, {""title"": ""One way"", ""is_strictly_necessary"": false, ""is_ticked_by_default"": false}, {""title"": ""Apply promo code"", ""is_strictly_necessary"": false, ""is_ticked_by_default"": false}, {""title"": ""From"", ""is_strictly_necessary"": false, ""is_ticked_by_default"": false}]",0.6666666666666666,[],"By clicking “Yes, I agree”, you agree to Ryanair using cookies to improve your browsing experience, to personalise content, to provide social media features and to analyse our traffic. We may also share information with our advertising, analytics and social media partners for their own purposes. You can manage your cookie settings by clicking the “View Cookie Settings” button. For more information on how we process your personal data, please review our Cookie Policy or Privacy Policy.",2,FALSE,FALSE,FALSE,[],0,0,TRUE,FALSE
https://www.buseireann.ie/,2025-06-22T17:38:10.200543,Success,OneTrust,TRUE,TRUE,TRUE,TRUE,more information,TRUE,15,0,1,"[{""title"": ""Functional Cookies"", ""is_strictly_necessary"": false, ""is_ticked_by_default"": false}, {""title"": ""Performance Cookies"", ""is_strictly_necessary"": false, ""is_ticked_by_default"": false}, {""title"": ""Targeting Cookies"", ""is_strictly_necessary"": false, ""is_ticked_by_default"": false}, {""title"": ""checkbox label"", ""is_strictly_necessary"": false, ""is_ticked_by_default"": false}, {""title"": ""Cork Mid-Summer Festival - Diversions"", ""is_strictly_necessary"": false, ""is_ticked_by_default"": false}, {""title"": ""Timetable Alterations effective 29 June 2025"", ""is_strictly_necessary"": false, ""is_ticked_by_default"": false}, {""title"": ""Dublin Pride Parade - Saturday 28 June 2025"", ""is_strictly_necessary"": false, ""is_ticked_by_default"": false}, {""title"": ""Service Disruption"", ""is_strictly_necessary"": false, ""is_ticked_by_default"": false}, {""title"": ""Cork City Services"", ""is_strictly_necessary"": false, ""is_ticked_by_default"": false}, {""title"": ""Galway City Services"", ""is_strictly_necessary"": false, ""is_ticked_by_default"": false}, {""title"": ""Limerick City Services"", ""is_strictly_necessary"": false, ""is_ticked_by_default"": false}, {""title"": ""Waterford City Services"", ""is_strictly_necessary"": false, ""is_ticked_by_default"": false}, {""title"": ""Manage Consent Preferences"", ""is_strictly_necessary"": false, ""is_ticked_by_default"": false}, {""title"": ""Cookie List"", ""is_strictly_necessary"": false, ""is_ticked_by_default"": false}, {""title"": ""Strictly Necessary Cookies"", ""is_strictly_necessary"": true, ""is_ticked_by_default"": false}]",1,[],"By clicking “Accept All Cookies”, you agree to the storing of cookies on your device to enhance site navigation, analyze site usage, and assist in our marketing efforts. More Information",1,FALSE,FALSE,FALSE,[],0,0,TRUE,FALSE
https://www.irishrail.ie/,2025-06-22T17:38:29.478613,Success,Cookiebot,TRUE,FALSE,FALSE,TRUE,accept marketing-cookies,TRUE,39,0,1,"[{""title"": ""Please sign into X to seeour latest postsPosts by @IrishRailWe were unable to load the X API. Please check back again.All Posts"", ""is_strictly_necessary"": false, ""is_ticked_by_default"": false}, {""title"": ""Pleaseaccept marketing-cookiesto see tweets."", ""is_strictly_necessary"": false, ""is_ticked_by_default"": false}, {""title"": ""Necessary"", ""is_strictly_necessary"": false, ""is_ticked_by_default"": false}, {""title"": ""Preferences"", ""is_strictly_necessary"": false, ""is_ticked_by_default"": false}, {""title"": ""Statistics"", ""is_strictly_necessary"": false, ""is_ticked_by_default"": false}, {""title"": ""Marketing"", ""is_strictly_necessary"": false, ""is_ticked_by_default"": false}, {""title"": ""Do not sell or share my personal information"", ""is_strictly_necessary"": false, ""is_ticked_by_default"": false}, {""title"": ""Open Search"", ""is_strictly_necessary"": false, ""is_ticked_by_default"": false}, {""title"": ""Departure station"", ""is_strictly_necessary"": false, ""is_ticked_by_default"": false}, {""title"": ""Arrival station"", ""is_strictly_necessary"": false, ""is_ticked_by_default"": false}, {""title"": ""Type:Single"", ""is_strictly_necessary"": false, ""is_ticked_by_default"": false}, {""title"": ""Type:Return"", ""is_strictly_necessary"": false, ""is_ticked_by_default"": false}, {""title"": ""Outbound Date (dd.mm.yyyy)"", ""is_strictly_necessary"": false, ""is_ticked_by_default"": false}, {""title"": ""Return Date (dd.mm.yyyy)"", ""is_strictly_necessary"": false, ""is_ticked_by_default"": false}, {""title"": ""Outbound Time"", ""is_strictly_necessary"": false, ""is_ticked_by_default"": false}, {""title"": ""Return Time"", ""is_strictly_necessary"": false, ""is_ticked_by_default"": false}, {""title"": ""Passenger"", ""is_strictly_necessary"": false, ""is_ticked_by_default"": false}, {""title"": ""Adult"", ""is_strictly_necessary"": false, ""is_ticked_by_default"": false}, {""title"": ""Child (5 - 18 years)Children under 5 travel for free.Please select \u2018Reservation Only\u2019 for children under 5"", ""is_strictly_necessary"": false, ""is_ticked_by_default"": false}, {""title"": ""Young Adult / Students19 - 25 Years / Full Time(Valid ID Required)"", ""is_strictly_necessary"": true, ""is_ticked_by_default"": false}, {""title"": ""Free Travel PassOption for Public Service Card Holders and Companion Passengers"", ""is_strictly_necessary"": false, ""is_ticked_by_default"": false}, {""title"": ""Reservation OnlyFor passengers with a valid ticket or children under 5"", ""is_strictly_necessary"": false, ""is_ticked_by_default"": false}, {""title"": ""Adult wheelchair space19+ years"", ""is_strictly_necessary"": false, ""is_ticked_by_default"": false}, {""title"": ""Child wheelchair space5-18 years"", ""is_strictly_necessary"": false, ""is_ticked_by_default"": false}, {""title"": ""Young Adult / Students wheelchair space"", ""is_strictly_necessary"": false, ""is_ticked_by_default"": false}, {""title"": ""Free Travel Pass wheelchair space"", ""is_strictly_necessary"": false, ""is_ticked_by_default"": false}, {""title"": ""Reservation Only wheelchair space"", ""is_strictly_necessary"": false, ""is_ticked_by_default"": false}, {""title"": ""Wheelchair User:Passenger 1 (Adult)"", ""is_strictly_necessary"": false, ""is_ticked_by_default"": false}, {""title"": ""Bike Space"", ""is_strictly_necessary"": false, ""is_ticked_by_default"": false}, {""title"": ""Enter a station"", ""is_strictly_necessary"": false, ""is_ticked_by_default"": false}, {""title"": ""Consent Selection"", ""is_strictly_necessary"": false, ""is_ticked_by_default"": false}, {""title"": ""Book now"", ""is_strictly_necessary"": false, ""is_ticked_by_default"": false}, {""title"": ""Book Now"", ""is_strictly_necessary"": false, ""is_ticked_by_default"": false}, {""title"": ""More Information"", ""is_strictly_necessary"": false, ""is_ticked_by_default"": false}, {""title"": ""About Us"", ""is_strictly_necessary"": false, ""is_ticked_by_default"": false}, {""title"": ""Fares and Tickets"", ""is_strictly_necessary"": false, ""is_ticked_by_default"": false}, {""title"": ""Timetables"", ""is_strictly_necessary"": false, ""is_ticked_by_default"": false}, {""title"": ""Travel Information"", ""is_strictly_necessary"": false, ""is_ticked_by_default"": false}, {""title"": ""Follow us"", ""is_strictly_necessary"": false, ""is_ticked_by_default"": false}]",0.6666666666666666,[],,4,FALSE,FALSE,FALSE,[],0,0,TRUE,FALSE
https://www.dublinbus.ie/,2025-06-22T17:38:52.712654,Success,Cookiebot,TRUE,FALSE,FALSE,TRUE,show details,TRUE,8,0,0,"[{""title"": ""Necessary"", ""is_strictly_necessary"": false, ""is_ticked_by_default"": false}, {""title"": ""Preferences"", ""is_strictly_necessary"": false, ""is_ticked_by_default"": false}, {""title"": ""Statistics"", ""is_strictly_necessary"": false, ""is_ticked_by_default"": false}, {""title"": ""Marketing"", ""is_strictly_necessary"": false, ""is_ticked_by_default"": false}, {""title"": ""Do not sell or share my personal information"", ""is_strictly_necessary"": false, ""is_ticked_by_default"": false}, {""title"": ""Enter search criteria"", ""is_strictly_necessary"": false, ""is_ticked_by_default"": false}, {""title"": ""Search"", ""is_strictly_necessary"": false, ""is_ticked_by_default"": false}, {""title"": ""Consent Selection"", ""is_strictly_necessary"": false, ""is_ticked_by_default"": false}]",0.6666666666666666,[],"We use cookies to personalise content and ads, to provide social media features and to analyse our traffic. We also share information about your use of our site with our social media, advertising and analytics partners who may combine it with other information that you’ve provided to them or that they’ve collected from your use of their services.",6,FALSE,FALSE,FALSE,[],0,0,TRUE,FALSE
https://www.luas.ie/,2025-06-22T17:39:16.956028,Success,OneTrust,TRUE,TRUE,TRUE,TRUE,manage preferences,TRUE,17,0,1,"[{""title"": ""Strictly Necessary Cookies"", ""is_strictly_necessary"": true, ""is_ticked_by_default"": false}, {""title"": ""Analytical Cookies"", ""is_strictly_necessary"": false, ""is_ticked_by_default"": false}, {""title"": ""Functional Cookies"", ""is_strictly_necessary"": false, ""is_ticked_by_default"": false}, {""title"": ""Cookies"", ""is_strictly_necessary"": false, ""is_ticked_by_default"": false}, {""title"": ""Site Search"", ""is_strictly_necessary"": false, ""is_ticked_by_default"": false}, {""title"": ""Line"", ""is_strictly_necessary"": false, ""is_ticked_by_default"": false}, {""title"": ""Luas Stop Information"", ""is_strictly_necessary"": false, ""is_ticked_by_default"": false}, {""title"": ""Select Stop"", ""is_strictly_necessary"": false, ""is_ticked_by_default"": false}, {""title"": ""If you are human, leave this field blank."", ""is_strictly_necessary"": false, ""is_ticked_by_default"": false}, {""title"": ""checkbox label"", ""is_strictly_necessary"": false, ""is_ticked_by_default"": false}, {""title"": ""Poll"", ""is_strictly_necessary"": false, ""is_ticked_by_default"": false}, {""title"": ""Pay your Standard Fare notice"", ""is_strictly_necessary"": false, ""is_ticked_by_default"": false}, {""title"": ""Latest News"", ""is_strictly_necessary"": false, ""is_ticked_by_default"": false}, {""title"": ""Cookie List"", ""is_strictly_necessary"": false, ""is_ticked_by_default"": false}, {""title"": ""Map"", ""is_strictly_necessary"": false, ""is_ticked_by_default"": false}, {""title"": ""Journey Planner"", ""is_strictly_necessary"": false, ""is_ticked_by_default"": false}, {""title"": ""Luas Poll"", ""is_strictly_necessary"": false, ""is_ticked_by_default"": false}]",1,[],"We use cookies on this site to enable the site to function and to analyse your visit. We have embedded a Power BI dashboard and a Rezoomo jobs list on the website and as a result, both vendors set certain cookies. You can Accept All, Reject All or Manage your cookie preferences. You will find further information on specific cookies set here.Cookie Information",1,FALSE,FALSE,FALSE,[],0,0,TRUE,FALSE
https://www.revenue.ie/,2025-06-22T17:39:37.085166,Failed,Unknown/Custom,FALSE,FALSE,FALSE,FALSE,,FALSE,0,0,0,[],0,['No consent banner found with any selector'],,0,FALSE,FALSE,FALSE,[],0,0,FALSE,FALSE
https://www.gov.ie/,2025-06-22T17:39:47.474727,Success,Unknown/Custom,TRUE,TRUE,FALSE,TRUE,"a notice about cookies
this website uses cookies to collect information about how you use this site. this information is used to make the website work as well as possible. more details available in our cookie and privacy policies.
accept all cookies
necessary cookies only
manage cookies",TRUE,6,0,0,"[{""title"": ""menuclose"", ""is_strictly_necessary"": false, ""is_ticked_by_default"": false}, {""title"": ""Allow"", ""is_strictly_necessary"": false, ""is_ticked_by_default"": false}, {""title"": ""Manage cookie preferences"", ""is_strictly_necessary"": false, ""is_ticked_by_default"": false}, {""title"": ""Cookies that help with our communications"", ""is_strictly_necessary"": false, ""is_ticked_by_default"": false}, {""title"": ""Search gov.ie"", ""is_strictly_necessary"": false, ""is_ticked_by_default"": false}, {""title"": ""Cookie preferences"", ""is_strictly_necessary"": false, ""is_ticked_by_default"": false}]",0.8333333333333334,[],This website uses cookies to collect information about how you use this site. This information is used to make the website work as well as possible. More details available in our cookie and privacy policies.,0,FALSE,FALSE,FALSE,[],0,0,TRUE,FALSE
https://www.citizensinformation.ie/,2025-06-22T17:40:02.102596,Success,Unknown/Custom,TRUE,TRUE,TRUE,TRUE,privacy policy,TRUE,13,0,0,"[{""title"": ""Allow analytics cookies"", ""is_strictly_necessary"": false, ""is_ticked_by_default"": false}, {""title"": ""Cookies used by Google Analytics"", ""is_strictly_necessary"": false, ""is_ticked_by_default"": false}, {""title"": ""What we use the information for"", ""is_strictly_necessary"": false, ""is_ticked_by_default"": false}, {""title"": ""Third-party services on citizensinformation.ie"", ""is_strictly_necessary"": false, ""is_ticked_by_default"": false}, {""title"": ""Links on citizensinformation.ie"", ""is_strictly_necessary"": false, ""is_ticked_by_default"": false}, {""title"": ""Hosting"", ""is_strictly_necessary"": false, ""is_ticked_by_default"": false}, {""title"": ""Web browser"", ""is_strictly_necessary"": false, ""is_ticked_by_default"": false}, {""title"": ""IP address"", ""is_strictly_necessary"": false, ""is_ticked_by_default"": false}, {""title"": ""Related documents"", ""is_strictly_necessary"": false, ""is_ticked_by_default"": false}, {""title"": ""Contact Us"", ""is_strictly_necessary"": false, ""is_ticked_by_default"": false}, {""title"": ""I am..."", ""is_strictly_necessary"": false, ""is_ticked_by_default"": false}, {""title"": ""I want to..."", ""is_strictly_necessary"": false, ""is_ticked_by_default"": false}, {""title"": ""Find a Citizens Information Centre in your area:"", ""is_strictly_necessary"": false, ""is_ticked_by_default"": false}]",1,[],"We use cookies to collect information about how you use citizensinformation.ie. This helps us to improve your experience. You can find out more about the cookies we use in our Cookie notice. You can also read our Privacy policy.

You can accept all cookies or you can chose which cookies to accept or reject. You can change your cookie preferences at any time by using the My cookie preferences link at the bottom of each page.",1,FALSE,FALSE,FALSE,[],0,0,TRUE,FALSE
https://www.hse.ie/,2025-06-22T17:40:19.948929,Success,OneTrust,TRUE,TRUE,FALSE,TRUE,privacy statement,TRUE,10,0,1,"[{""title"": ""Functional CookiesFunctional CookiesFunctional cookies remember the choices you've made and provide enhanced, more personal features.Cookies Details\u200e"", ""is_strictly_necessary"": false, ""is_ticked_by_default"": false}, {""title"": ""Search the website"", ""is_strictly_necessary"": false, ""is_ticked_by_default"": false}, {""title"": ""Analytical Cookies"", ""is_strictly_necessary"": false, ""is_ticked_by_default"": false}, {""title"": ""Functional Cookies"", ""is_strictly_necessary"": false, ""is_ticked_by_default"": false}, {""title"": ""YouTube Cookies"", ""is_strictly_necessary"": false, ""is_ticked_by_default"": false}, {""title"": ""checkbox label"", ""is_strictly_necessary"": false, ""is_ticked_by_default"": false}, {""title"": ""Warning notification:Warning"", ""is_strictly_necessary"": false, ""is_ticked_by_default"": false}, {""title"": ""Manage Consent Preferences"", ""is_strictly_necessary"": false, ""is_ticked_by_default"": false}, {""title"": ""Cookie List"", ""is_strictly_necessary"": false, ""is_ticked_by_default"": false}, {""title"": ""Strictly Necessary Cookies"", ""is_strictly_necessary"": true, ""is_ticked_by_default"": false}]",0.8333333333333334,[],"We use strictly necessary cookies to make our site work. We would also like to set optional cookies (analytical, functional and YouTube) to enhance and improve our service. You can opt-out of these cookies. By clicking “Accept All Cookies” you can agree to the use of all cookies. Cookie Statement and Privacy Statement",2,FALSE,FALSE,FALSE,[],0,0,TRUE,FALSE
https://www.bonkers.ie/,2025-06-22T17:40:38.817192,Success,OneTrust,TRUE,TRUE,FALSE,TRUE,i accept,TRUE,23,0,1,"[{""title"": ""Functional Cookies"", ""is_strictly_necessary"": false, ""is_ticked_by_default"": false}, {""title"": ""Performance Cookies"", ""is_strictly_necessary"": false, ""is_ticked_by_default"": false}, {""title"": ""Targeting Cookies"", ""is_strictly_necessary"": false, ""is_ticked_by_default"": false}, {""title"": ""Vendor Search"", ""is_strictly_necessary"": false, ""is_ticked_by_default"": false}, {""title"": ""checkbox label"", ""is_strictly_necessary"": false, ""is_ticked_by_default"": false}, {""title"": ""Save an average of \u20ac802* on your Gas & Electricity bills"", ""is_strictly_necessary"": false, ""is_ticked_by_default"": false}, {""title"": ""Get up to a 15% discount on your Car Insurance"", ""is_strictly_necessary"": false, ""is_ticked_by_default"": false}, {""title"": ""Get your Mortgage with our free broker service"", ""is_strictly_necessary"": false, ""is_ticked_by_default"": false}, {""title"": ""Get your Life Insurance with our free service"", ""is_strictly_necessary"": false, ""is_ticked_by_default"": false}, {""title"": ""Get the best broadband deal from just \u20ac30*"", ""is_strictly_necessary"": false, ""is_ticked_by_default"": false}, {""title"": ""It's easy to switch your household bills with bonkers.ie"", ""is_strictly_necessary"": false, ""is_ticked_by_default"": false}, {""title"": ""Here\u2019s why you should use bonkers.ie"", ""is_strictly_necessary"": false, ""is_ticked_by_default"": false}, {""title"": ""Is bonkers.ie really free?"", ""is_strictly_necessary"": false, ""is_ticked_by_default"": false}, {""title"": ""We're regulated"", ""is_strictly_necessary"": false, ""is_ticked_by_default"": false}, {""title"": ""We\u2019re 100% Irish - Guaranteed!"", ""is_strictly_necessary"": false, ""is_ticked_by_default"": false}, {""title"": ""Trusted by Ireland\u2019s top providers"", ""is_strictly_necessary"": false, ""is_ticked_by_default"": false}, {""title"": ""Manage Consent Preferences"", ""is_strictly_necessary"": false, ""is_ticked_by_default"": false}, {""title"": ""We Value Your Privacy"", ""is_strictly_necessary"": false, ""is_ticked_by_default"": false}, {""title"": ""Strictly Necessary Cookies"", ""is_strictly_necessary"": true, ""is_ticked_by_default"": false}, {""title"": ""Compare, Switch, Save"", ""is_strictly_necessary"": false, ""is_ticked_by_default"": false}, {""title"": ""Company"", ""is_strictly_necessary"": false, ""is_ticked_by_default"": false}, {""title"": ""Contact"", ""is_strictly_necessary"": false, ""is_ticked_by_default"": false}, {""title"": ""Connect with us:"", ""is_strictly_necessary"": false, ""is_ticked_by_default"": false}]",0.8333333333333334,[],"Like most companies we use cookies to help manage our website. Some of these cookies are necessary to ensure our site functions properly.

Others are optional and help us with site analytics, social media features and our marketing efforts, which in turn help us to provide a seamless online experience as well as a free service to our users. Cookies are used for ads personalisation.

You can choose to accept all cookies or only the ones that you are happy to opt in to.",2,FALSE,FALSE,FALSE,[],0,0,TRUE,FALSE
https://www.bordgaisenergy.ie/,2025-06-22T17:40:57.347784,Success,OneTrust,TRUE,TRUE,FALSE,TRUE,manage my preferences,TRUE,33,0,1,"[{""title"": ""First Party Analytical Cookies"", ""is_strictly_necessary"": false, ""is_ticked_by_default"": false}, {""title"": ""Functional Cookies"", ""is_strictly_necessary"": false, ""is_ticked_by_default"": false}, {""title"": ""Targeting Cookies"", ""is_strictly_necessary"": false, ""is_ticked_by_default"": false}, {""title"": ""checkbox label"", ""is_strictly_necessary"": false, ""is_ticked_by_default"": false}, {""title"": ""Get 20% off services"", ""is_strictly_necessary"": false, ""is_ticked_by_default"": false}, {""title"": ""Choose an electricity, gas or dual fuel plan"", ""is_strictly_necessary"": false, ""is_ticked_by_default"": false}, {""title"": ""Switch on to solar power"", ""is_strictly_necessary"": false, ""is_ticked_by_default"": false}, {""title"": ""Home energy efficiency services"", ""is_strictly_necessary"": false, ""is_ticked_by_default"": false}, {""title"": ""Charge more, get charged less"", ""is_strictly_necessary"": false, ""is_ticked_by_default"": false}, {""title"": ""10 years of supporting Focus Ireland"", ""is_strictly_necessary"": false, ""is_ticked_by_default"": false}, {""title"": ""Manage Consent Preferences"", ""is_strictly_necessary"": false, ""is_ticked_by_default"": false}, {""title"": ""Back"", ""is_strictly_necessary"": false, ""is_ticked_by_default"": false}, {""title"": ""Hot summer savings that won't last"", ""is_strictly_necessary"": false, ""is_ticked_by_default"": false}, {""title"": ""\u20ac400 off* and SEAI grant funding"", ""is_strictly_necessary"": false, ""is_ticked_by_default"": false}, {""title"": ""Save \u20ac150 on your electricity bill"", ""is_strictly_necessary"": false, ""is_ticked_by_default"": false}, {""title"": ""Strictly Necessary Cookies"", ""is_strictly_necessary"": true, ""is_ticked_by_default"": false}, {""title"": ""Energy Plans & Pricing"", ""is_strictly_necessary"": false, ""is_ticked_by_default"": false}, {""title"": ""Services"", ""is_strictly_necessary"": false, ""is_ticked_by_default"": false}, {""title"": ""Solar & Home Upgrades"", ""is_strictly_necessary"": false, ""is_ticked_by_default"": false}, {""title"": ""MyRewards"", ""is_strictly_necessary"": false, ""is_ticked_by_default"": false}, {""title"": ""My Account"", ""is_strictly_necessary"": false, ""is_ticked_by_default"": false}, {""title"": ""Help & Support"", ""is_strictly_necessary"": false, ""is_ticked_by_default"": false}, {""title"": ""Find your ideal plan"", ""is_strictly_necessary"": false, ""is_ticked_by_default"": false}, {""title"": ""Smart Weekend dual fuel plan"", ""is_strictly_necessary"": false, ""is_ticked_by_default"": false}, {""title"": ""Our best standard electricity plan"", ""is_strictly_necessary"": false, ""is_ticked_by_default"": false}, {""title"": ""Our best standard gas plan"", ""is_strictly_necessary"": false, ""is_ticked_by_default"": false}, {""title"": ""Boiler replacement"", ""is_strictly_necessary"": false, ""is_ticked_by_default"": false}, {""title"": ""20% off boiler service"", ""is_strictly_necessary"": false, ""is_ticked_by_default"": false}, {""title"": ""EV charger installation"", ""is_strictly_necessary"": false, ""is_ticked_by_default"": false}, {""title"": ""Heat pump installation"", ""is_strictly_necessary"": false, ""is_ticked_by_default"": false}, {""title"": ""Journey to net zero"", ""is_strictly_necessary"": false, ""is_ticked_by_default"": false}, {""title"": ""Emergency gas number"", ""is_strictly_necessary"": false, ""is_ticked_by_default"": false}, {""title"": ""Need support with payments?"", ""is_strictly_necessary"": false, ""is_ticked_by_default"": false}]",0.8333333333333334,[],"By clicking “Accept All Cookies”, you agree to the storing of cookies on your device to enhance site navigation, personalise content, analyse site usage, provide social media features and assist in our marketing efforts. You can change your cookie preferences to enable or disable any of the functions mentioned by clicking ""Manage My Preferences"" or learn more in our Cookie Notice.
Cookie Notice",4,FALSE,FALSE,FALSE,[],0,0,TRUE,FALSE
https://www.electricireland.ie/,2025-06-22T17:41:16.180087,Success,OneTrust,TRUE,TRUE,FALSE,TRUE,"our website uses cookies and other similar technologies which are strictly necessary for it to function. these are enabled by default and cannot be disabled. we would also like to use additional cookies to analyse how you use our website, and to deliver personalised content and advertising. you can enable these additional cookies by selecting “accept all” or enable specific cookie categories under “cookie settings”. you can adjust your cookie preferences at any time via “cookie settings” linked below within our website’s footer.
cookie settings accept all",TRUE,55,0,1,"[{""title"": ""Strictly Necessary Cookies"", ""is_strictly_necessary"": true, ""is_ticked_by_default"": false}, {""title"": ""Performance Cookies"", ""is_strictly_necessary"": false, ""is_ticked_by_default"": false}, {""title"": ""Functional Cookies"", ""is_strictly_necessary"": false, ""is_ticked_by_default"": false}, {""title"": ""Targeting & Advertising Cookies"", ""is_strictly_necessary"": false, ""is_ticked_by_default"": false}, {""title"": ""Cookie Settings Overview"", ""is_strictly_necessary"": false, ""is_ticked_by_default"": false}, {""title"": ""checkbox label"", ""is_strictly_necessary"": false, ""is_ticked_by_default"": false}, {""title"": ""Smart meter price plans"", ""is_strictly_necessary"": false, ""is_ticked_by_default"": false}, {""title"": ""Electricity price plans"", ""is_strictly_necessary"": false, ""is_ticked_by_default"": false}, {""title"": ""Gas price plans"", ""is_strictly_necessary"": false, ""is_ticked_by_default"": false}, {""title"": ""Dual fuel price plans"", ""is_strictly_necessary"": false, ""is_ticked_by_default"": false}, {""title"": ""Existing customer offer"", ""is_strictly_necessary"": false, ""is_ticked_by_default"": false}, {""title"": ""Electric vehicle night boost"", ""is_strictly_necessary"": false, ""is_ticked_by_default"": false}, {""title"": ""Heat pump price plans"", ""is_strictly_necessary"": false, ""is_ticked_by_default"": false}, {""title"": ""Net Zero hub"", ""is_strictly_necessary"": false, ""is_ticked_by_default"": false}, {""title"": ""Smart meters"", ""is_strictly_necessary"": false, ""is_ticked_by_default"": false}, {""title"": ""Solar PV for homes"", ""is_strictly_necessary"": false, ""is_ticked_by_default"": false}, {""title"": ""EV home chargers"", ""is_strictly_necessary"": false, ""is_ticked_by_default"": false}, {""title"": ""Heat pump solutions\u200b"", ""is_strictly_necessary"": false, ""is_ticked_by_default"": false}, {""title"": ""Microgeneration"", ""is_strictly_necessary"": false, ""is_ticked_by_default"": false}, {""title"": ""Superhomes"", ""is_strictly_necessary"": false, ""is_ticked_by_default"": false}, {""title"": ""Smart meter plans"", ""is_strictly_necessary"": false, ""is_ticked_by_default"": false}, {""title"": ""My account login"", ""is_strictly_necessary"": false, ""is_ticked_by_default"": false}, {""title"": ""Mobile app download"", ""is_strictly_necessary"": false, ""is_ticked_by_default"": false}, {""title"": ""Customer online services"", ""is_strictly_necessary"": false, ""is_ticked_by_default"": false}, {""title"": ""Customer support hub"", ""is_strictly_necessary"": false, ""is_ticked_by_default"": false}, {""title"": ""Make a card payment"", ""is_strictly_necessary"": false, ""is_ticked_by_default"": false}, {""title"": ""PAYG top up & login"", ""is_strictly_necessary"": false, ""is_ticked_by_default"": false}, {""title"": ""Equal payments"", ""is_strictly_necessary"": false, ""is_ticked_by_default"": false}, {""title"": ""Submit meter reading"", ""is_strictly_necessary"": false, ""is_ticked_by_default"": false}, {""title"": ""Set up a payment plan"", ""is_strictly_necessary"": false, ""is_ticked_by_default"": false}, {""title"": ""Billing & Payments"", ""is_strictly_necessary"": false, ""is_ticked_by_default"": false}, {""title"": ""Account & mobile app"", ""is_strictly_necessary"": false, ""is_ticked_by_default"": false}, {""title"": ""Meters & smart meters"", ""is_strictly_necessary"": false, ""is_ticked_by_default"": false}, {""title"": ""Pay As You Go"", ""is_strictly_necessary"": false, ""is_ticked_by_default"": false}, {""title"": ""Move home, close & join"", ""is_strictly_necessary"": false, ""is_ticked_by_default"": false}, {""title"": ""Safety & emergencies"", ""is_strictly_necessary"": false, ""is_ticked_by_default"": false}, {""title"": ""Contact us"", ""is_strictly_necessary"": false, ""is_ticked_by_default"": false}, {""title"": ""Latest news"", ""is_strictly_necessary"": false, ""is_ticked_by_default"": false}, {""title"": ""Our sponsorships"", ""is_strictly_necessary"": false, ""is_ticked_by_default"": false}, {""title"": ""Company information"", ""is_strictly_necessary"": false, ""is_ticked_by_default"": false}, {""title"": ""Customer service guarantees"", ""is_strictly_necessary"": false, ""is_ticked_by_default"": false}, {""title"": ""Emergency information"", ""is_strictly_necessary"": false, ""is_ticked_by_default"": false}, {""title"": ""Vulnerable customers"", ""is_strictly_necessary"": false, ""is_ticked_by_default"": false}, {""title"": ""Electric Ireland Rewards"", ""is_strictly_necessary"": false, ""is_ticked_by_default"": false}, {""title"": ""Summer solar PV offer: get a free solar battery worth \u20ac2,950"", ""is_strictly_necessary"": false, ""is_ticked_by_default"": false}, {""title"": ""EV Home Chargers\u200b"", ""is_strictly_necessary"": false, ""is_ticked_by_default"": false}, {""title"": ""Electric Ireland GAA Minor Championships"", ""is_strictly_necessary"": false, ""is_ticked_by_default"": false}, {""title"": ""Electric Ireland Camogie Minor Championships"", ""is_strictly_necessary"": false, ""is_ticked_by_default"": false}, {""title"": ""My account"", ""is_strictly_necessary"": false, ""is_ticked_by_default"": false}, {""title"": ""Helpful links"", ""is_strictly_necessary"": false, ""is_ticked_by_default"": false}, {""title"": ""About us"", ""is_strictly_necessary"": false, ""is_ticked_by_default"": false}, {""title"": ""Legal"", ""is_strictly_necessary"": false, ""is_ticked_by_default"": false}, {""title"": ""Looks like you're based in theRepublic of Ireland"", ""is_strictly_necessary"": false, ""is_ticked_by_default"": false}, {""title"": ""Looks like you're based inNorthern Ireland"", ""is_strictly_necessary"": false, ""is_ticked_by_default"": false}, {""title"": ""Cookie List"", ""is_strictly_necessary"": false, ""is_ticked_by_default"": false}]",0.8333333333333334,[],"Our website uses cookies and other similar technologies which are strictly necessary for it to function. These are enabled by default and cannot be disabled. We would also like to use additional cookies to analyse how you use our website, and to deliver personalised content and advertising. You can enable these additional cookies by selecting “Accept All” or enable specific cookie categories under “Cookie Settings”. You can adjust your cookie preferences at any time via “Cookie Settings” linked below within our website’s footer.",1,FALSE,FALSE,FALSE,[],0,0,TRUE,FALSE
https://www.bankofireland.com/,2025-06-22T17:41:33.254758,Success,OneTrust,TRUE,TRUE,FALSE,TRUE,necessary only,TRUE,78,0,1,"[{""title"": ""Performance Cookies"", ""is_strictly_necessary"": false, ""is_ticked_by_default"": false}, {""title"": ""Functional Cookies"", ""is_strictly_necessary"": false, ""is_ticked_by_default"": false}, {""title"": ""Advertising Cookies"", ""is_strictly_necessary"": false, ""is_ticked_by_default"": false}, {""title"": ""checkbox label"", ""is_strictly_necessary"": false, ""is_ticked_by_default"": false}, {""title"": ""The new EcoSaver Mortgage. For everyone."", ""is_strictly_necessary"": false, ""is_ticked_by_default"": false}, {""title"": ""Don\u2019t let small problems, become bigger"", ""is_strictly_necessary"": false, ""is_ticked_by_default"": false}, {""title"": ""Open a Current Account"", ""is_strictly_necessary"": false, ""is_ticked_by_default"": false}, {""title"": ""Wondering which borrowing option is right for you?"", ""is_strictly_necessary"": false, ""is_ticked_by_default"": false}, {""title"": ""Financial Wellbeing"", ""is_strictly_necessary"": false, ""is_ticked_by_default"": false}, {""title"": ""Tools & Calculators"", ""is_strictly_necessary"": false, ""is_ticked_by_default"": false}, {""title"": ""Help & Support"", ""is_strictly_necessary"": false, ""is_ticked_by_default"": false}, {""title"": ""Security Zone"", ""is_strictly_necessary"": false, ""is_ticked_by_default"": false}, {""title"": ""Business"", ""is_strictly_necessary"": false, ""is_ticked_by_default"": false}, {""title"": ""Premier"", ""is_strictly_necessary"": false, ""is_ticked_by_default"": false}, {""title"": ""Corporate"", ""is_strictly_necessary"": false, ""is_ticked_by_default"": false}, {""title"": ""Digital"", ""is_strictly_necessary"": false, ""is_ticked_by_default"": false}, {""title"": ""Phone"", ""is_strictly_necessary"": false, ""is_ticked_by_default"": false}, {""title"": ""Branch"", ""is_strictly_necessary"": false, ""is_ticked_by_default"": false}, {""title"": ""Register for 365 Online"", ""is_strictly_necessary"": false, ""is_ticked_by_default"": false}, {""title"": ""FATCA / CRS"", ""is_strictly_necessary"": false, ""is_ticked_by_default"": false}, {""title"": ""Arrears Support"", ""is_strictly_necessary"": false, ""is_ticked_by_default"": false}, {""title"": ""Tracker Mortgage Examination"", ""is_strictly_necessary"": false, ""is_ticked_by_default"": false}, {""title"": ""Unregulated Activity"", ""is_strictly_necessary"": false, ""is_ticked_by_default"": false}, {""title"": ""Bank of Ireland Help centreFrequently asked questions"", ""is_strictly_necessary"": false, ""is_ticked_by_default"": false}, {""title"": ""@talktoBOITalk to us on Twitter"", ""is_strictly_necessary"": false, ""is_ticked_by_default"": false}, {""title"": ""365 online Service DeskLogin to 365 online"", ""is_strictly_necessary"": false, ""is_ticked_by_default"": false}, {""title"": ""Send us a mailFill out a quick form online"", ""is_strictly_necessary"": false, ""is_ticked_by_default"": false}, {""title"": ""Useful NumbersUseful & Freephone emergency numbers"", ""is_strictly_necessary"": false, ""is_ticked_by_default"": false}, {""title"": ""Manage Consent Preferences"", ""is_strictly_necessary"": false, ""is_ticked_by_default"": false}, {""title"": ""Cookie List"", ""is_strictly_necessary"": false, ""is_ticked_by_default"": false}, {""title"": ""Mortgages"", ""is_strictly_necessary"": false, ""is_ticked_by_default"": false}, {""title"": ""The new EcoSaver Mortgage"", ""is_strictly_necessary"": false, ""is_ticked_by_default"": false}, {""title"": ""Mortgage services"", ""is_strictly_necessary"": false, ""is_ticked_by_default"": false}, {""title"": ""Loans"", ""is_strictly_necessary"": false, ""is_ticked_by_default"": false}, {""title"": ""More borrowing options"", ""is_strictly_necessary"": false, ""is_ticked_by_default"": false}, {""title"": ""Credit Cards"", ""is_strictly_necessary"": false, ""is_ticked_by_default"": false}, {""title"": ""Card services"", ""is_strictly_necessary"": false, ""is_ticked_by_default"": false}, {""title"": ""Current Accounts"", ""is_strictly_necessary"": false, ""is_ticked_by_default"": false}, {""title"": ""Current account services"", ""is_strictly_necessary"": false, ""is_ticked_by_default"": false}, {""title"": ""Savings Accounts"", ""is_strictly_necessary"": false, ""is_ticked_by_default"": false}, {""title"": ""Try our savings comparison tool"", ""is_strictly_necessary"": false, ""is_ticked_by_default"": false}, {""title"": ""International Payments"", ""is_strictly_necessary"": false, ""is_ticked_by_default"": false}, {""title"": ""Insurance"", ""is_strictly_necessary"": false, ""is_ticked_by_default"": false}, {""title"": ""Insurance news"", ""is_strictly_necessary"": false, ""is_ticked_by_default"": false}, {""title"": ""Protection"", ""is_strictly_necessary"": false, ""is_ticked_by_default"": false}, {""title"": ""Buying a home?"", ""is_strictly_necessary"": false, ""is_ticked_by_default"": false}, {""title"": ""Individual Pensions"", ""is_strictly_necessary"": false, ""is_ticked_by_default"": false}, {""title"": ""Company Pensions"", ""is_strictly_necessary"": false, ""is_ticked_by_default"": false}, {""title"": ""Investments"", ""is_strictly_necessary"": false, ""is_ticked_by_default"": false}, {""title"": ""Try our investment calculator"", ""is_strictly_necessary"": false, ""is_ticked_by_default"": false}, {""title"": ""I am an existing customer"", ""is_strictly_necessary"": false, ""is_ticked_by_default"": false}, {""title"": ""Online branch services"", ""is_strictly_necessary"": false, ""is_ticked_by_default"": false}, {""title"": ""Other services"", ""is_strictly_necessary"": false, ""is_ticked_by_default"": false}, {""title"": ""Green Hub"", ""is_strictly_necessary"": false, ""is_ticked_by_default"": false}, {""title"": ""Money Worries"", ""is_strictly_necessary"": false, ""is_ticked_by_default"": false}, {""title"": ""We're here to help"", ""is_strictly_necessary"": false, ""is_ticked_by_default"": false}, {""title"": ""It's rewarding to keep in touch"", ""is_strictly_necessary"": false, ""is_ticked_by_default"": false}, {""title"": ""We're here to help you through significant life moments"", ""is_strictly_necessary"": false, ""is_ticked_by_default"": false}, {""title"": ""Digital Banking"", ""is_strictly_necessary"": false, ""is_ticked_by_default"": false}, {""title"": ""Online banking has changed"", ""is_strictly_necessary"": false, ""is_ticked_by_default"": false}, {""title"": ""Phone Banking"", ""is_strictly_necessary"": false, ""is_ticked_by_default"": false}, {""title"": ""Register for 365 online"", ""is_strictly_necessary"": false, ""is_ticked_by_default"": false}, {""title"": ""Branch Banking"", ""is_strictly_necessary"": false, ""is_ticked_by_default"": false}, {""title"": ""Workplace Banking"", ""is_strictly_necessary"": false, ""is_ticked_by_default"": false}, {""title"": ""Help and Support"", ""is_strictly_necessary"": false, ""is_ticked_by_default"": false}, {""title"": ""Complete your self-certification:"", ""is_strictly_necessary"": false, ""is_ticked_by_default"": false}, {""title"": ""More information:"", ""is_strictly_necessary"": false, ""is_ticked_by_default"": false}, {""title"": ""We\u2019re here to help get you back in control of your finances and deal with arrears"", ""is_strictly_necessary"": false, ""is_ticked_by_default"": false}, {""title"": ""Malware Fraud Alert"", ""is_strictly_necessary"": false, ""is_ticked_by_default"": false}, {""title"": ""Fraud Alert"", ""is_strictly_necessary"": false, ""is_ticked_by_default"": false}, {""title"": ""Get your free Financial Wellbeing Score"", ""is_strictly_necessary"": false, ""is_ticked_by_default"": false}, {""title"": ""Strictly Necessary Cookies"", ""is_strictly_necessary"": true, ""is_ticked_by_default"": false}, {""title"": ""I want to..."", ""is_strictly_necessary"": false, ""is_ticked_by_default"": false}, {""title"": ""I want to learn more about\u2026"", ""is_strictly_necessary"": false, ""is_ticked_by_default"": false}, {""title"": ""Shorter Term Savings"", ""is_strictly_necessary"": false, ""is_ticked_by_default"": false}, {""title"": ""Your Life & Family"", ""is_strictly_necessary"": false, ""is_ticked_by_default"": false}, {""title"": ""Where you live"", ""is_strictly_necessary"": false, ""is_ticked_by_default"": false}, {""title"": ""Education"", ""is_strictly_necessary"": false, ""is_ticked_by_default"": false}]",0.8333333333333334,[],"Some cookies that we use are necessary for our websites and apps to operate, while others improve performance and functionality. We (and our advertising partners) also use advertising cookies, so that we can show you advertising you may be interested in. Tap Accept All Cookies if you agree to these. Tap Manage Cookie Settings to choose the types of cookies you’re happy to allow. You can change your cookie settings at any time and find more information in our cookies policy.",3,FALSE,FALSE,FALSE,[],0,0,TRUE,FALSE
https://www.aib.ie/,2025-06-22T17:41:51.616860,Success,OneTrust,TRUE,TRUE,FALSE,TRUE,adjust my preferences,TRUE,32,0,1,"[{""title"": ""Strictly Necessary Cookies"", ""is_strictly_necessary"": true, ""is_ticked_by_default"": false}, {""title"": ""Performance Cookies"", ""is_strictly_necessary"": false, ""is_ticked_by_default"": false}, {""title"": ""Functional Cookies"", ""is_strictly_necessary"": false, ""is_ticked_by_default"": false}, {""title"": ""Targeting Cookies"", ""is_strictly_necessary"": false, ""is_ticked_by_default"": false}, {""title"": ""Contact us todayWe\u2019re here to help. Talk to us, when and where it suits you."", ""is_strictly_necessary"": false, ""is_ticked_by_default"": false}, {""title"": ""Are you worried about payments?More information on how we can help you here."", ""is_strictly_necessary"": false, ""is_ticked_by_default"": false}, {""title"": ""MortgagesCheck out our range of mortgage options."", ""is_strictly_necessary"": false, ""is_ticked_by_default"": false}, {""title"": ""Savings & DepositsWe're here to help you start saving today."", ""is_strictly_necessary"": false, ""is_ticked_by_default"": false}, {""title"": ""InsuranceGet protected\u00a0and take life\u2019s twists and turns in your stride."", ""is_strictly_necessary"": false, ""is_ticked_by_default"": false}, {""title"": ""LoansCheck out what loans we have to offer."", ""is_strictly_necessary"": false, ""is_ticked_by_default"": false}, {""title"": ""Are you worried about payments?Find out more on how we can help you here."", ""is_strictly_necessary"": false, ""is_ticked_by_default"": false}, {""title"": ""Concerned about Fraud?Find out how to protect yourself from fraud on our Security Centre."", ""is_strictly_necessary"": false, ""is_ticked_by_default"": false}, {""title"": ""For small to medium-sized businessesBusiness BankingLearn more about Business Banking"", ""is_strictly_necessary"": false, ""is_ticked_by_default"": false}, {""title"": ""For large businesses or institutionsCorporate BankingMore about Corporate banking"", ""is_strictly_necessary"": false, ""is_ticked_by_default"": false}, {""title"": ""For high-net-worth individualsPrivate BankingMore on Private Banking"", ""is_strictly_necessary"": false, ""is_ticked_by_default"": false}, {""title"": ""PersonalBusinessCapital MarketsClimate CapitalPrivateGroupSustainabilitySwitch to Northern Ireland"", ""is_strictly_necessary"": false, ""is_ticked_by_default"": false}, {""title"": ""About Cookies"", ""is_strictly_necessary"": false, ""is_ticked_by_default"": false}, {""title"": ""Conduct a search"", ""is_strictly_necessary"": false, ""is_ticked_by_default"": false}, {""title"": ""checkbox label"", ""is_strictly_necessary"": false, ""is_ticked_by_default"": false}, {""title"": ""Sustainability"", ""is_strictly_necessary"": false, ""is_ticked_by_default"": false}, {""title"": ""MyMortgage tool"", ""is_strictly_necessary"": false, ""is_ticked_by_default"": false}, {""title"": ""Contact us today"", ""is_strictly_necessary"": false, ""is_ticked_by_default"": false}, {""title"": ""Are you worried about payments?"", ""is_strictly_necessary"": false, ""is_ticked_by_default"": false}, {""title"": ""Mortgages"", ""is_strictly_necessary"": false, ""is_ticked_by_default"": false}, {""title"": ""Savings & Deposits"", ""is_strictly_necessary"": false, ""is_ticked_by_default"": false}, {""title"": ""Insurance"", ""is_strictly_necessary"": false, ""is_ticked_by_default"": false}, {""title"": ""Loans"", ""is_strictly_necessary"": false, ""is_ticked_by_default"": false}, {""title"": ""Concerned about Fraud?"", ""is_strictly_necessary"": false, ""is_ticked_by_default"": false}, {""title"": ""Business Banking"", ""is_strictly_necessary"": false, ""is_ticked_by_default"": false}, {""title"": ""Corporate Banking"", ""is_strictly_necessary"": false, ""is_ticked_by_default"": false}, {""title"": ""Private Banking"", ""is_strictly_necessary"": false, ""is_ticked_by_default"": false}, {""title"": ""Vendors List"", ""is_strictly_necessary"": false, ""is_ticked_by_default"": false}]",0.8333333333333334,[],"We use cookies to personalise this website and our ads for you. We also use them to improve how the site functions and to share with our partners how the site is used. We only do this with your consent. You can choose to “Allow all” cookies or accept only some with “Adjust my preferences”. You can reject all non-essential cookies by choosing to “Accept only necessary” cookies. Disabling some cookies may change what you see on the site, how it works and the services we offer you. To find out more, see ourCookie Policy",5,FALSE,FALSE,FALSE,[],0,0,TRUE,FALSE
https://www.permanenttsb.ie/,2025-06-22T17:42:18.338894,Success,OneTrust,TRUE,TRUE,TRUE,TRUE,manage preferences,TRUE,20,0,0,"[{""title"": ""Necessary"", ""is_strictly_necessary"": false, ""is_ticked_by_default"": false}, {""title"": ""Functional Cookies"", ""is_strictly_necessary"": false, ""is_ticked_by_default"": false}, {""title"": ""Performance Analytics"", ""is_strictly_necessary"": false, ""is_ticked_by_default"": false}, {""title"": ""Marketing"", ""is_strictly_necessary"": false, ""is_ticked_by_default"": false}, {""title"": ""Cookie Consent Management"", ""is_strictly_necessary"": false, ""is_ticked_by_default"": false}, {""title"": ""Search"", ""is_strictly_necessary"": false, ""is_ticked_by_default"": false}, {""title"": ""checkbox label"", ""is_strictly_necessary"": false, ""is_ticked_by_default"": false}, {""title"": ""Move to PTSB"", ""is_strictly_necessary"": false, ""is_ticked_by_default"": false}, {""title"": ""Mortgages"", ""is_strictly_necessary"": false, ""is_ticked_by_default"": false}, {""title"": ""Insurance"", ""is_strictly_necessary"": false, ""is_ticked_by_default"": false}, {""title"": ""Loans"", ""is_strictly_necessary"": false, ""is_ticked_by_default"": false}, {""title"": ""Cookie List"", ""is_strictly_necessary"": false, ""is_ticked_by_default"": false}, {""title"": ""Financial Wellbeing"", ""is_strictly_necessary"": false, ""is_ticked_by_default"": false}, {""title"": ""PTSB Protect"", ""is_strictly_necessary"": false, ""is_ticked_by_default"": false}, {""title"": ""Help with Banking"", ""is_strictly_necessary"": false, ""is_ticked_by_default"": false}, {""title"": ""Contact us"", ""is_strictly_necessary"": false, ""is_ticked_by_default"": false}, {""title"": ""Repayment Difficulties"", ""is_strictly_necessary"": false, ""is_ticked_by_default"": false}, {""title"": ""Accounts and Products"", ""is_strictly_necessary"": false, ""is_ticked_by_default"": false}, {""title"": ""About us"", ""is_strictly_necessary"": false, ""is_ticked_by_default"": false}, {""title"": ""Need help?"", ""is_strictly_necessary"": false, ""is_ticked_by_default"": false}]",1,[],"We use cookies to make our websites work, enhance your browsing experience and provide advertising we believe might be of interest to you. We categorise cookies as Necessary, Functional, Performance Analytics (used to analyse site performance) and Marketing (used to tailor advertising to your needs). You can select “Accept All” to agree to all of these cookies, or only opt in to what you are happy to accept using “Manage Preferences”. You can change your cookie settings at any time and learn more about how we use cookies in our Cookie Notice",1,FALSE,FALSE,FALSE,[],0,0,TRUE,FALSE
https://www.ulsterbank.ie/,2025-06-22T17:42:42.694185,Success,OneTrust,TRUE,FALSE,FALSE,TRUE,manage preferences,TRUE,14,0,1,"[{""title"": ""Search"", ""is_strictly_necessary"": false, ""is_ticked_by_default"": false}, {""title"": ""Customer Experience"", ""is_strictly_necessary"": false, ""is_ticked_by_default"": false}, {""title"": ""Functional Cookies"", ""is_strictly_necessary"": false, ""is_ticked_by_default"": false}, {""title"": ""Performance Cookies"", ""is_strictly_necessary"": false, ""is_ticked_by_default"": false}, {""title"": ""Targeting Cookies"", ""is_strictly_necessary"": false, ""is_ticked_by_default"": false}, {""title"": ""checkbox label"", ""is_strictly_necessary"": false, ""is_ticked_by_default"": false}, {""title"": ""Ulster Bank Ireland DAC"", ""is_strictly_necessary"": false, ""is_ticked_by_default"": false}, {""title"": ""Useful Links"", ""is_strictly_necessary"": false, ""is_ticked_by_default"": false}, {""title"": ""Manage Consent Preferences"", ""is_strictly_necessary"": false, ""is_ticked_by_default"": false}, {""title"": ""Cookie List"", ""is_strictly_necessary"": false, ""is_ticked_by_default"": false}, {""title"": ""Contact Us"", ""is_strictly_necessary"": false, ""is_ticked_by_default"": false}, {""title"": ""Ulydien Trust Company Limited"", ""is_strictly_necessary"": false, ""is_ticked_by_default"": false}, {""title"": ""Be Fraud Aware"", ""is_strictly_necessary"": false, ""is_ticked_by_default"": false}, {""title"": ""Strictly Necessary Cookies"", ""is_strictly_necessary"": true, ""is_ticked_by_default"": false}]",0.6666666666666666,[],"We use cookies to ensure our website works properly. To help us improve our service, we collect data to understand how people use our site. By allowing all cookies, we can enhance your experience even further. This means helping you find information more quickly and tailoring content or marketing to your needs. Select “Allow All Cookies” to agree or “Manage Preferences” to manage cookie settings. You can find out more by viewing our Cookie Policy.",1,FALSE,FALSE,FALSE,[],0,0,TRUE,FALSE
https://www.creditunion.ie/,2025-06-22T17:42:59.748884,Success,OneTrust,TRUE,TRUE,TRUE,TRUE,manage settings,TRUE,15,0,1,"[{""title"": ""Strictly Necessary Cookies"", ""is_strictly_necessary"": true, ""is_ticked_by_default"": false}, {""title"": ""Performance Cookies"", ""is_strictly_necessary"": false, ""is_ticked_by_default"": false}, {""title"": ""Functional Cookies"", ""is_strictly_necessary"": false, ""is_ticked_by_default"": false}, {""title"": ""Advertising & Marketing Cookies"", ""is_strictly_necessary"": false, ""is_ticked_by_default"": false}, {""title"": ""Your Privacy"", ""is_strictly_necessary"": false, ""is_ticked_by_default"": false}, {""title"": ""Search:"", ""is_strictly_necessary"": false, ""is_ticked_by_default"": false}, {""title"": ""Vendor Search"", ""is_strictly_necessary"": false, ""is_ticked_by_default"": false}, {""title"": ""checkbox label"", ""is_strictly_necessary"": false, ""is_ticked_by_default"": false}, {""title"": ""Latest News"", ""is_strictly_necessary"": false, ""is_ticked_by_default"": false}, {""title"": ""Credit Union loan book surpasses \u20ac6bn for first time since 2008"", ""is_strictly_necessary"": false, ""is_ticked_by_default"": false}, {""title"": ""Economic uncertainty and cost-of-living concerns lead to slightly softer NI consumer confidence"", ""is_strictly_necessary"": false, ""is_ticked_by_default"": false}, {""title"": ""Credit Unions support Volunteers Week across Northern Ireland"", ""is_strictly_necessary"": false, ""is_ticked_by_default"": false}, {""title"": ""Follow us"", ""is_strictly_necessary"": false, ""is_ticked_by_default"": false}, {""title"": ""Back ButtonBack"", ""is_strictly_necessary"": false, ""is_ticked_by_default"": false}, {""title"": ""This website uses cookies"", ""is_strictly_necessary"": false, ""is_ticked_by_default"": false}]",1,[],"We use cookies to ensure our website works correctly for you. They help us to understand when and how the website is used, as well as enabling us to work with our service providers to show advertising that we believe will be relevant to you. By clicking Accept all Cookies you agree to the use of all cookies. You can manage your cookie settings by clicking Manage Settings. To find out more about how we use cookies please read our Cookie Policy.",2,FALSE,FALSE,FALSE,[],0,0,TRUE,FALSE
https://www.dcu.ie/,2025-06-22T17:43:16.223687,Partial (Interaction Failed),Cookiebot,TRUE,FALSE,FALSE,FALSE,,FALSE,0,0,0,[],0,['No clickable elements found in banner'],DCU researchers collaborate on international data drive project tracking online hate at all levels of competitive football,0,FALSE,FALSE,FALSE,[],0,0,FALSE,FALSE
https://www.tcd.ie/,2025-06-22T17:43:27.458673,Success,OneTrust,TRUE,TRUE,FALSE,TRUE,close,TRUE,13,0,1,"[{""title"": ""Search text"", ""is_strictly_necessary"": false, ""is_ticked_by_default"": false}, {""title"": ""Search"", ""is_strictly_necessary"": false, ""is_ticked_by_default"": false}, {""title"": ""Performance Cookies"", ""is_strictly_necessary"": false, ""is_ticked_by_default"": false}, {""title"": ""Advertising and Marketing Cookies"", ""is_strictly_necessary"": false, ""is_ticked_by_default"": false}, {""title"": ""Functional Cookies"", ""is_strictly_necessary"": false, ""is_ticked_by_default"": false}, {""title"": ""checkbox label"", ""is_strictly_necessary"": false, ""is_ticked_by_default"": false}, {""title"": ""Trinity climbs to 75th place in 2026 QS World University Rankings"", ""is_strictly_necessary"": false, ""is_ticked_by_default"": false}, {""title"": ""Three new Trinity projects to address climate challenges"", ""is_strictly_necessary"": false, ""is_ticked_by_default"": false}, {""title"": ""Scientists solve 30-year micronutrient mystery, opening door to new medical research"", ""is_strictly_necessary"": false, ""is_ticked_by_default"": false}, {""title"": ""Connect with us"", ""is_strictly_necessary"": false, ""is_ticked_by_default"": false}, {""title"": ""Manage Consent Preferences"", ""is_strictly_necessary"": false, ""is_ticked_by_default"": false}, {""title"": ""Cookie List"", ""is_strictly_necessary"": false, ""is_ticked_by_default"": false}, {""title"": ""Strictly Necessary Cookies"", ""is_strictly_necessary"": true, ""is_ticked_by_default"": false}]",0.8333333333333334,[],"Trinity College Dublin uses cookies to enable our website to operate, improve your browsing experience and provide personalised advertising which we believe may be of interest to you. By clicking “Accept All Cookies” you consent to the use of all cookies including social media and advertising cookies. You can choose to not accept certain cookies however this may impact on your browsing experience. Select “Cookies Settings” to find out more and customise your preferences. For further information please see our Cookie Policy",1,FALSE,FALSE,FALSE,[],0,0,TRUE,FALSE
https://www.ucc.ie/,2025-06-22T17:43:52.708821,Success,OneTrust,TRUE,TRUE,TRUE,TRUE,"about cookies
we use necessary cookies to make our site work. we’d also like to set other cookies to help us improve the browsing experience and assist in our marketing efforts. these will be set only if you accept. you can control the categories of cookies enabled by selecting the options within this banner. you can also get more information, and modify your cookie preferences at any time by clicking on the cookie settings button, within our cookie policy
cookies settings reject all cookies accept all cookies",TRUE,17,0,1,"[{""title"": ""Strictly Necessary Cookies"", ""is_strictly_necessary"": true, ""is_ticked_by_default"": false}, {""title"": ""Functional Cookies"", ""is_strictly_necessary"": false, ""is_ticked_by_default"": false}, {""title"": ""Performance Cookies"", ""is_strictly_necessary"": false, ""is_ticked_by_default"": false}, {""title"": ""Targeting Cookies"", ""is_strictly_necessary"": false, ""is_ticked_by_default"": false}, {""title"": ""Your Privacy"", ""is_strictly_necessary"": false, ""is_ticked_by_default"": false}, {""title"": ""Site Search Text"", ""is_strictly_necessary"": false, ""is_ticked_by_default"": false}, {""title"": ""Website"", ""is_strictly_necessary"": false, ""is_ticked_by_default"": false}, {""title"": ""People"", ""is_strictly_necessary"": false, ""is_ticked_by_default"": false}, {""title"": ""Courses"", ""is_strictly_necessary"": false, ""is_ticked_by_default"": false}, {""title"": ""Switch Label"", ""is_strictly_necessary"": false, ""is_ticked_by_default"": false}, {""title"": ""checkbox label"", ""is_strictly_necessary"": false, ""is_ticked_by_default"": false}, {""title"": ""Search UCC.ie"", ""is_strictly_necessary"": false, ""is_ticked_by_default"": false}, {""title"": ""UCC ranked inside the top 250 universities in the world"", ""is_strictly_necessary"": false, ""is_ticked_by_default"": false}, {""title"": ""University College Cork announces appointment of new Head of College of Arts, Celtic Studies and Social Sciences"", ""is_strictly_necessary"": false, ""is_ticked_by_default"": false}, {""title"": ""UCC Secures Major EU Funding for XR Cancer Survivorship Project"", ""is_strictly_necessary"": false, ""is_ticked_by_default"": false}, {""title"": ""Towards a Stronger Europe"", ""is_strictly_necessary"": false, ""is_ticked_by_default"": false}, {""title"": ""Back"", ""is_strictly_necessary"": false, ""is_ticked_by_default"": false}]",1,[],"We use necessary cookies to make our site work. We’d also like to set other cookies to help us improve the browsing experience and assist in our marketing efforts. These will be set only if you accept. You can control the categories of cookies enabled by selecting the options within this banner. You can also get more information, and modify your cookie preferences at any time by clicking on the cookie settings button, within our Cookie Policy",1,FALSE,FALSE,FALSE,[],0,0,TRUE,FALSE
https://www.nuigalway.ie/,2025-06-22T17:44:18.977182,Success,Unknown/Custom,TRUE,FALSE,FALSE,TRUE,functionality:,TRUE,41,0,0,"[{""title"": ""Functionality:"", ""is_strictly_necessary"": false, ""is_ticked_by_default"": false}, {""title"": ""Your preferences:"", ""is_strictly_necessary"": false, ""is_ticked_by_default"": false}, {""title"": ""Analytics:"", ""is_strictly_necessary"": false, ""is_ticked_by_default"": false}, {""title"": ""Ads:"", ""is_strictly_necessary"": false, ""is_ticked_by_default"": false}, {""title"": ""Choose a study level"", ""is_strictly_necessary"": false, ""is_ticked_by_default"": false}, {""title"": ""Search words (e.g. Subject / course name)"", ""is_strictly_necessary"": false, ""is_ticked_by_default"": false}, {""title"": ""Manage Cookies"", ""is_strictly_necessary"": false, ""is_ticked_by_default"": false}, {""title"": ""Gateway Pages"", ""is_strictly_necessary"": false, ""is_ticked_by_default"": false}, {""title"": ""Quicklinks"", ""is_strictly_necessary"": false, ""is_ticked_by_default"": false}, {""title"": ""Research"", ""is_strictly_necessary"": false, ""is_ticked_by_default"": false}, {""title"": ""Undergraduate"", ""is_strictly_necessary"": false, ""is_ticked_by_default"": false}, {""title"": ""Postgraduate"", ""is_strictly_necessary"": false, ""is_ticked_by_default"": false}, {""title"": ""Latest University News"", ""is_strictly_necessary"": false, ""is_ticked_by_default"": false}, {""title"": ""Open Days"", ""is_strictly_necessary"": false, ""is_ticked_by_default"": false}, {""title"": ""Prospective Global Students"", ""is_strictly_necessary"": false, ""is_ticked_by_default"": false}, {""title"": ""PhDs & Research Programmes"", ""is_strictly_necessary"": false, ""is_ticked_by_default"": false}, {""title"": ""Join the global Alumni network"", ""is_strictly_necessary"": false, ""is_ticked_by_default"": false}, {""title"": ""Leading Research Globally"", ""is_strictly_necessary"": false, ""is_ticked_by_default"": false}, {""title"": ""Prospective Students"", ""is_strictly_necessary"": false, ""is_ticked_by_default"": false}, {""title"": ""5th"", ""is_strictly_necessary"": false, ""is_ticked_by_default"": false}, {""title"": ""284"", ""is_strictly_necessary"": false, ""is_ticked_by_default"": false}, {""title"": ""79%"", ""is_strictly_necessary"": false, ""is_ticked_by_default"": false}, {""title"": ""334m"", ""is_strictly_necessary"": false, ""is_ticked_by_default"": false}, {""title"": ""110"", ""is_strictly_necessary"": false, ""is_ticked_by_default"": false}, {""title"": ""80m"", ""is_strictly_necessary"": false, ""is_ticked_by_default"": false}, {""title"": ""About University of Galway"", ""is_strictly_necessary"": false, ""is_ticked_by_default"": false}, {""title"": ""CONTACT"", ""is_strictly_necessary"": false, ""is_ticked_by_default"": false}, {""title"": ""Connect"", ""is_strictly_necessary"": false, ""is_ticked_by_default"": false}, {""title"": ""Courses"", ""is_strictly_necessary"": false, ""is_ticked_by_default"": false}, {""title"": ""University Life"", ""is_strictly_necessary"": false, ""is_ticked_by_default"": false}, {""title"": ""About University\u00a0of\u00a0Galway"", ""is_strictly_necessary"": false, ""is_ticked_by_default"": false}, {""title"": ""Colleges &\u00a0Schools"", ""is_strictly_necessary"": false, ""is_ticked_by_default"": false}, {""title"": ""Research & Innovation"", ""is_strictly_necessary"": false, ""is_ticked_by_default"": false}, {""title"": ""Guiding Breakthrough Research at University of Galway"", ""is_strictly_necessary"": false, ""is_ticked_by_default"": false}, {""title"": ""Alumni & Friends"", ""is_strictly_necessary"": false, ""is_ticked_by_default"": false}, {""title"": ""Community Engagement"", ""is_strictly_necessary"": false, ""is_ticked_by_default"": false}, {""title"": ""Students"", ""is_strictly_necessary"": false, ""is_ticked_by_default"": false}, {""title"": ""Staff"", ""is_strictly_necessary"": false, ""is_ticked_by_default"": false}, {""title"": ""University of Sanctuary Scholarships open to mark World\u2026"", ""is_strictly_necessary"": false, ""is_ticked_by_default"": false}, {""title"": ""Red squirrels show survival tactics in the face of native\u2026"", ""is_strictly_necessary"": false, ""is_ticked_by_default"": false}, {""title"": ""University of Galway #1 in Ireland and Top 5 in EU for\u2026"", ""is_strictly_necessary"": false, ""is_ticked_by_default"": false}]",0.6666666666666666,[],"Some features need cookies to work properly. Cookies also let us (a) remember your preferences, (b) collect anonymous usage statistics, and (c) see how well our online ads are working.. No personal data is stored on these cookies but, under EU law, we still need to ask you this every 6 months. To learn more about our use of cookies, view our Privacy Policy.",2,TRUE,FALSE,FALSE,[],0,0,TRUE,FALSE
https://www.ul.ie/,2025-06-22T17:44:36.535102,Success,Cookiebot,TRUE,FALSE,FALSE,TRUE,"explore
our campus
start virtual tour",TRUE,20,0,0,"[{""title"": ""Exploreour campusstart virtual tour"", ""is_strictly_necessary"": false, ""is_ticked_by_default"": false}, {""title"": ""Necessary"", ""is_strictly_necessary"": false, ""is_ticked_by_default"": false}, {""title"": ""Preferences"", ""is_strictly_necessary"": false, ""is_ticked_by_default"": false}, {""title"": ""Statistics"", ""is_strictly_necessary"": false, ""is_ticked_by_default"": false}, {""title"": ""Marketing"", ""is_strictly_necessary"": false, ""is_ticked_by_default"": false}, {""title"": ""Do not sell or share my personal information"", ""is_strictly_necessary"": false, ""is_ticked_by_default"": false}, {""title"": ""Site search"", ""is_strictly_necessary"": false, ""is_ticked_by_default"": false}, {""title"": ""Consent Selection"", ""is_strictly_necessary"": false, ""is_ticked_by_default"": false}, {""title"": ""Necessary cookies"", ""is_strictly_necessary"": false, ""is_ticked_by_default"": false}, {""title"": ""Preference Cookies"", ""is_strictly_necessary"": false, ""is_ticked_by_default"": false}, {""title"": ""Statistics Cookies"", ""is_strictly_necessary"": false, ""is_ticked_by_default"": false}, {""title"": ""Marketing Cookies"", ""is_strictly_necessary"": false, ""is_ticked_by_default"": false}, {""title"": ""Managing Cookies"", ""is_strictly_necessary"": false, ""is_ticked_by_default"": false}, {""title"": ""Further Information and Contact Details"", ""is_strictly_necessary"": false, ""is_ticked_by_default"": false}, {""title"": ""The Campus"", ""is_strictly_necessary"": false, ""is_ticked_by_default"": false}, {""title"": ""Accommodation"", ""is_strictly_necessary"": false, ""is_ticked_by_default"": false}, {""title"": ""Co-op"", ""is_strictly_necessary"": false, ""is_ticked_by_default"": false}, {""title"": ""Glucksman Library"", ""is_strictly_necessary"": false, ""is_ticked_by_default"": false}, {""title"": ""Student Gateway"", ""is_strictly_necessary"": false, ""is_ticked_by_default"": false}, {""title"": ""Staff Gateway"", ""is_strictly_necessary"": false, ""is_ticked_by_default"": false}]",0.6666666666666666,[],,3,FALSE,FALSE,FALSE,[],0,0,TRUE,FALSE
https://www.maynoothuniversity.ie/,2025-06-22T17:44:52.795754,Success,Cookiebot,TRUE,FALSE,FALSE,TRUE,cookie declaration,TRUE,14,0,0,"[{""title"": ""Necessary"", ""is_strictly_necessary"": false, ""is_ticked_by_default"": false}, {""title"": ""Preferences"", ""is_strictly_necessary"": false, ""is_ticked_by_default"": false}, {""title"": ""Statistics"", ""is_strictly_necessary"": false, ""is_ticked_by_default"": false}, {""title"": ""Marketing"", ""is_strictly_necessary"": false, ""is_ticked_by_default"": false}, {""title"": ""Do not sell or share my personal information"", ""is_strictly_necessary"": false, ""is_ticked_by_default"": false}, {""title"": ""Search"", ""is_strictly_necessary"": false, ""is_ticked_by_default"": false}, {""title"": ""Consent Selection"", ""is_strictly_necessary"": false, ""is_ticked_by_default"": false}, {""title"": ""What is a cookie?"", ""is_strictly_necessary"": false, ""is_ticked_by_default"": false}, {""title"": ""How does Maynooth University use Cookies, including Third Party Cookies?"", ""is_strictly_necessary"": false, ""is_ticked_by_default"": false}, {""title"": ""Cookies and collecti\u200bon and use of technical information"", ""is_strictly_necessary"": false, ""is_ticked_by_default"": false}, {""title"": ""Third party cookies"", ""is_strictly_necessary"": false, ""is_ticked_by_default"": false}, {""title"": ""Managing Cookies"", ""is_strictly_necessary"": false, ""is_ticked_by_default"": false}, {""title"": ""Web Browsing"", ""is_strictly_necessary"": false, ""is_ticked_by_default"": false}, {""title"": ""This Cookies Notice relates towww.maynoothuniversity.ie"", ""is_strictly_necessary"": false, ""is_ticked_by_default"": false}]",0.6666666666666666,[],We use cookies on this website for various reasons to enhance the user expereience and analyse content and behaviour on our site. We use this data to help us get you to the information you want quickly improve our user journeys.,14,FALSE,FALSE,FALSE,[],0,0,TRUE,FALSE
https://www.tudublin.ie/,2025-06-22T17:45:14.344768,Success,OneTrust,TRUE,FALSE,FALSE,TRUE,close,TRUE,13,0,0,"[{""title"": ""Search"", ""is_strictly_necessary"": false, ""is_ticked_by_default"": false}, {""title"": ""Find Your Course"", ""is_strictly_necessary"": false, ""is_ticked_by_default"": false}, {""title"": ""Popular Links"", ""is_strictly_necessary"": false, ""is_ticked_by_default"": false}, {""title"": ""Celebrating a Decade of Success: TU Dublin-Hainan University joint BSc Event Management Graduation in Haikou, China"", ""is_strictly_necessary"": false, ""is_ticked_by_default"": false}, {""title"": ""Dr M\u00e1irt\u00edn Mac Con Iomaire and Dr Dorothy Cashman Win International Book Award"", ""is_strictly_necessary"": false, ""is_ticked_by_default"": false}, {""title"": ""Campus Opening Hours - Summer 2025"", ""is_strictly_necessary"": false, ""is_ticked_by_default"": false}, {""title"": ""TU Dublin Launches \u20ac13.6 Million ARISE Programme to Drive SME Innovation and Economic Growth Across Eastern and Midlands Region"", ""is_strictly_necessary"": false, ""is_ticked_by_default"": false}, {""title"": ""#WeAreTUDublin"", ""is_strictly_necessary"": false, ""is_ticked_by_default"": false}, {""title"": ""140+"", ""is_strictly_necessary"": false, ""is_ticked_by_default"": false}, {""title"": ""400+"", ""is_strictly_necessary"": false, ""is_ticked_by_default"": false}, {""title"": ""100+"", ""is_strictly_necessary"": false, ""is_ticked_by_default"": false}, {""title"": ""27,000+"", ""is_strictly_necessary"": false, ""is_ticked_by_default"": false}, {""title"": ""3,000+"", ""is_strictly_necessary"": false, ""is_ticked_by_default"": false}]",0.6666666666666666,[],"By clicking “Allow All”, you agree to the storing of cookies on your device to enhance site navigation, analyse site usage, and assist in our marketing efforts.Cookie Notice",2,FALSE,FALSE,FALSE,[],0,0,TRUE,FALSE
https://www.supervalu.ie/,2025-06-22T17:45:30.541125,Success,OneTrust,TRUE,TRUE,TRUE,TRUE,"musgrave value your privacy
we use cookies and similar technologies to help our websites and apps work properly and to personalise your experience. we and our partners may use information about your devices, your online interactions and you, to provide, analyse and improve our services. this may include personalising content or advertising for you. click “accept all” below to consent to the use of all of this technology and any associated processing of your personal data for these purposes. click “cookie settings” to select which cookies to consent to. you can change your mind and change your consent choices at any time by clicking “cookie settings” or by returning to this site. see our cookie policy for more informationcookie policy
cookies settings
reject all cookies accept all cookies",TRUE,15,0,1,"[{""title"": ""Recipe Search"", ""is_strictly_necessary"": false, ""is_ticked_by_default"": false}, {""title"": ""Performance Cookies"", ""is_strictly_necessary"": false, ""is_ticked_by_default"": false}, {""title"": ""Functional Cookies"", ""is_strictly_necessary"": false, ""is_ticked_by_default"": false}, {""title"": ""Targeting Cookies"", ""is_strictly_necessary"": false, ""is_ticked_by_default"": false}, {""title"": ""checkbox label"", ""is_strictly_necessary"": false, ""is_ticked_by_default"": false}, {""title"": ""Scan To Win"", ""is_strictly_necessary"": false, ""is_ticked_by_default"": false}, {""title"": ""Sumer Real Food Magazine"", ""is_strictly_necessary"": false, ""is_ticked_by_default"": false}, {""title"": ""Competitions"", ""is_strictly_necessary"": false, ""is_ticked_by_default"": false}, {""title"": ""About SuperValu"", ""is_strictly_necessary"": false, ""is_ticked_by_default"": false}, {""title"": ""Help Area"", ""is_strictly_necessary"": false, ""is_ticked_by_default"": false}, {""title"": ""Useful Links"", ""is_strictly_necessary"": false, ""is_ticked_by_default"": false}, {""title"": ""Follow us"", ""is_strictly_necessary"": false, ""is_ticked_by_default"": false}, {""title"": ""Manage Consent Preferences"", ""is_strictly_necessary"": false, ""is_ticked_by_default"": false}, {""title"": ""Cookie List"", ""is_strictly_necessary"": false, ""is_ticked_by_default"": false}, {""title"": ""Strictly Necessary Cookies"", ""is_strictly_necessary"": true, ""is_ticked_by_default"": false}]",1,[],"We use cookies and similar technologies to help our websites and apps work properly and to personalise your experience. We and our partners may use information about your devices, your online interactions and you, to provide, analyse and improve our services. This may include personalising content or advertising for you. Click “Accept All” below to consent to the use of all of this technology and any associated processing of your personal data for these purposes. Click “Cookie Settings” to select which cookies to consent to. You can change your mind and change your consent choices at any time by clicking “Cookie Settings” or by returning to this site. See our Cookie Policy for more informationCookie Policy",2,FALSE,FALSE,FALSE,[],0,0,TRUE,FALSE
https://www.tesco.ie/,2025-06-22T17:45:45.812016,Partial (Interaction Failed),Unknown/Custom,TRUE,FALSE,FALSE,FALSE,,FALSE,0,0,0,[],0,['No clickable elements found in banner'],,0,FALSE,FALSE,FALSE,[],0,0,FALSE,FALSE
https://www.lidl.ie/,2025-06-22T17:45:55.615004,Success,OneTrust,TRUE,TRUE,TRUE,TRUE,our websites,TRUE,9,0,0,"[{""title"": ""Show more12/21"", ""is_strictly_necessary"": false, ""is_ticked_by_default"": false}, {""title"": ""Contact us"", ""is_strictly_necessary"": false, ""is_ticked_by_default"": false}, {""title"": ""Preferences"", ""is_strictly_necessary"": false, ""is_ticked_by_default"": false}, {""title"": ""Statistics"", ""is_strictly_necessary"": false, ""is_ticked_by_default"": false}, {""title"": ""Marketing"", ""is_strictly_necessary"": false, ""is_ticked_by_default"": false}, {""title"": ""checkbox label"", ""is_strictly_necessary"": false, ""is_ticked_by_default"": false}, {""title"": ""Manage Consent Preferences"", ""is_strictly_necessary"": false, ""is_ticked_by_default"": false}, {""title"": ""Cookie List"", ""is_strictly_necessary"": false, ""is_ticked_by_default"": false}, {""title"": ""Necessary"", ""is_strictly_necessary"": false, ""is_ticked_by_default"": false}]",1,[],,1,FALSE,FALSE,FALSE,[],0,0,TRUE,FALSE
https://www.aldi.ie/,2025-06-22T17:46:18.214021,Success,OneTrust,TRUE,TRUE,TRUE,TRUE,set choices,TRUE,12,0,1,"[{""title"": ""Search"", ""is_strictly_necessary"": false, ""is_ticked_by_default"": false}, {""title"": ""Performance Cookies"", ""is_strictly_necessary"": false, ""is_ticked_by_default"": false}, {""title"": ""Functional Cookies"", ""is_strictly_necessary"": false, ""is_ticked_by_default"": false}, {""title"": ""Marketing Cookies"", ""is_strictly_necessary"": false, ""is_ticked_by_default"": false}, {""title"": ""checkbox label"", ""is_strictly_necessary"": false, ""is_ticked_by_default"": false}, {""title"": ""About ALDI"", ""is_strictly_necessary"": false, ""is_ticked_by_default"": false}, {""title"": ""Help"", ""is_strictly_necessary"": false, ""is_ticked_by_default"": false}, {""title"": ""Find Us on the Web"", ""is_strictly_necessary"": false, ""is_ticked_by_default"": false}, {""title"": ""Manage Consent Preferences"", ""is_strictly_necessary"": false, ""is_ticked_by_default"": false}, {""title"": ""Cookie List"", ""is_strictly_necessary"": false, ""is_ticked_by_default"": false}, {""title"": ""Recent Searches"", ""is_strictly_necessary"": false, ""is_ticked_by_default"": false}, {""title"": ""Strictly Necessary Cookies"", ""is_strictly_necessary"": true, ""is_ticked_by_default"": false}]",1,[],"By clicking “Accept All”, you agree to the storing of cookies on your device to enhance site navigation, analyse site usage, and assist in our marketing efforts. By clicking “Reject All” only Strictly Necessary cookies will be used.
Cookie Policy",1,FALSE,FALSE,FALSE,[],0,0,TRUE,FALSE
https://www.dunnesstores.com/,2025-06-22T17:46:39.072076,Success,OneTrust,TRUE,TRUE,FALSE,TRUE,detailed selection,TRUE,16,0,1,"[{""title"": ""New InWomenLingerieMenKidsSchoolHomeReductionsOur Brands"", ""is_strictly_necessary"": false, ""is_ticked_by_default"": false}, {""title"": ""Performance Cookies"", ""is_strictly_necessary"": false, ""is_ticked_by_default"": false}, {""title"": ""Functional Cookies"", ""is_strictly_necessary"": false, ""is_ticked_by_default"": false}, {""title"": ""Targeting Cookies"", ""is_strictly_necessary"": false, ""is_ticked_by_default"": false}, {""title"": ""Vendor Search"", ""is_strictly_necessary"": false, ""is_ticked_by_default"": false}, {""title"": ""checkbox label"", ""is_strictly_necessary"": false, ""is_ticked_by_default"": false}, {""title"": ""Gallery"", ""is_strictly_necessary"": false, ""is_ticked_by_default"": false}, {""title"": ""Paul Costelloe Living Studio"", ""is_strictly_necessary"": false, ""is_ticked_by_default"": false}, {""title"": ""Privacy Preference Center"", ""is_strictly_necessary"": false, ""is_ticked_by_default"": false}, {""title"": ""Manage Consent Preferences"", ""is_strictly_necessary"": false, ""is_ticked_by_default"": false}, {""title"": ""Back ButtonPerformance Cookies"", ""is_strictly_necessary"": false, ""is_ticked_by_default"": false}, {""title"": ""33Across"", ""is_strictly_necessary"": false, ""is_ticked_by_default"": false}, {""title"": ""Cookies"", ""is_strictly_necessary"": false, ""is_ticked_by_default"": false}, {""title"": ""Strictly Necessary Cookies"", ""is_strictly_necessary"": true, ""is_ticked_by_default"": false}, {""title"": ""host description"", ""is_strictly_necessary"": false, ""is_ticked_by_default"": false}, {""title"": ""View Cookies"", ""is_strictly_necessary"": false, ""is_ticked_by_default"": false}]",0.8333333333333334,[],"By clicking “Accept All Cookies”, you agree to the storing of cookies on your device to enhance site navigation, analyse site usage, and assist in our marketing efforts.Cookie Policy",1,FALSE,FALSE,FALSE,[],0,0,TRUE,FALSE
https://www.brownthomas.com/,2025-06-22T17:46:58.249104,Success,OneTrust,TRUE,FALSE,FALSE,TRUE,set my preferences,TRUE,15,0,1,"[{""title"": ""BeautyWomenBagsMensChildrenHomeElectrical"", ""is_strictly_necessary"": false, ""is_ticked_by_default"": false}, {""title"": ""Search the site"", ""is_strictly_necessary"": false, ""is_ticked_by_default"": false}, {""title"": ""Performance Cookies"", ""is_strictly_necessary"": false, ""is_ticked_by_default"": false}, {""title"": ""Functional Cookies"", ""is_strictly_necessary"": false, ""is_ticked_by_default"": false}, {""title"": ""Targeting Cookies"", ""is_strictly_necessary"": false, ""is_ticked_by_default"": false}, {""title"": ""Vendor Search"", ""is_strictly_necessary"": false, ""is_ticked_by_default"": false}, {""title"": ""checkbox label"", ""is_strictly_necessary"": false, ""is_ticked_by_default"": false}, {""title"": ""Privacy Preference Center"", ""is_strictly_necessary"": false, ""is_ticked_by_default"": false}, {""title"": ""Manage Consent Preferences"", ""is_strictly_necessary"": false, ""is_ticked_by_default"": false}, {""title"": ""Back ButtonPerformance Cookies"", ""is_strictly_necessary"": false, ""is_ticked_by_default"": false}, {""title"": ""33Across"", ""is_strictly_necessary"": false, ""is_ticked_by_default"": false}, {""title"": ""Personalise Your Experience"", ""is_strictly_necessary"": false, ""is_ticked_by_default"": false}, {""title"": ""Strictly Necessary Cookies"", ""is_strictly_necessary"": true, ""is_ticked_by_default"": false}, {""title"": ""host description"", ""is_strictly_necessary"": false, ""is_ticked_by_default"": false}, {""title"": ""View Cookies"", ""is_strictly_necessary"": false, ""is_ticked_by_default"": false}]",0.6666666666666666,[],"We use cookies to enhance your shopping experience, improve site performance and to deliver personalised advertising across our marketing channels. Manage your settings in 'Set My Preferences' or learn more on ourPrivacy and Cookie Policy",1,FALSE,FALSE,FALSE,[],0,0,TRUE,FALSE
https://www.arnotts.ie/,2025-06-22T17:47:42.601903,Success,OneTrust,TRUE,FALSE,FALSE,TRUE,set my preferences,TRUE,21,0,1,"[{""title"": ""WomenMenKidsFurnitureToysBeautyHomeElectrical"", ""is_strictly_necessary"": false, ""is_ticked_by_default"": false}, {""title"": ""BOLD & BLUSHEDShop Charlotte Tilbury\u279eHOME SALEShop Offers\u279e"", ""is_strictly_necessary"": false, ""is_ticked_by_default"": false}, {""title"": ""Search the site"", ""is_strictly_necessary"": false, ""is_ticked_by_default"": false}, {""title"": ""Performance Cookies"", ""is_strictly_necessary"": false, ""is_ticked_by_default"": false}, {""title"": ""Functional Cookies"", ""is_strictly_necessary"": false, ""is_ticked_by_default"": false}, {""title"": ""Targeting Cookies"", ""is_strictly_necessary"": false, ""is_ticked_by_default"": false}, {""title"": ""Vendor Search"", ""is_strictly_necessary"": false, ""is_ticked_by_default"": false}, {""title"": ""checkbox label"", ""is_strictly_necessary"": false, ""is_ticked_by_default"": false}, {""title"": ""Store Services"", ""is_strictly_necessary"": false, ""is_ticked_by_default"": false}, {""title"": ""Sign Up To Our Email"", ""is_strictly_necessary"": false, ""is_ticked_by_default"": false}, {""title"": ""Earn & Spend Today"", ""is_strictly_necessary"": false, ""is_ticked_by_default"": false}, {""title"": ""Privacy Preference Center"", ""is_strictly_necessary"": false, ""is_ticked_by_default"": false}, {""title"": ""Manage Consent Preferences"", ""is_strictly_necessary"": false, ""is_ticked_by_default"": false}, {""title"": ""Back ButtonPerformance Cookies"", ""is_strictly_necessary"": false, ""is_ticked_by_default"": false}, {""title"": ""33Across"", ""is_strictly_necessary"": false, ""is_ticked_by_default"": false}, {""title"": ""Personalise Your Experience"", ""is_strictly_necessary"": false, ""is_ticked_by_default"": false}, {""title"": ""THE PERFECT CHOICE"", ""is_strictly_necessary"": false, ""is_ticked_by_default"": false}, {""title"": ""Strictly Necessary Cookies"", ""is_strictly_necessary"": true, ""is_ticked_by_default"": false}, {""title"": ""host description"", ""is_strictly_necessary"": false, ""is_ticked_by_default"": false}, {""title"": ""View Cookies"", ""is_strictly_necessary"": false, ""is_ticked_by_default"": false}, {""title"": ""Follow Us"", ""is_strictly_necessary"": false, ""is_ticked_by_default"": false}]",0.6666666666666666,[],"We use cookies to enhance your shopping experience, improve site performance and to deliver personalised advertising across our marketing channels. Manage your settings in 'Set My Preferences' or learn more on ourPrivacy and Cookie Policy",1,FALSE,FALSE,FALSE,[],0,0,TRUE,FALSE
https://www.elverys.ie/,2025-06-22T17:48:09.084497,Success,OneTrust,TRUE,TRUE,TRUE,TRUE,"cookie consent
we use cookies to provide visitors with the best possible experience on our website. these include site navigation, analytics, functionality, and targeting cookies which may be used in our marketing efforts. by clicking ""accept all cookies,"" you agree to the use of cookies and the processing of your personal data by us and selected third-party partners for ad personalisation. click the button to agree to the use of cookies or click 'cookie settings' to manage your preferences.view our cookies policy
reject all accept all cookies
cookie settings",TRUE,12,0,1,"[{""title"": ""Search"", ""is_strictly_necessary"": false, ""is_ticked_by_default"": false}, {""title"": ""Performance Cookies"", ""is_strictly_necessary"": false, ""is_ticked_by_default"": false}, {""title"": ""Functional Cookies"", ""is_strictly_necessary"": false, ""is_ticked_by_default"": false}, {""title"": ""Targeting Cookies"", ""is_strictly_necessary"": false, ""is_ticked_by_default"": false}, {""title"": ""checkbox label"", ""is_strictly_necessary"": false, ""is_ticked_by_default"": false}, {""title"": ""WOMEN"", ""is_strictly_necessary"": false, ""is_ticked_by_default"": false}, {""title"": ""MEN"", ""is_strictly_necessary"": false, ""is_ticked_by_default"": false}, {""title"": ""KIDS"", ""is_strictly_necessary"": false, ""is_ticked_by_default"": false}, {""title"": ""HOME GYM"", ""is_strictly_necessary"": false, ""is_ticked_by_default"": false}, {""title"": ""Manage Consent Preferences"", ""is_strictly_necessary"": false, ""is_ticked_by_default"": false}, {""title"": ""Cookie List"", ""is_strictly_necessary"": false, ""is_ticked_by_default"": false}, {""title"": ""Strictly Necessary Cookies"", ""is_strictly_necessary"": true, ""is_ticked_by_default"": false}]",1,[],"We use cookies to provide visitors with the best possible experience on our website. These include site navigation, analytics, functionality, and targeting cookies which may be used in our marketing efforts. By clicking ""Accept All Cookies,"" you agree to the use of cookies and the processing of your personal data by us and selected third-party partners for ad personalisation. Click the button to agree to the use of cookies or click 'Cookie Settings' to manage your preferences.View our Cookies Policy",6,FALSE,FALSE,FALSE,[],0,0,TRUE,FALSE
https://www.lifestylesports.com/ie/,2025-06-22T17:48:36.359168,Success,OneTrust,TRUE,FALSE,FALSE,TRUE,"we use cookies to give you the best experience on lifestylesports.com, measure how the site is used, give you a personalised shopping experience and personalise the life style sports adverts you see on other websites.cookie policy
manage cookies yes, that’s ok",TRUE,9,0,0,"[{""title"": ""PreviousNext12"", ""is_strictly_necessary"": false, ""is_ticked_by_default"": false}, {""title"": ""Clothing"", ""is_strictly_necessary"": false, ""is_ticked_by_default"": false}, {""title"": ""Footwear"", ""is_strictly_necessary"": false, ""is_ticked_by_default"": false}, {""title"": ""Accessories"", ""is_strictly_necessary"": false, ""is_ticked_by_default"": false}, {""title"": ""Swimwear"", ""is_strictly_necessary"": false, ""is_ticked_by_default"": false}, {""title"": ""Shop All"", ""is_strictly_necessary"": false, ""is_ticked_by_default"": false}, {""title"": ""Boy's Clothing"", ""is_strictly_necessary"": false, ""is_ticked_by_default"": false}, {""title"": ""Girl's Clothing"", ""is_strictly_necessary"": false, ""is_ticked_by_default"": false}, {""title"": ""Search Catalog"", ""is_strictly_necessary"": false, ""is_ticked_by_default"": false}]",0.6666666666666666,[],"We use cookies to give you the best experience on LifeStyleSports.com, measure how the site is used, give you a personalised shopping experience and personalise the Life Style Sports adverts you see on other websites.Cookie Policy",1,FALSE,FALSE,FALSE,[],0,0,TRUE,FALSE
https://www.musgrave.ie/,2025-06-22T17:48:56.670421,Success,OneTrust,TRUE,TRUE,TRUE,TRUE,"musgrave value your privacy
we use cookies and similar technologies to help our websites and apps work properly and to personalise your experience. we and our partners may use information about your devices, your online interactions and you, to provide, analyse and improve our services. this may include personalising content or advertising for you. click “accept all” below to consent to the use of all of this technology and any associated processing of your personal data for these purposes. click “cookie settings” to select which cookies to consent to. you can change your mind and change your consent choices at any time by clicking “cookie settings” or by returning to this site. see our cookie policy for more informationcookie policy
reject all cookies accept all cookies
cookies settings",TRUE,42,0,1,"[{""title"": ""All"", ""is_strictly_necessary"": false, ""is_ticked_by_default"": false}, {""title"": ""Careers"", ""is_strictly_necessary"": false, ""is_ticked_by_default"": false}, {""title"": ""Food Leadership"", ""is_strictly_necessary"": false, ""is_ticked_by_default"": false}, {""title"": ""Group"", ""is_strictly_necessary"": false, ""is_ticked_by_default"": false}, {""title"": ""Our brands"", ""is_strictly_necessary"": false, ""is_ticked_by_default"": false}, {""title"": ""Retail partners"", ""is_strictly_necessary"": false, ""is_ticked_by_default"": false}, {""title"": ""Sustainability"", ""is_strictly_necessary"": false, ""is_ticked_by_default"": false}, {""title"": ""Performance Cookies"", ""is_strictly_necessary"": false, ""is_ticked_by_default"": false}, {""title"": ""Functional Cookies"", ""is_strictly_necessary"": false, ""is_ticked_by_default"": false}, {""title"": ""Targeting Cookies"", ""is_strictly_necessary"": false, ""is_ticked_by_default"": false}, {""title"": ""Vendor Search"", ""is_strictly_necessary"": false, ""is_ticked_by_default"": false}, {""title"": ""checkbox label"", ""is_strictly_necessary"": false, ""is_ticked_by_default"": false}, {""title"": ""Videos from around the business"", ""is_strictly_necessary"": false, ""is_ticked_by_default"": false}, {""title"": ""Save the bees"", ""is_strictly_necessary"": false, ""is_ticked_by_default"": false}, {""title"": ""Musgrave NI - our story: Economic and social impact"", ""is_strictly_necessary"": false, ""is_ticked_by_default"": false}, {""title"": ""Our sustainability strategy launch at SuperValu Knocklyon"", ""is_strictly_necessary"": false, ""is_ticked_by_default"": false}, {""title"": ""Who we are"", ""is_strictly_necessary"": false, ""is_ticked_by_default"": false}, {""title"": ""Choices define us"", ""is_strictly_necessary"": false, ""is_ticked_by_default"": false}, {""title"": ""20,000 trees planted by Supervalu and Centra"", ""is_strictly_necessary"": false, ""is_ticked_by_default"": false}, {""title"": ""New Centra store for Waringstown following \u00a3500,000 investment"", ""is_strictly_necessary"": false, ""is_ticked_by_default"": false}, {""title"": ""New Centra launches in Scotch Street following \u00a31.3m investment"", ""is_strictly_necessary"": false, ""is_ticked_by_default"": false}, {""title"": ""Musgrave signs first of its kind all-island Corporate Power Purchase Agreement with SSE Airtricity"", ""is_strictly_necessary"": false, ""is_ticked_by_default"": false}, {""title"": ""SuperValu and Centra launch new charity partnership giving customers potential to donate \u20ac47m as part of DRS"", ""is_strictly_necessary"": false, ""is_ticked_by_default"": false}, {""title"": ""25 emerging producers launch in SuperValu stores after completing Food Academy programme"", ""is_strictly_necessary"": false, ""is_ticked_by_default"": false}, {""title"": ""Clifford\u2019s Centra celebrates sale of record-breaking \u20ac250 million EuroMillions ticket"", ""is_strictly_necessary"": false, ""is_ticked_by_default"": false}, {""title"": ""Musgrave Launches 2025 \u2018Gives Back\u2019 Drive After Raising \u20ac190,000 for Charity in 2024"", ""is_strictly_necessary"": false, ""is_ticked_by_default"": false}, {""title"": ""Musgrave Announces \u00a31.2 Billion Annual Contribution to the Northern Ireland Economy"", ""is_strictly_necessary"": false, ""is_ticked_by_default"": false}, {""title"": ""Guaranteed Irish Celebrates Food & Drink Month with \u20ac50,000 Media Bursary sponsored by SuperValu"", ""is_strictly_necessary"": false, ""is_ticked_by_default"": false}, {""title"": ""We own 18 retail and wholesale brands"", ""is_strictly_necessary"": false, ""is_ticked_by_default"": false}, {""title"": ""Most popular stories"", ""is_strictly_necessary"": false, ""is_ticked_by_default"": false}, {""title"": ""Noel Keeley appointed as new Musgrave CEO"", ""is_strictly_necessary"": false, ""is_ticked_by_default"": false}, {""title"": ""Musgrave announces transformative sustainability agenda to reduce and eliminate plastic usage and slash carbon footprint"", ""is_strictly_necessary"": false, ""is_ticked_by_default"": false}, {""title"": ""Drive-Thru First for Convenience Retail Brand"", ""is_strictly_necessary"": false, ""is_ticked_by_default"": false}, {""title"": ""Your Privacy"", ""is_strictly_necessary"": false, ""is_ticked_by_default"": false}, {""title"": ""Manage Consent Preferences"", ""is_strictly_necessary"": false, ""is_ticked_by_default"": false}, {""title"": ""Back ButtonPerformance Cookies"", ""is_strictly_necessary"": false, ""is_ticked_by_default"": false}, {""title"": ""Musgrave Value Your Privacy"", ""is_strictly_necessary"": false, ""is_ticked_by_default"": false}, {""title"": ""Our sustainability strategy"", ""is_strictly_necessary"": false, ""is_ticked_by_default"": false}, {""title"": ""Food leadership for more than 140 years"", ""is_strictly_necessary"": false, ""is_ticked_by_default"": false}, {""title"": ""Supporting retailers and communities in Ireland and Spain"", ""is_strictly_necessary"": false, ""is_ticked_by_default"": false}, {""title"": ""Doyles Veg Prep is a leading supplier of prepared vegetables, fruit, whole vegetables, dairy and cheese to the Irish foodservice industry."", ""is_strictly_necessary"": false, ""is_ticked_by_default"": false}, {""title"": ""Strictly Necessary Cookies"", ""is_strictly_necessary"": true, ""is_ticked_by_default"": false}]",1,[],"We use cookies and similar technologies to help our websites and apps work properly and to personalise your experience. We and our partners may use information about your devices, your online interactions and you, to provide, analyse and improve our services. This may include personalising content or advertising for you. Click “Accept All” below to consent to the use of all of this technology and any associated processing of your personal data for these purposes. Click “Cookie Settings” to select which cookies to consent to. You can change your mind and change your consent choices at any time by clicking “Cookie Settings” or by returning to this site. See our Cookie Policy for more informationCookie Policy",15,FALSE,FALSE,FALSE,[],0,0,TRUE,FALSE
https://www.carphonewarehouse.ie/,2025-06-22T17:49:15.426382,Failed,None,FALSE,FALSE,FALSE,FALSE,,FALSE,0,0,0,[],0,['Critical error: WebDriverException'],,0,FALSE,FALSE,FALSE,[],0,0,FALSE,FALSE
https://www.currys.ie/,2025-06-22T17:50:42.010139,Success,OneTrust,TRUE,TRUE,FALSE,TRUE,view our privacy policy,TRUE,26,0,1,"[{""title"": ""Essential"", ""is_strictly_necessary"": true, ""is_ticked_by_default"": false}, {""title"": ""First Party Performance Cookies"", ""is_strictly_necessary"": false, ""is_ticked_by_default"": false}, {""title"": ""Analytics"", ""is_strictly_necessary"": false, ""is_ticked_by_default"": false}, {""title"": ""Functional Cookies"", ""is_strictly_necessary"": false, ""is_ticked_by_default"": false}, {""title"": ""Marketing Cookies"", ""is_strictly_necessary"": false, ""is_ticked_by_default"": false}, {""title"": ""Your Privacy"", ""is_strictly_necessary"": false, ""is_ticked_by_default"": false}, {""title"": ""Join Currys PerksFor exclusive discounts, rewards, giveaways & lots more."", ""is_strictly_necessary"": false, ""is_ticked_by_default"": false}, {""title"": ""checkbox label"", ""is_strictly_necessary"": false, ""is_ticked_by_default"": false}, {""title"": ""Cookie List"", ""is_strictly_necessary"": false, ""is_ticked_by_default"": false}, {""title"": ""Lovely laptops for less"", ""is_strictly_necessary"": false, ""is_ticked_by_default"": false}, {""title"": ""Stay safe online with Currys Secure VPN"", ""is_strictly_necessary"": false, ""is_ticked_by_default"": false}, {""title"": ""Top TV offers"", ""is_strictly_necessary"": false, ""is_ticked_by_default"": false}, {""title"": ""Kit out your kitchen!"", ""is_strictly_necessary"": false, ""is_ticked_by_default"": false}, {""title"": ""Shop AirPods Pro 2"", ""is_strictly_necessary"": false, ""is_ticked_by_default"": false}, {""title"": ""Power up your PC gaming"", ""is_strictly_necessary"": false, ""is_ticked_by_default"": false}, {""title"": ""Vac-tastic offers!"", ""is_strictly_necessary"": false, ""is_ticked_by_default"": false}, {""title"": ""Shop top Samsung Galaxy smartphones"", ""is_strictly_necessary"": false, ""is_ticked_by_default"": false}, {""title"": ""Beyond quiet. Transcendent sound."", ""is_strictly_necessary"": false, ""is_ticked_by_default"": false}, {""title"": ""Step it up for summer"", ""is_strictly_necessary"": false, ""is_ticked_by_default"": false}, {""title"": ""Accessorize your gaming"", ""is_strictly_necessary"": false, ""is_ticked_by_default"": false}, {""title"": ""Pack light, play loud!"", ""is_strictly_necessary"": false, ""is_ticked_by_default"": false}, {""title"": ""Help & support"", ""is_strictly_necessary"": false, ""is_ticked_by_default"": false}, {""title"": ""Services"", ""is_strictly_necessary"": false, ""is_ticked_by_default"": false}, {""title"": ""Insurance"", ""is_strictly_necessary"": false, ""is_ticked_by_default"": false}, {""title"": ""Our websites"", ""is_strictly_necessary"": false, ""is_ticked_by_default"": false}, {""title"": ""About us"", ""is_strictly_necessary"": false, ""is_ticked_by_default"": false}]",0.8333333333333334,[],"We use cookies - these small but mighty files allow us to deliver a functional and helpful experience, tailored specifically to you. Some cookies are used for ads personalisation. If you prefer to reject cookies, or manage which ones are used, that's cool too. Disabling cookies means your experience on our site will be limited to required functionality only.View our cookies policyView our privacy policy",0,FALSE,FALSE,FALSE,[],0,0,TRUE,FALSE
https://www.harveynorman.ie/,2025-06-22T17:52:21.057140,Success,OneTrust,TRUE,TRUE,TRUE,TRUE,"here at harvey norman we use cookies to provide you with the best possible experience on our website. by clicking ""accept all cookies"", you agree to the storing of cookies on your device to enhance site navigation, analyze site usage, and assist in our marketing efforts. privacy & cookie policy
cookies settings reject all accept all cookies",TRUE,34,0,0,"[{""title"": ""Current Location"", ""is_strictly_necessary"": false, ""is_ticked_by_default"": false}, {""title"": ""DRIVING"", ""is_strictly_necessary"": false, ""is_ticked_by_default"": false}, {""title"": ""BICYCLING"", ""is_strictly_necessary"": false, ""is_ticked_by_default"": false}, {""title"": ""WALKING"", ""is_strictly_necessary"": false, ""is_ticked_by_default"": false}, {""title"": ""Shop"", ""is_strictly_necessary"": false, ""is_ticked_by_default"": false}, {""title"": ""Customer Service"", ""is_strictly_necessary"": false, ""is_ticked_by_default"": false}, {""title"": ""General"", ""is_strictly_necessary"": false, ""is_ticked_by_default"": false}, {""title"": ""Gift Registry"", ""is_strictly_necessary"": false, ""is_ticked_by_default"": false}, {""title"": ""Explore More"", ""is_strictly_necessary"": false, ""is_ticked_by_default"": false}, {""title"": ""My Account"", ""is_strictly_necessary"": false, ""is_ticked_by_default"": false}, {""title"": ""Follow Us On"", ""is_strictly_necessary"": false, ""is_ticked_by_default"": false}, {""title"": ""Newsletter"", ""is_strictly_necessary"": false, ""is_ticked_by_default"": false}, {""title"": ""Select Location"", ""is_strictly_necessary"": false, ""is_ticked_by_default"": false}, {""title"": ""###_store_name_###"", ""is_strictly_necessary"": false, ""is_ticked_by_default"": false}, {""title"": ""Please confirm your selection"", ""is_strictly_necessary"": false, ""is_ticked_by_default"": false}, {""title"": ""###_storename_###"", ""is_strictly_necessary"": false, ""is_ticked_by_default"": false}, {""title"": ""Store Picker"", ""is_strictly_necessary"": false, ""is_ticked_by_default"": false}, {""title"": ""Sofas"", ""is_strictly_necessary"": false, ""is_ticked_by_default"": false}, {""title"": ""Home Appliances"", ""is_strictly_necessary"": false, ""is_ticked_by_default"": false}, {""title"": ""Bedroom"", ""is_strictly_necessary"": false, ""is_ticked_by_default"": false}, {""title"": ""Television & Audio"", ""is_strictly_necessary"": false, ""is_ticked_by_default"": false}, {""title"": ""Computers & Tablets"", ""is_strictly_necessary"": false, ""is_ticked_by_default"": false}, {""title"": ""Furniture"", ""is_strictly_necessary"": false, ""is_ticked_by_default"": false}, {""title"": ""Sim Free Phones"", ""is_strictly_necessary"": false, ""is_ticked_by_default"": false}, {""title"": ""Linen"", ""is_strictly_necessary"": false, ""is_ticked_by_default"": false}, {""title"": ""Solar"", ""is_strictly_necessary"": false, ""is_ticked_by_default"": false}, {""title"": ""Outdoor"", ""is_strictly_necessary"": false, ""is_ticked_by_default"": false}, {""title"": ""Connected Home"", ""is_strictly_necessary"": false, ""is_ticked_by_default"": false}, {""title"": ""Vacuum Cleaners"", ""is_strictly_necessary"": false, ""is_ticked_by_default"": false}, {""title"": ""###_product_title_###"", ""is_strictly_necessary"": false, ""is_ticked_by_default"": false}, {""title"": ""Store Address"", ""is_strictly_necessary"": false, ""is_ticked_by_default"": false}, {""title"": ""Opening Hours"", ""is_strictly_necessary"": false, ""is_ticked_by_default"": false}, {""title"": ""Travel Mode"", ""is_strictly_necessary"": false, ""is_ticked_by_default"": false}, {""title"": ""Stores"", ""is_strictly_necessary"": false, ""is_ticked_by_default"": false}]",1,[],"Here at Harvey Norman we use cookies to provide you with the best possible experience on our website. By clicking ""Accept All Cookies"", you agree to the storing of cookies on your device to enhance site navigation, analyze site usage, and assist in our marketing efforts. Privacy & Cookie Policy",0,FALSE,FALSE,FALSE,[],0,0,TRUE,FALSE
https://www.donegalcoco.ie/,2025-06-22T17:52:44.875554,Failed,Cookiebot,FALSE,FALSE,FALSE,FALSE,,FALSE,0,0,0,[],0,['No consent banner found with any selector'],,0,FALSE,FALSE,FALSE,[],0,0,FALSE,FALSE
https://www.corkcity.ie/,2025-06-22T17:52:59.853751,Success,Cookiebot,TRUE,FALSE,FALSE,TRUE,"consent selection
necessary
preferences
statistics
marketing
show details",TRUE,10,0,0,"[{""title"": ""You will need to accept all cookies to view this content. You can change your consenthere."", ""is_strictly_necessary"": false, ""is_ticked_by_default"": false}, {""title"": ""Necessary"", ""is_strictly_necessary"": false, ""is_ticked_by_default"": false}, {""title"": ""Preferences"", ""is_strictly_necessary"": false, ""is_ticked_by_default"": false}, {""title"": ""Statistics"", ""is_strictly_necessary"": false, ""is_ticked_by_default"": false}, {""title"": ""Marketing"", ""is_strictly_necessary"": false, ""is_ticked_by_default"": false}, {""title"": ""Do not sell or share my personal information"", ""is_strictly_necessary"": false, ""is_ticked_by_default"": false}, {""title"": ""Consent Selection"", ""is_strictly_necessary"": false, ""is_ticked_by_default"": false}, {""title"": ""Transformative plans for city\u2019s North Docks launched"", ""is_strictly_necessary"": false, ""is_ticked_by_default"": false}, {""title"": ""Cork will rock like never before for Rory Gallagher's 30th anniversary"", ""is_strictly_necessary"": false, ""is_ticked_by_default"": false}, {""title"": ""Glenbride, Kilnap, Old Mallow Road Affordable Scheme Now Live"", ""is_strictly_necessary"": false, ""is_ticked_by_default"": false}]",0.6666666666666666,[],"These cookies are used for; statistical purposes, to help us analyse our web traffic, and to facilitate third-party content. We encourage you to learn more about cookies we use by visiting our cookies information page, accessed from the footer of this website.",23,FALSE,FALSE,FALSE,[],0,0,TRUE,FALSE
https://www.welfare.ie/,2025-06-22T17:53:29.122878,Success,Unknown/Custom,TRUE,TRUE,FALSE,TRUE,"a notice about cookies
this website uses cookies to collect information about how you use this site. this information is used to make the website work as well as possible. more details available in our cookie and privacy policies.
accept all cookies
necessary cookies only
manage cookies",TRUE,9,0,0,"[{""title"": ""Searchsearchclose"", ""is_strictly_necessary"": false, ""is_ticked_by_default"": false}, {""title"": ""menuclose"", ""is_strictly_necessary"": false, ""is_ticked_by_default"": false}, {""title"": ""Allow"", ""is_strictly_necessary"": false, ""is_ticked_by_default"": false}, {""title"": ""Phone Number Directory"", ""is_strictly_necessary"": false, ""is_ticked_by_default"": false}, {""title"": ""Department of Social Protection"", ""is_strictly_necessary"": false, ""is_ticked_by_default"": false}, {""title"": ""Manage cookie preferences"", ""is_strictly_necessary"": false, ""is_ticked_by_default"": false}, {""title"": ""Cookies that help with our communications"", ""is_strictly_necessary"": false, ""is_ticked_by_default"": false}, {""title"": ""Search gov.ie"", ""is_strictly_necessary"": false, ""is_ticked_by_default"": false}, {""title"": ""Cookie preferences"", ""is_strictly_necessary"": false, ""is_ticked_by_default"": false}]",0.8333333333333334,[],This website uses cookies to collect information about how you use this site. This information is used to make the website work as well as possible. More details available in our cookie and privacy policies.,0,FALSE,FALSE,FALSE,[],0,0,TRUE,FALSE
https://www.spunout.ie/,2025-06-22T17:53:47.381492,Success,Cookiebot,TRUE,FALSE,FALSE,TRUE,"increase text
decrease text
grayscale
high contrast
negative contrast
light background
links underline
readable font
reset
sitemap",TRUE,20,0,0,"[{""title"": ""Necessary"", ""is_strictly_necessary"": false, ""is_ticked_by_default"": false}, {""title"": ""Preferences"", ""is_strictly_necessary"": false, ""is_ticked_by_default"": false}, {""title"": ""Statistic cookies"", ""is_strictly_necessary"": false, ""is_ticked_by_default"": false}, {""title"": ""Marketing"", ""is_strictly_necessary"": false, ""is_ticked_by_default"": false}, {""title"": ""Do not sell or share my personal information"", ""is_strictly_necessary"": false, ""is_ticked_by_default"": false}, {""title"": ""Feeling stressed or low"", ""is_strictly_necessary"": false, ""is_ticked_by_default"": false}, {""title"": ""Finding support"", ""is_strictly_necessary"": false, ""is_ticked_by_default"": false}, {""title"": ""Understanding mental health"", ""is_strictly_necessary"": false, ""is_ticked_by_default"": false}, {""title"": ""Difficulties with family/friends/relationships"", ""is_strictly_necessary"": false, ""is_ticked_by_default"": false}, {""title"": ""Specific mental health difficulties"", ""is_strictly_necessary"": false, ""is_ticked_by_default"": false}, {""title"": ""Consent Selection"", ""is_strictly_necessary"": false, ""is_ticked_by_default"": false}, {""title"": ""What is anxiety?"", ""is_strictly_necessary"": false, ""is_ticked_by_default"": false}, {""title"": ""How to practise self-care"", ""is_strictly_necessary"": false, ""is_ticked_by_default"": false}, {""title"": ""How to cope with suicidal thoughts in the moment"", ""is_strictly_necessary"": false, ""is_ticked_by_default"": false}, {""title"": ""How to get help for an eating disorder"", ""is_strictly_necessary"": false, ""is_ticked_by_default"": false}, {""title"": ""I\u2019m having intrusive thoughts. Do I have OCD?"", ""is_strictly_necessary"": false, ""is_ticked_by_default"": false}, {""title"": ""How to recover from self-harm"", ""is_strictly_necessary"": false, ""is_ticked_by_default"": false}, {""title"": ""Ireland\u2019s online learning platform for mental health and emotional wellbeing"", ""is_strictly_necessary"": false, ""is_ticked_by_default"": false}, {""title"": ""Categories"", ""is_strictly_necessary"": false, ""is_ticked_by_default"": false}, {""title"": ""Follow us"", ""is_strictly_necessary"": false, ""is_ticked_by_default"": false}]",0.6666666666666666,[],,3,FALSE,FALSE,FALSE,[],0,0,TRUE,FALSE
